id_cliente,nome_cliente,email,saldo_da_conta,tem_cartao_credito,tem_seguro,tem_clube_livelo,bandeira_cartao,nome_cartao_credito,qto_tempo_sem_movimentar_conta,opt_in_out,idade,genero,profissao,renda_presumida,id_endereco,cep_num,cep_formatado,uf,cidade,bairro,tipo_logradouro,logradouro,latitude,longitude,h3_res6,h3_res8
1,Eduardo Ferreira,10354.3540@email.com,125395.5,Nao,Sim,Sim,null,null,109,Sim,67,M,Funcionario Publico,null,null,null,null,null,null,null,null,null,null,null,null,null
2,Leonardo Moreira,10413.4130@email.com,93960.5,Sim,Sim,Sim,Mastercard,Infinite,28,Sim,66,M,Estudante,null,null,null,null,null,null,null,null,null,null,null,null,null
3,Renata Carvalho,10594.5948@email.com,55192,Sim,Nao,Sim,Mastercard,Infinite,119,Sim,59,M,Autonomo,null,null,null,null,null,null,null,null,null,null,null,null,null
4,Pedro Ribeiro,10651.6512@email.com,64163,Sim,Sim,Sim,VISA,Gold,116,Nao,31,F,Prof Liberal,14000,4,20010030,20010-030,RJ,RIO DE JANEIRO,CENTRO,TRAVESSA,TINOCO,-24.8357715580161,-49.77048718008207,86a804777ffffff,88a804770bfffff
5,Jorge Santos,10818.8188@email.com,26971,Sim,Sim,Sim,VISA,Platinum,25,Sim,66,M,Funcionario Publico,20000,5,20010040,20010-040,RJ,RIO DE JANEIRO,CENTRO,TRAVESSA,TOCANTINS,-23.59342498162911,-46.401207629372315,86a81046fffffff,88a81046c3fffff
6,Maria Nascimento,11175.1756@email.com,85966.5,Sim,Nao,Sim,VISA,Platinum,139,Sim,41,M,Prof Liberal,null,null,null,null,null,null,null,null,null,null,null,null,null
7,Ana Nascimento,ana.6797@email.com,184160,Nao,Sim,Sim,null,null,69,Sim,37,M,Prof Liberal,12000,7,20010060,20010-060,RJ,RIO DE JANEIRO,CENTRO,RUA,VISCONDE DE ITABORAI,-24.963989107955424,-46.18450409982792,86a814c9fffffff,88a814c9c5fffff
8,Natalia Pereira,12145.1450@email.com,94039,Nao,Sim,Sim,null,null,42,Sim,75,M,Prof Liberal,null,null,null,null,null,null,null,null,null,null,null,null,null
9,Maria Martins,12759.7597@email.com,46301,Nao,Nao,Sim,null,null,55,Sim,42,M,Aposentado,null,null,null,null,null,null,null,null,null,null,null,null,null
10,Rafael Pereira,13666.6662@email.com,105778,Sim,Sim,Sim,Mastercard,DUX,112,Sim,52,M,Funcionario Publico,null,null,null,null,null,null,null,null,null,null,null,null,null
11,Natalia Teixeira,14618.6187@email.com,161486,Sim,Sim,Sim,Mastercard,Platinum,75,Sim,58,M,Aposentado,null,null,null,null,null,null,null,null,null,null,null,null,null
12,Gabriela Melo,15481.4812@email.com,192748,Sim,Nao,Nao,VISA,Connect,51,Sim,78,F,Funcionario Publico,null,null,null,null,null,null,null,null,null,null,null,null,null
13,Tatiana Almeida,15793.7938@email.com,173923,Nao,Sim,Sim,null,null,84,Sim,30,M,Aposentado,18000,13,20010120,20010-120,RJ,RIO DE JANEIRO,CENTRO,RUA,DO MERCADO,-23.615268885725186,-51.79399137787689,86a82a757ffffff,88a82a7559fffff
14,Beatriz Oliveira,15995.9959@email.com,148213.5,Sim,Nao,Sim,Mastercard,Platinum,143,Nao,19,M,Prof Liberal,6000,14,20010130,20010-130,RJ,RIO DE JANEIRO,CENTRO,RUA,DOS MERCADORES,-25.309762437508414,-50.97974329609552,86a8233b7ffffff,88a823386dfffff
15,Vanessa Ferreira,16153.1530@email.com,108503,Sim,Sim,Sim,VISA,DUX,1,Sim,77,F,Prof Liberal,null,null,null,null,null,null,null,null,null,null,null,null,null
16,Matheus Araujo,16832.8328@email.com,19538,Sim,Nao,Sim,VISA,Infinite,89,Sim,62,M,Autonomo,null,null,null,null,null,null,null,null,null,null,null,null,null
17,Larissa Moreira,17407.4070@email.com,198226,Nao,Nao,Nao,null,null,89,Sim,75,M,Funcionario Publico,null,null,null,null,null,null,null,null,null,null,null,null,null
18,Denise Nascimento,17611.6115@email.com,139818.5,Sim,Sim,Sim,VISA,Gold,130,Sim,25,F,Prof Liberal,null,null,null,null,null,null,null,null,null,null,null,null,null
19,Natalia Oliveira,17637.6372@email.com,104859,Sim,Sim,Nao,Mastercard,Platinum,76,Nao,63,M,Funcionario Publico,null,null,null,null,null,null,null,null,null,null,null,null,null
20,Rafael Martins,18058.0580@email.com,86726,Sim,Sim,Sim,Mastercard,Connect,38,Sim,40,M,Estudante,null,null,null,null,null,null,null,null,null,null,null,null,null
21,Natalia Lima,18933.9336@email.com,207785.5,Nao,Sim,Sim,null,null,30,Sim,87,M,Estudante,null,null,null,null,null,null,null,null,null,null,null,null,null
22,Fernanda Martins,19420.4208@email.com,90043,Sim,Sim,Sim,Mastercard,DUX,100,Sim,84,M,Prof Liberal,null,null,null,null,null,null,null,null,null,null,null,null,null
23,Camila Carvalho,20737.7371@email.com,78145,Nao,Sim,Nao,null,null,101,Sim,56,M,Prof Liberal,null,null,null,null,null,null,null,null,null,null,null,null,null
24,Andre Ferreira,20872.8720@email.com,140513,Sim,Sim,Sim,Mastercard,Infinite,62,Sim,52,M,Funcionario Publico,null,null,null,null,null,null,null,null,null,null,null,null,null
25,Isabela Ferreira,21494.4943@email.com,143437,Sim,Sim,Sim,Mastercard,DUX,26,Sim,58,M,Funcionario Publico,null,null,null,null,null,null,null,null,null,null,null,null,null
26,Camila Barbosa,22540.5404@email.com,190557,Sim,Sim,Sim,Mastercard,Connect,26,Sim,72,M,Prof Liberal,10000,26,20020000,20020-000,RJ,RIO DE JANEIRO,CENTRO,AVENIDA,ERASMO BRAGA,-23.63404882848343,-44.2564624587449,86a8a544fffffff,88a8a54413fffff
27,Carlos Lima,carlos.9014@email.com,70904,Sim,Nao,Nao,VISA,Gold,82,Sim,77,M,Estudante,null,null,null,null,null,null,null,null,null,null,null,null,null
28,Helena Melo,23142.1424@email.com,208431,Nao,Sim,Sim,null,null,110,Sim,31,M,Prof Liberal,null,null,null,null,null,null,null,null,null,null,null,null,null
29,Patricia Nascimento,23212.2126@email.com,111284,Sim,Nao,Nao,VISA,Infinite,13,Sim,19,M,Prof Liberal,null,null,null,null,null,null,null,null,null,null,null,null,null
30,Claudia Pereira,24381.3812@email.com,118481,Sim,Nao,Sim,VISA,Infinite,23,Nao,60,M,Prof Liberal,null,null,null,null,null,null,null,null,null,null,null,null,null
31,Fernando Teixeira,24432.4327@email.com,30062,Sim,Sim,Sim,VISA,DUX,97,Sim,58,M,Prof Liberal,null,null,null,null,null,null,null,null,null,null,null,null,null
32,Renata Pereira,25707.7070@email.com,199692,Nao,Sim,Sim,null,null,10,Sim,37,M,Estudante,null,null,null,null,null,null,null,null,null,null,null,null,null
33,Vanessa Oliveira,25851.8515@email.com,111789,Nao,Sim,Sim,null,null,60,Sim,52,M,Prof Liberal,null,null,null,null,null,null,null,null,null,null,null,null,null
34,Thiago Moreira,25917.9178@email.com,92039,Sim,Nao,Sim,VISA,DUX,110,Sim,23,M,Aposentado,null,null,null,null,null,null,null,null,null,null,null,null,null
35,Larissa Teixeira,26094.0947@email.com,96599,Sim,Nao,Sim,VISA,Platinum,143,Sim,41,F,Prof Liberal,null,null,null,null,null,null,null,null,null,null,null,null,null
36,Marcos Pereira,26424.4247@email.com,179647,Nao,Nao,Sim,null,null,110,Sim,35,M,Prof Liberal,6000,36,20020090,20020-090,RJ,RIO DE JANEIRO,CENTRO,PRACA,MINISTRO EDUARDO ESPINOLA,-24.8255188710574,-45.1000495832683,86a98ba57ffffff,88a98ba543fffff
37,Helena Almeida,26439.4390@email.com,146171,Sim,Sim,Sim,VISA,Platinum,49,Sim,23,M,Prof Liberal,null,null,null,null,null,null,null,null,null,null,null,null,null
38,Diego Ribeiro,26703.7030@email.com,33726,Nao,Sim,Sim,null,null,1,Sim,65,F,Funcionario Publico,null,null,null,null,null,null,null,null,null,null,null,null,null
39,Maria Barbosa,28323.3233@email.com,40341,Sim,Sim,Sim,VISA,Gold,127,Sim,58,M,Prof Liberal,null,null,null,null,null,null,null,null,null,null,null,null,null
40,Claudia Teixeira,28744.7440@email.com,33783,Nao,Nao,Nao,null,null,23,Nao,27,F,Aposentado,null,null,null,null,null,null,null,null,null,null,null,null,null
41,Vanessa Santos,28754.7543@email.com,114575,Nao,Sim,Nao,null,null,65,Sim,35,M,Prof Liberal,11000,41,20021030,20021-030,RJ,RIO DE JANEIRO,GLORIA,JARDIM,DOS ARTISTAS,-24.05450342484207,-51.528651468489144,86a82acc7ffffff,88a82acc27fffff
42,Camila Carvalho,29086.0861@email.com,79145,Nao,Sim,Sim,null,null,38,Sim,19,M,Funcionario Publico,null,null,null,null,null,null,null,null,null,null,null,null,null
43,Tatiana Moreira,29182.1820@email.com,40548,Sim,Sim,Sim,VISA,Connect,0,Sim,48,M,Funcionario Publico,null,null,null,null,null,null,null,null,null,null,null,null,null
44,Maria Araujo,30202.2027@email.com,82381,Nao,Sim,Sim,null,null,105,Nao,42,M,Prof Liberal,null,null,null,null,null,null,null,null,null,null,null,null,null
45,Marcos Souza,30378.3788@email.com,175967,Nao,Sim,Sim,null,null,5,Nao,40,M,Autonomo,null,null,null,null,null,null,null,null,null,null,null,null,null
46,Juliana Gomes,30777.7779@email.com,124374.5,Sim,Nao,Sim,VISA,DUX,112,Sim,51,M,Funcionario Publico,5000,46,20021080,20021-080,RJ,RIO DE JANEIRO,CENTRO,BECO,DOS CARMELITAS,-20.53874106678424,-52.40916254999596,86a856d1fffffff,88a856d1a3fffff
47,Natalia Ribeiro,31148.1484@email.com,139177,Sim,Sim,Nao,VISA,DUX,128,Nao,86,M,Autonomo,21000,47,20021090,20021-090,RJ,RIO DE JANEIRO,CENTRO,PRACA,DEODORO,-22.416405649006492,-49.82958727211742,86a81d91fffffff,88a81d91a9fffff
48,Fernanda Santos,31300.3002@email.com,112403,Sim,Sim,Sim,VISA,Infinite,90,Sim,56,F,Estudante,null,null,null,null,null,null,null,null,null,null,null,null,null
49,Carolina Barbosa,31897.8974@email.com,83438,Sim,Sim,Sim,VISA,Platinum,20,Sim,20,M,Prof Liberal,null,null,null,null,null,null,null,null,null,null,null,null,null
50,Patricia Pereira,32209.2093@email.com,15591.5,Sim,Sim,Sim,VISA,Gold,118,Sim,77,M,Funcionario Publico,null,null,null,null,null,null,null,null,null,null,null,null,null
51,Camila Nascimento,33292.2925@email.com,54418,Sim,Sim,Sim,Mastercard,Platinum,136,Sim,64,M,Aposentado,null,null,null,null,null,null,null,null,null,null,null,null,null
52,Bruno Oliveira,33616.6166@email.com,43905,Nao,Sim,Nao,null,null,39,Nao,42,M,Prof Liberal,8000,52,20021140,20021-140,RJ,RIO DE JANEIRO,GLORIA,AVENIDA,INFANTE DOM HENRIQUE,-24.143261360570868,-49.35022638234778,86a800507ffffff,88a8005015fffff
53,Vanessa Ferreira,33839.8393@email.com,7049,Sim,Nao,Nao,VISA,Gold,51,Sim,46,F,Aposentado,null,null,null,null,null,null,null,null,null,null,null,null,null
54,Jorge Silva,33884.8841@email.com,27973,Sim,Nao,Nao,VISA,Platinum,10,Sim,21,M,Prof Liberal,null,null,null,null,null,null,null,null,null,null,null,null,null
55,Larissa Lima,33972.9721@email.com,149906,Nao,Sim,Sim,null,null,88,Sim,54,M,Estudante,5000,55,20021170,20021-170,RJ,RIO DE JANEIRO,CENTRO,LARGO,DA LAPA,-20.776500831138613,-47.07328088548509,86a81a4d7ffffff,88a81a4d05fffff
56,Gabriela Silva,34225.2258@email.com,34608,Sim,Nao,Sim,VISA,Gold,43,Sim,26,M,Autonomo,null,null,null,null,null,null,null,null,null,null,null,null,null
57,Simone Souza,34267.2671@email.com,59173,Nao,Sim,Sim,null,null,77,Sim,63,M,Aposentado,null,null,null,null,null,null,null,null,null,null,null,null,null
58,Fernanda Gomes,34806.8067@email.com,75743,Nao,Nao,Sim,null,null,148,Sim,68,M,Prof Liberal,null,null,null,null,null,null,null,null,null,null,null,null,null
59,Gabriela Araujo,34942.9421@email.com,118128,Sim,Sim,Nao,Mastercard,Gold,61,Nao,27,M,Aposentado,null,null,null,null,null,null,null,null,null,null,null,null,null
60,Ana Oliveira,ana.0530@email.com,4480,Sim,Sim,Sim,Mastercard,Connect,100,Sim,69,M,Prof Liberal,null,null,null,null,null,null,null,null,null,null,null,null,null
61,Priscila Moreira,36173.1732@email.com,37645,Nao,Sim,Sim,null,null,104,Sim,41,M,Estudante,2000,61,20021230,20021-230,RJ,RIO DE JANEIRO,CENTRO,LARGO,DA MISERICORDIA,-21.656390554503094,-49.240627146044574,86a818b77ffffff,88a818b75bfffff
62,Patricia Costa,36786.7868@email.com,159644,Sim,Sim,Nao,Mastercard,Infinite,70,Sim,36,M,Prof Liberal,13000,62,20021240,20021-240,RJ,RIO DE JANEIRO,CENTRO,LADEIRA,DA MISERICORDIA,-20.56048468432021,-46.433461567153756,86a8a918fffffff,88a8a918c1fffff
63,Fernanda Oliveira,36997.9973@email.com,74803,Sim,Sim,Nao,Mastercard,Infinite,122,Sim,79,M,Autonomo,null,null,null,null,null,null,null,null,null,null,null,null,null
64,Tatiana Rodrigues,38057.0578@email.com,21528,Sim,Sim,Nao,Mastercard,DUX,52,Sim,43,F,Funcionario Publico,19000,64,20021260,20021-260,RJ,RIO DE JANEIRO,CENTRO,RUA,MORAIS E VALE,-24.5124034796818,-47.881740389180564,86a81580fffffff,88a81580e1fffff
65,Gabriela Santos,38544.5447@email.com,15928,Nao,Sim,Sim,null,null,86,Sim,61,M,Prof Liberal,null,null,null,null,null,null,null,null,null,null,null,null,null
66,Maria Rodrigues,38572.5723@email.com,40641,Sim,Sim,Sim,VISA,Connect,137,Sim,25,M,Autonomo,null,null,null,null,null,null,null,null,null,null,null,null,null
67,Helena Carvalho,38624.6241@email.com,71329,Sim,Nao,Sim,VISA,Gold,133,Sim,37,M,Funcionario Publico,null,null,null,null,null,null,null,null,null,null,null,null,null
68,Matheus Pereira,39091.0916@email.com,77698,Sim,Sim,Sim,Mastercard,Infinite,14,Sim,34,M,Funcionario Publico,null,null,null,null,null,null,null,null,null,null,null,null,null
69,Simone Teixeira,39199.1998@email.com,37313,Nao,Nao,Sim,null,null,147,Sim,52,M,Prof Liberal,null,null,null,null,null,null,null,null,null,null,null,null,null
70,Renata Santos,39419.4193@email.com,29972,Sim,Sim,Nao,VISA,DUX,17,Sim,46,M,Prof Liberal,null,null,null,null,null,null,null,null,null,null,null,null,null
71,Fernanda Almeida,39613.6138@email.com,63843.5,Nao,Nao,Sim,null,null,120,Nao,26,M,Autonomo,null,null,null,null,null,null,null,null,null,null,null,null,null
72,Carolina Moreira,40334.3346@email.com,199138,Sim,Sim,Sim,Mastercard,Infinite,33,Sim,80,F,Funcionario Publico,10000,72,20021340,20021-340,RJ,RIO DE JANEIRO,CENTRO,PRACA,SENADOR SALGADO FILHO,-23.365398002660264,-53.010946257219025,86a82b147ffffff,88a82b1451fffff
73,Beatriz Melo,40434.4345@email.com,12527,Sim,Nao,Nao,VISA,Connect,54,Sim,63,M,Prof Liberal,null,null,null,null,null,null,null,null,null,null,null,null,null
74,Helena Teixeira,40726.7268@email.com,103709.5,Sim,Sim,Sim,Mastercard,Gold,54,Sim,78,M,Prof Liberal,null,null,null,null,null,null,null,null,null,null,null,null,null
75,Carolina Rodrigues,41013.0135@email.com,100878,Sim,Sim,Nao,Mastercard,Gold,136,Sim,45,M,Autonomo,null,null,null,null,null,null,null,null,null,null,null,null,null
76,Priscila Silva,41350.3503@email.com,174916,Nao,Sim,Nao,null,null,23,Sim,38,M,Autonomo,1000,76,20021380,20021-380,RJ,RIO DE JANEIRO,CENTRO,PRACA,VIRGILIO DE MELO FRANCO,-24.804462688085106,-49.44693638375171,86a804797ffffff,88a8047901fffff
77,Larissa Santos,41519.5199@email.com,106136.5,Sim,Sim,Nao,VISA,Platinum,122,Nao,46,M,Prof Liberal,null,null,null,null,null,null,null,null,null,null,null,null,null
78,Larissa Nascimento,41827.8279@email.com,23246,Sim,Nao,Sim,VISA,Infinite,24,Sim,65,M,Aposentado,null,null,null,null,null,null,null,null,null,null,null,null,null
79,Marcos Araujo,41912.9127@email.com,152486.5,Sim,Sim,Sim,VISA,Connect,63,Sim,35,F,Estudante,null,null,null,null,null,null,null,null,null,null,null,null,null
80,Carolina Oliveira,42922.9229@email.com,27218,Sim,Sim,Nao,Mastercard,Connect,9,Sim,50,M,Autonomo,null,null,null,null,null,null,null,null,null,null,null,null,null
81,Carolina Santos,43089.0899@email.com,81938,Nao,Sim,Sim,null,null,8,Sim,50,M,Prof Liberal,null,null,null,null,null,null,null,null,null,null,null,null,null
82,Pedro Rodrigues,44173.1731@email.com,37303,Sim,Nao,Nao,VISA,Gold,138,Sim,58,M,Autonomo,null,null,null,null,null,null,null,null,null,null,null,null,null
83,Natalia Carvalho,46004.0040@email.com,154483,Sim,Nao,Nao,VISA,Gold,52,Sim,28,M,Prof Liberal,null,null,null,null,null,null,null,null,null,null,null,null,null
84,Claudia Martins,46634.6344@email.com,87674,Sim,Sim,Nao,Mastercard,Connect,128,Sim,86,M,Prof Liberal,null,null,null,null,null,null,null,null,null,null,null,null,null
85,Lucas Carvalho,46813.8138@email.com,205872,Sim,Sim,Nao,Mastercard,Infinite,112,Sim,56,M,Funcionario Publico,null,null,null,null,null,null,null,null,null,null,null,null,null
86,Priscila Almeida,47612.6121@email.com,112963.5,Sim,Sim,Sim,VISA,Platinum,135,Nao,51,M,Funcionario Publico,9000,86,20030020,20030-020,RJ,RIO DE JANEIRO,CENTRO,AVENIDA,PRESIDENTE WILSON - ATE 164/165,-24.663483568112888,-46.29381554791953,86a814477ffffff,88a8144767fffff
87,Helena Santos,47884.8847@email.com,82654,Nao,Sim,Nao,null,null,140,Sim,42,M,Aposentado,14000,87,20030021,20030-021,RJ,RIO DE JANEIRO,CENTRO,AVENIDA,PRESIDENTE WILSON - DE 166/167 AO FIM,-22.07956486438022,-51.319350368925285,86a808c87ffffff,88a808c86bfffff
88,Juliana Teixeira,48260.2607@email.com,37790,Sim,Sim,Sim,Mastercard,DUX,108,Sim,77,M,Aposentado,null,null,null,null,null,null,null,null,null,null,null,null,null
89,Ana Carvalho,ana.5513@email.com,167985,Sim,Sim,Nao,VISA,DUX,0,Nao,23,M,Estudante,null,null,null,null,null,null,null,null,null,null,null,null,null
90,Carolina Araujo,48673.6734@email.com,92278,Sim,Nao,Sim,Mastercard,DUX,90,Sim,83,F,Autonomo,null,null,null,null,null,null,null,null,null,null,null,null,null
91,Isabela Carvalho,48854.8546@email.com,178597,Sim,Sim,Sim,VISA,Infinite,47,Sim,65,M,Funcionario Publico,null,null,null,null,null,null,null,null,null,null,null,null,null
92,Juliana Silva,49912.9125@email.com,145142,Nao,Sim,Sim,null,null,14,Sim,82,M,Prof Liberal,null,null,null,null,null,null,null,null,null,null,null,null,null
93,Gabriela Araujo,49976.9769@email.com,5628,Sim,Sim,Sim,VISA,Platinum,3,Nao,41,M,Estudante,22000,93,20030070,20030-070,RJ,RIO DE JANEIRO,CENTRO,AVENIDA,CALOGERAS,-22.990450987677733,-47.016175667266445,86a811497ffffff,88a8114911fffff
94,Andre Barbosa,50203.2033@email.com,202383,Sim,Sim,Sim,Mastercard,Connect,13,Nao,35,M,Autonomo,null,null,null,null,null,null,null,null,null,null,null,null,null
95,Priscila Teixeira,50974.9749@email.com,148476,Sim,Sim,Sim,Mastercard,DUX,115,Sim,39,M,Autonomo,null,null,null,null,null,null,null,null,null,null,null,null,null
96,Andre Teixeira,51894.8940@email.com,7281,Sim,Sim,Sim,Mastercard,Gold,140,Sim,71,M,Autonomo,null,null,null,null,null,null,null,null,null,null,null,null,null
97,Priscila Martins,52389.3894@email.com,129900.5,Sim,Nao,Sim,Mastercard,Gold,27,Sim,49,M,Funcionario Publico,null,null,null,null,null,null,null,null,null,null,null,null,null
98,Beatriz Carvalho,53259.2594@email.com,55187,Nao,Nao,Sim,null,null,140,Nao,51,M,Autonomo,null,null,null,null,null,null,null,null,null,null,null,null,null
99,Rafael Melo,53315.3152@email.com,98226,Sim,Sim,Sim,VISA,Platinum,59,Sim,81,M,Funcionario Publico,null,null,null,null,null,null,null,null,null,null,null,null,null
100,Helena Lima,53980.9808@email.com,191634.5,Nao,Nao,Sim,null,null,1,Sim,24,M,Autonomo,2000,100,20030140,20030-140,RJ,RIO DE JANEIRO,CENTRO,PRACA,QUATRO DE JULHO,-23.745605560889885,-46.11452807206814,86a8105afffffff,88a8105ad7fffff
101,Helena Melo,54716.7163@email.com,105231,Sim,Sim,Sim,Mastercard,Connect,29,Sim,63,M,Autonomo,null,null,null,null,null,null,null,null,null,null,null,null,null
102,Priscila Oliveira,54782.7824@email.com,38872.5,Nao,Nao,Nao,null,null,66,Sim,57,M,Prof Liberal,6000,102,20031001,20031-001,RJ,RIO DE JANEIRO,CENTRO,AVENIDA,ALMIRANTE BARROSO - DE 56 A 78 - LADO PAR,-20.285212161192845,-51.68791116417326,86a80b647ffffff,88a80b6467fffff
103,Fernanda Martins,55391.3911@email.com,31624,Sim,Sim,Sim,VISA,DUX,117,Sim,81,F,Aposentado,null,null,null,null,null,null,null,null,null,null,null,null,null
104,Fernanda Gomes,55604.6044@email.com,149783,Sim,Sim,Sim,Mastercard,Gold,96,Sim,44,M,Aposentado,null,null,null,null,null,null,null,null,null,null,null,null,null
105,Leonardo Souza,55795.7952@email.com,185959,Sim,Sim,Sim,Mastercard,Connect,51,Sim,25,M,Aposentado,null,null,null,null,null,null,null,null,null,null,null,null,null
106,Gustavo Ferreira,56220.2201@email.com,183505,Sim,Sim,Sim,Mastercard,Gold,137,Sim,74,M,Funcionario Publico,null,null,null,null,null,null,null,null,null,null,null,null,null
107,Renato Carvalho,56391.3915@email.com,88097,Sim,Sim,Sim,VISA,Gold,82,Sim,75,M,Funcionario Publico,null,null,null,null,null,null,null,null,null,null,null,null,null
108,Carolina Oliveira,56508.5087@email.com,51998,Sim,Nao,Sim,VISA,Infinite,27,Sim,39,M,Prof Liberal,null,null,null,null,null,null,null,null,null,null,null,null,null
109,Simone Carvalho,56910.9108@email.com,167502,Nao,Nao,Sim,null,null,54,Sim,23,M,Autonomo,null,null,null,null,null,null,null,null,null,null,null,null,null
110,Natalia Martins,57116.1169@email.com,44987,Sim,Nao,Nao,Mastercard,Infinite,61,Sim,63,M,Prof Liberal,null,null,null,null,null,null,null,null,null,null,null,null,null
111,Renata Lima,57763.7632@email.com,189834,Sim,Sim,Sim,Mastercard,Infinite,117,Sim,43,M,Autonomo,22000,111,20031030,20031-030,RJ,RIO DE JANEIRO,CENTRO,RUA,EMBAIXADOR REGIS DE OLIVEIRA,-25.017115242310727,-45.63114686160144,86a989747ffffff,88a989741dfffff
112,Vanessa Silva,58018.0181@email.com,45069,Sim,Nao,Sim,VISA,Infinite,123,Sim,18,F,Prof Liberal,null,null,null,null,null,null,null,null,null,null,null,null,null
113,Patricia Almeida,58071.0717@email.com,150224,Sim,Sim,Sim,VISA,Connect,71,Sim,19,M,Prof Liberal,11000,113,20031050,20031-050,RJ,RIO DE JANEIRO,CENTRO,PRACA,FLORIANO,-20.80297298848856,-51.0584452167006,86a80a2cfffffff,88a80a2c97fffff
114,Rafael Gomes,58465.4654@email.com,131355,Nao,Sim,Sim,null,null,37,Sim,40,M,Prof Liberal,null,null,null,null,null,null,null,null,null,null,null,null,null
115,Camila Ferreira,59385.3859@email.com,59045,Sim,Sim,Sim,Mastercard,Infinite,22,Sim,26,M,Estudante,null,null,null,null,null,null,null,null,null,null,null,null,null
116,Fernanda Ferreira,59550.5502@email.com,30943,Sim,Sim,Sim,Mastercard,Platinum,35,Sim,41,M,Funcionario Publico,null,null,null,null,null,null,null,null,null,null,null,null,null
117,Claudia Costa,59876.8761@email.com,148456,Nao,Sim,Sim,null,null,127,Sim,64,M,Funcionario Publico,null,null,null,null,null,null,null,null,null,null,null,null,null
118,Camila Ribeiro,60343.3436@email.com,29614,Sim,Nao,Nao,VISA,Platinum,25,Sim,37,M,Funcionario Publico,null,null,null,null,null,null,null,null,null,null,null,null,null
119,Diego Oliveira,60391.3914@email.com,94275,Nao,Nao,Sim,null,null,127,Sim,87,M,Aposentado,null,null,null,null,null,null,null,null,null,null,null,null,null
120,Gustavo Melo,60469.4696@email.com,65849,Sim,Sim,Sim,Mastercard,Platinum,149,Sim,62,M,Estudante,null,null,null,null,null,null,null,null,null,null,null,null,null
121,Fernanda Almeida,61180.1808@email.com,94714,Sim,Nao,Sim,Mastercard,DUX,93,Sim,80,M,Prof Liberal,22000,121,20031130,20031-130,RJ,RIO DE JANEIRO,CENTRO,RUA,ALCINDO GUANABARA,-19.845262304929577,-52.65414618748553,86a856777ffffff,88a8567723fffff
122,Samuel Almeida,61362.3626@email.com,110594,Nao,Sim,Sim,null,null,57,Nao,43,F,Prof Liberal,null,null,null,null,null,null,null,null,null,null,null,null,null
123,Thiago Carvalho,61483.4833@email.com,121488,Sim,Sim,Sim,Mastercard,Infinite,101,Sim,57,M,Funcionario Publico,null,null,null,null,null,null,null,null,null,null,null,null,null
124,Simone Carvalho,62169.1699@email.com,143293,Nao,Sim,Sim,null,null,118,Sim,86,F,Aposentado,null,null,null,null,null,null,null,null,null,null,null,null,null
125,Patricia Martins,63148.1481@email.com,158584,Sim,Sim,Nao,Mastercard,Gold,23,Sim,21,M,Prof Liberal,null,null,null,null,null,null,null,null,null,null,null,null,null
126,Denise Martins,63189.1893@email.com,19435,Nao,Nao,Sim,null,null,135,Sim,80,F,Funcionario Publico,null,null,null,null,null,null,null,null,null,null,null,null,null
127,Rafael Ribeiro,63262.2626@email.com,53386,Nao,Nao,Nao,null,null,36,Sim,53,M,Funcionario Publico,null,null,null,null,null,null,null,null,null,null,null,null,null
128,Jorge Martins,64274.2742@email.com,45685.5,Sim,Sim,Nao,VISA,Gold,52,Sim,62,M,Autonomo,null,null,null,null,null,null,null,null,null,null,null,null,null
129,Camila Ribeiro,64826.8261@email.com,98708,Nao,Sim,Sim,null,null,71,Sim,69,M,Prof Liberal,18000,129,20031160,20031-160,RJ,RIO DE JANEIRO,CENTRO,PRACA,MONSENHOR FRANCISCO PINTO,-19.96892615615509,-49.351051830005396,86a8e6cc7ffffff,88a8e6cc01fffff
130,Simone Silva,65278.2789@email.com,145853,Nao,Sim,Sim,null,null,95,Sim,43,M,Prof Liberal,null,null,null,null,null,null,null,null,null,null,null,null,null
131,Carolina Gomes,66041.0411@email.com,26838,Sim,Sim,Sim,VISA,Gold,121,Sim,21,M,Estudante,null,null,null,null,null,null,null,null,null,null,null,null,null
132,Renata Rodrigues,67112.1125@email.com,59412,Nao,Sim,Sim,null,null,102,Sim,74,M,Prof Liberal,null,null,null,null,null,null,null,null,null,null,null,null,null
133,Gustavo Rodrigues,67197.1971@email.com,144069,Nao,Nao,Sim,null,null,92,Nao,80,M,Estudante,null,null,null,null,null,null,null,null,null,null,null,null,null
134,Denise Martins,67527.5276@email.com,153970.5,Nao,Nao,Sim,null,null,88,Sim,81,M,Prof Liberal,1000,134,20031203,20031-203,RJ,RIO DE JANEIRO,CENTRO,RUA,SENADOR DANTAS - ATE 56 - LADO PAR,-25.02171460580298,-50.98053547167079,86a805907ffffff,88a8059069fffff
135,Renata Martins,67786.7867@email.com,179119,Sim,Sim,Sim,VISA,Connect,26,Sim,58,M,Prof Liberal,null,null,null,null,null,null,null,null,null,null,null,null,null
136,Helena Rodrigues,70058.0580@email.com,8931,Sim,Nao,Nao,VISA,Infinite,111,Sim,86,M,Estudante,null,null,null,null,null,null,null,null,null,null,null,null,null
137,Carolina Carvalho,70974.9742@email.com,42166.5,Sim,Sim,Nao,Mastercard,Platinum,16,Nao,18,M,Funcionario Publico,null,null,null,null,null,null,null,null,null,null,null,null,null
138,Carlos Carvalho,carlos.6250@email.com,189800,Nao,Nao,Nao,null,null,74,Nao,87,M,Aposentado,null,null,null,null,null,null,null,null,null,null,null,null,null
139,Ana Barbosa,ana.8086@email.com,112680,Sim,Sim,Nao,Mastercard,DUX,147,Nao,67,M,Funcionario Publico,null,null,null,null,null,null,null,null,null,null,null,null,null
140,Beatriz Pereira,72003.0039@email.com,172927,Nao,Sim,Sim,null,null,120,Sim,69,M,Estudante,null,null,null,null,null,null,null,null,null,null,null,null,null
141,Carlos Nascimento,carlos.3332@email.com,64280,Sim,Sim,Sim,Mastercard,Infinite,32,Sim,22,M,Funcionario Publico,null,null,null,null,null,null,null,null,null,null,null,null,null
142,Claudia Gomes,72435.4359@email.com,197234,Sim,Sim,Sim,Mastercard,Platinum,4,Nao,85,M,Funcionario Publico,null,null,null,null,null,null,null,null,null,null,null,null,null
143,Helena Rodrigues,72764.7646@email.com,32371,Nao,Sim,Sim,null,null,16,Sim,57,M,Prof Liberal,null,null,null,null,null,null,null,null,null,null,null,null,null
144,Priscila Costa,73139.1397@email.com,141556,Sim,Sim,Sim,Mastercard,Infinite,44,Sim,37,M,Funcionario Publico,null,null,null,null,null,null,null,null,null,null,null,null,null
145,Carlos Lima,carlos.5373@email.com,28560,Sim,Sim,Sim,VISA,Infinite,142,Nao,35,M,Prof Liberal,null,null,null,null,null,null,null,null,null,null,null,null,null
146,Denise Santos,74143.1430@email.com,184435,Sim,Sim,Sim,Mastercard,Connect,18,Nao,60,M,Autonomo,null,null,null,null,null,null,null,null,null,null,null,null,null
147,Fabio Rodrigues,74488.4885@email.com,130772,Sim,Sim,Sim,VISA,DUX,95,Sim,28,M,Funcionario Publico,null,null,null,null,null,null,null,null,null,null,null,null,null
148,Camila Martins,74724.7244@email.com,158025,Sim,Sim,Nao,VISA,Platinum,20,Nao,49,M,Prof Liberal,null,null,null,null,null,null,null,null,null,null,null,null,null
149,Claudia Almeida,75254.2549@email.com,12694,Sim,Sim,Sim,Mastercard,DUX,108,Nao,79,M,Aposentado,null,null,null,null,null,null,null,null,null,null,null,null,null
150,Claudia Santos,75469.4691@email.com,210098.5,Sim,Sim,Sim,Mastercard,Platinum,68,Sim,84,M,Funcionario Publico,null,null,null,null,null,null,null,null,null,null,null,null,null
151,Gabriela Carvalho,75876.8762@email.com,146328,Sim,Nao,Sim,VISA,Connect,66,Sim,45,M,Prof Liberal,null,null,null,null,null,null,null,null,null,null,null,null,null
152,Renata Melo,77430.4308@email.com,148932,Sim,Nao,Sim,Mastercard,Gold,29,Sim,37,M,Funcionario Publico,1000,152,20040060,20040-060,RJ,RIO DE JANEIRO,CENTRO,RUA,HEITOR DE MELO,-20.54952092997418,-46.24339102398653,86a8a9567ffffff,88a8a95627fffff
153,Simone Almeida,77574.5749@email.com,187595.5,Sim,Sim,Sim,VISA,Platinum,29,Sim,63,M,Aposentado,null,null,null,null,null,null,null,null,null,null,null,null,null
154,Claudia Carvalho,77634.6340@email.com,130745.5,Sim,Sim,Sim,VISA,Connect,146,Sim,29,M,Estudante,null,null,null,null,null,null,null,null,null,null,null,null,null
155,Larissa Silva,77959.9592@email.com,6926,Sim,Sim,Sim,VISA,Platinum,107,Nao,57,F,Prof Liberal,null,null,null,null,null,null,null,null,null,null,null,null,null
156,Ana Almeida,ana.3173@email.com,96960,Sim,Nao,Sim,Mastercard,Platinum,137,Sim,55,M,Prof Liberal,null,null,null,null,null,null,null,null,null,null,null,null,null
157,Carlos Moreira,carlos.8361@email.com,206516,Sim,Sim,Nao,Mastercard,Connect,50,Sim,87,F,Autonomo,null,null,null,null,null,null,null,null,null,null,null,null,null
158,Carolina Almeida,78917.9174@email.com,13478,Sim,Sim,Sim,VISA,DUX,101,Sim,59,F,Funcionario Publico,null,null,null,null,null,null,null,null,null,null,null,null,null
159,Vitor Moreira,79585.5855@email.com,109256,Nao,Sim,Sim,null,null,121,Sim,51,M,Estudante,2000,159,20041005,20041-005,RJ,RIO DE JANEIRO,CENTRO,RUA,DO ROSARIO - DE 115 AO FIM - LADO IMPAR,-23.942476842130002,-50.69654956024557,86a8056cfffffff,88a8056c85fffff
160,Gabriela Souza,79703.7039@email.com,144048,Sim,Sim,Sim,Mastercard,Platinum,26,Sim,41,M,Prof Liberal,null,null,null,null,null,null,null,null,null,null,null,null,null
161,Diego Barbosa,81424.4241@email.com,36269.5,Nao,Sim,Sim,null,null,96,Sim,19,M,Prof Liberal,null,null,null,null,null,null,null,null,null,null,null,null,null
162,Marcos Ferreira,81935.9354@email.com,129687,Nao,Sim,Nao,null,null,30,Sim,22,M,Estudante,6000,162,20050000,20050-000,RJ,RIO DE JANEIRO,CENTRO,RUA,ALEXANDRE HERCULANO,-23.463777778034892,-50.54484023506711,86a80154fffffff,88a80154c9fffff
163,Isabela Souza,82244.2446@email.com,191397,Sim,Sim,Nao,Mastercard,Connect,12,Sim,37,M,Funcionario Publico,21000,163,20050001,20050-001,RJ,RIO DE JANEIRO,CENTRO,RUA,SETE DE SETEMBRO - DE 078 A 082 - LADO PAR,-20.740948072924752,-48.307957219326795,86a81bc07ffffff,88a81bc06dfffff
164,Patricia Souza,83313.3134@email.com,33384,Sim,Sim,Sim,Mastercard,DUX,102,Sim,41,M,Prof Liberal,null,null,null,null,null,null,null,null,null,null,null,null,null
165,Leonardo Silva,84194.1948@email.com,15107,Sim,Sim,Sim,VISA,Gold,58,Sim,69,F,Prof Liberal,null,null,null,null,null,null,null,null,null,null,null,null,null
166,Samuel Melo,84242.2421@email.com,28138.5,Sim,Sim,Nao,VISA,Platinum,51,Sim,53,M,Aposentado,null,null,null,null,null,null,null,null,null,null,null,null,null
167,Fernanda Carvalho,84482.4822@email.com,192763,Nao,Nao,Nao,null,null,30,Nao,60,M,Prof Liberal,null,null,null,null,null,null,null,null,null,null,null,null,null
168,Patricia Costa,84661.6614@email.com,154999,Nao,Sim,Sim,null,null,74,Sim,69,M,Autonomo,3000,168,20050006,20050-006,RJ,RIO DE JANEIRO,CENTRO,RUA,SETE DE SETEMBRO - DE 101 AO FIM - LADO IMPAR,-23.516686639755036,-49.22379438119618,86a802aefffffff,88a802aec7fffff
169,Fernando Nascimento,85189.1891@email.com,15362,Sim,Sim,Sim,Mastercard,Gold,45,Sim,45,M,Prof Liberal,null,null,null,null,null,null,null,null,null,null,null,null,null
170,Lucas Ribeiro,85254.2541@email.com,142072.5,Sim,Sim,Sim,VISA,DUX,83,Sim,53,F,Funcionario Publico,null,null,null,null,null,null,null,null,null,null,null,null,null
171,Gustavo Moreira,85815.8154@email.com,181007.5,Nao,Sim,Sim,null,null,120,Sim,86,M,Funcionario Publico,null,null,null,null,null,null,null,null,null,null,null,null,null
172,Priscila Almeida,85903.9035@email.com,43354.5,Nao,Nao,Sim,null,null,144,Nao,34,F,Funcionario Publico,null,null,null,null,null,null,null,null,null,null,null,null,null
173,Priscila Costa,87265.2650@email.com,199976,Nao,Sim,Sim,null,null,61,Sim,46,M,Estudante,null,null,null,null,null,null,null,null,null,null,null,null,null
174,Andre Santos,87334.3348@email.com,78082,Sim,Sim,Sim,Mastercard,Gold,59,Sim,47,M,Prof Liberal,null,null,null,null,null,null,null,null,null,null,null,null,null
175,Samuel Martins,87717.7172@email.com,71498.5,Nao,Sim,Sim,null,null,123,Sim,33,M,Funcionario Publico,null,null,null,null,null,null,null,null,null,null,null,null,null
176,Fernanda Silva,88568.5684@email.com,130623,Nao,Sim,Sim,null,null,92,Sim,76,M,Prof Liberal,null,null,null,null,null,null,null,null,null,null,null,null,null
177,Camila Nascimento,89917.9174@email.com,112765,Sim,Nao,Sim,VISA,DUX,2,Sim,70,M,Prof Liberal,null,null,null,null,null,null,null,null,null,null,null,null,null
178,Leonardo Costa,90116.1162@email.com,41028,Nao,Sim,Nao,null,null,32,Sim,64,F,Prof Liberal,null,null,null,null,null,null,null,null,null,null,null,null,null
179,Jorge Santos,90509.5090@email.com,93613,Sim,Sim,Sim,Mastercard,Infinite,11,Sim,45,F,Aposentado,null,null,null,null,null,null,null,null,null,null,null,null,null
180,Gabriela Ferreira,91916.9168@email.com,69122,Sim,Sim,Sim,VISA,Gold,139,Sim,30,M,Funcionario Publico,null,null,null,null,null,null,null,null,null,null,null,null,null
181,Maria Pereira,91962.9623@email.com,78160,Sim,Sim,Sim,VISA,Connect,105,Sim,73,M,Aposentado,null,null,null,null,null,null,null,null,null,null,null,null,null
182,Ana Oliveira,ana.2605@email.com,194940,Sim,Nao,Sim,VISA,Gold,89,Sim,70,M,Aposentado,null,null,null,null,null,null,null,null,null,null,null,null,null
183,Marcos Teixeira,94219.2193@email.com,152067,Nao,Sim,Nao,null,null,14,Sim,57,M,Funcionario Publico,null,null,null,null,null,null,null,null,null,null,null,null,null
184,Claudia Pereira,94536.5364@email.com,52185,Nao,Sim,Sim,null,null,86,Sim,53,M,Funcionario Publico,null,null,null,null,null,null,null,null,null,null,null,null,null
185,Juliana Ribeiro,94558.5580@email.com,32162,Nao,Sim,Sim,null,null,150,Sim,79,M,Aposentado,null,null,null,null,null,null,null,null,null,null,null,null,null
186,Fabio Carvalho,94695.6959@email.com,11452,Sim,Nao,Nao,VISA,Infinite,14,Sim,51,M,Funcionario Publico,null,null,null,null,null,null,null,null,null,null,null,null,null
187,Helena Ribeiro,94760.7609@email.com,197727,Nao,Sim,Sim,null,null,110,Sim,25,M,Autonomo,null,null,null,null,null,null,null,null,null,null,null,null,null
188,Isabela Lima,94883.8837@email.com,19497,Nao,Sim,Sim,null,null,0,Sim,71,M,Funcionario Publico,null,null,null,null,null,null,null,null,null,null,null,null,null
189,Helena Barbosa,95005.0057@email.com,12391,Sim,Sim,Nao,VISA,Gold,92,Sim,50,M,Autonomo,null,null,null,null,null,null,null,null,null,null,null,null,null
190,Renata Ferreira,95434.4347@email.com,69012,Nao,Sim,Sim,null,null,41,Nao,85,F,Funcionario Publico,null,null,null,null,null,null,null,null,null,null,null,null,null
191,Beatriz Nascimento,95526.5269@email.com,142627,Sim,Sim,Sim,Mastercard,Connect,109,Sim,75,M,Autonomo,null,null,null,null,null,null,null,null,null,null,null,null,null
192,Thiago Silva,95732.7320@email.com,127168,Sim,Sim,Sim,VISA,DUX,84,Sim,77,M,Autonomo,null,null,null,null,null,null,null,null,null,null,null,null,null
193,Denise Nascimento,96814.8142@email.com,39242,Sim,Nao,Sim,VISA,Platinum,113,Sim,56,M,Funcionario Publico,null,null,null,null,null,null,null,null,null,null,null,null,null
194,Tatiana Lima,97198.1988@email.com,192230,Nao,Sim,Sim,null,null,144,Sim,43,M,Estudante,15000,194,20060000,20060-000,RJ,RIO DE JANEIRO,CENTRO,TRAVESSA,BELAS ARTES,-21.439670908249504,-45.132155312168834,86a8a8d8fffffff,88a8a8d89dfffff
195,Natalia Moreira,97287.2875@email.com,92199,Sim,Nao,Sim,Mastercard,Connect,29,Sim,73,M,Prof Liberal,null,null,null,null,null,null,null,null,null,null,null,null,null
196,Patricia Martins,97341.3412@email.com,35324,Sim,Nao,Sim,VISA,Gold,129,Sim,33,M,Autonomo,null,null,null,null,null,null,null,null,null,null,null,null,null
197,Ana Costa,ana.6562@email.com,96940,Sim,Nao,Sim,VISA,Platinum,37,Sim,69,M,Prof Liberal,null,null,null,null,null,null,null,null,null,null,null,null,null
198,Tatiana Souza,98005.0054@email.com,192413,Sim,Sim,Nao,VISA,Infinite,81,Sim,35,M,Aposentado,null,null,null,null,null,null,null,null,null,null,null,null,null
199,Simone Moreira,99329.3297@email.com,134733,Nao,Sim,Sim,null,null,36,Sim,26,M,Autonomo,null,null,null,null,null,null,null,null,null,null,null,null,null
200,Juliana Ferreira,99560.5609@email.com,172322,Nao,Nao,Sim,null,null,38,Sim,25,M,Aposentado,null,null,null,null,null,null,null,null,null,null,null,null,null
201,Carlos Silva,carlos.7416@email.com,69775.5,Sim,Nao,Sim,Mastercard,Gold,61,Nao,48,F,Prof Liberal,null,null,null,null,null,null,null,null,null,null,null,null,null
202,Renato Oliveira,10274.2745@email.com,117957,Sim,Sim,Sim,Mastercard,Infinite,132,Sim,80,M,Autonomo,null,null,null,null,null,null,null,null,null,null,null,null,null
203,Natalia Moreira,11152.1524@email.com,79845,Sim,Sim,Sim,Mastercard,Connect,122,Sim,86,M,Autonomo,null,null,null,null,null,null,null,null,null,null,null,null,null
204,Gustavo Souza,11216.2166@email.com,168389,Sim,Nao,Sim,VISA,Platinum,116,Sim,39,M,Prof Liberal,null,null,null,null,null,null,null,null,null,null,null,null,null
205,Natalia Lima,11429.4291@email.com,32899,Nao,Sim,Sim,null,null,106,Sim,57,M,Autonomo,null,null,null,null,null,null,null,null,null,null,null,null,null
206,Camila Moreira,11513.5132@email.com,191448.5,Sim,Sim,Nao,Mastercard,Infinite,118,Sim,51,M,Prof Liberal,null,null,null,null,null,null,null,null,null,null,null,null,null
207,Marcos Rodrigues,12156.1563@email.com,187487,Sim,Sim,Sim,Mastercard,Platinum,107,Nao,62,F,Prof Liberal,null,null,null,null,null,null,null,null,null,null,null,null,null
208,Denise Pereira,12454.4544@email.com,162135,Sim,Sim,Sim,Mastercard,Platinum,123,Sim,22,F,Prof Liberal,null,null,null,null,null,null,null,null,null,null,null,null,null
209,Eduardo Santos,14175.1753@email.com,75676,Sim,Nao,Sim,VISA,Platinum,129,Sim,43,M,Prof Liberal,null,null,null,null,null,null,null,null,null,null,null,null,null
210,Bruno Oliveira,14416.4163@email.com,170265,Sim,Sim,Sim,Mastercard,Connect,78,Sim,50,M,Aposentado,null,null,null,null,null,null,null,null,null,null,null,null,null
211,Rafael Almeida,14650.6503@email.com,117085.5,Nao,Nao,Sim,null,null,2,Sim,59,M,Estudante,null,null,null,null,null,null,null,null,null,null,null,null,null
212,Marcos Oliveira,14935.9358@email.com,18667,Sim,Nao,Sim,Mastercard,Infinite,12,Sim,67,M,Prof Liberal,null,null,null,null,null,null,null,null,null,null,null,null,null
213,Carolina Silva,15245.2450@email.com,168968.5,Sim,Sim,Sim,Mastercard,DUX,68,Nao,47,M,Estudante,null,null,null,null,null,null,null,null,null,null,null,null,null
214,Bruno Souza,15438.4388@email.com,98402.5,Sim,Nao,Sim,Mastercard,DUX,105,Sim,57,M,Prof Liberal,null,null,null,null,null,null,null,null,null,null,null,null,null
215,Gabriela Souza,15466.4661@email.com,82728,Nao,Sim,Sim,null,null,77,Sim,85,M,Autonomo,null,null,null,null,null,null,null,null,null,null,null,null,null
216,Priscila Ferreira,15488.4880@email.com,118062,Nao,Nao,Sim,null,null,18,Sim,27,M,Aposentado,null,null,null,null,null,null,null,null,null,null,null,null,null
217,Bruno Silva,15812.8121@email.com,87085,Sim,Nao,Sim,VISA,Gold,106,Nao,44,M,Funcionario Publico,20000,217,20061050,20061-050,RJ,RIO DE JANEIRO,CENTRO,AVENIDA,TOME DE SOUSA,-24.5065961906605,-45.71701804930518,86a8168d7ffffff,88a8168d59fffff
218,Maria Almeida,15861.8616@email.com,152581,Sim,Nao,Sim,Mastercard,Infinite,11,Sim,58,M,Funcionario Publico,null,null,null,null,null,null,null,null,null,null,null,null,null
219,Beatriz Melo,16286.2860@email.com,39367,Nao,Nao,Nao,null,null,105,Sim,45,F,Prof Liberal,null,null,null,null,null,null,null,null,null,null,null,null,null
220,Fernanda Oliveira,16427.4272@email.com,22203,Nao,Sim,Sim,null,null,34,Sim,43,F,Funcionario Publico,null,null,null,null,null,null,null,null,null,null,null,null,null
221,Tatiana Silva,16785.7856@email.com,208621.5,Sim,Nao,Sim,VISA,Connect,100,Sim,55,M,Funcionario Publico,null,null,null,null,null,null,null,null,null,null,null,null,null
222,Maria Ribeiro,17169.1699@email.com,108246,Nao,Sim,Sim,null,null,82,Sim,26,M,Funcionario Publico,null,null,null,null,null,null,null,null,null,null,null,null,null
223,Claudia Gomes,18083.0837@email.com,194474,Sim,Sim,Sim,Mastercard,Platinum,70,Sim,79,M,Prof Liberal,null,null,null,null,null,null,null,null,null,null,null,null,null
224,Gabriela Moreira,18232.2322@email.com,164820.5,Sim,Sim,Sim,Mastercard,DUX,65,Nao,49,M,Estudante,null,null,null,null,null,null,null,null,null,null,null,null,null
225,Renata Nascimento,19133.1336@email.com,168872,Nao,Nao,Sim,null,null,48,Sim,50,M,Prof Liberal,null,null,null,null,null,null,null,null,null,null,null,null,null
226,Natalia Barbosa,19479.4797@email.com,133222,Sim,Sim,Sim,VISA,Gold,40,Sim,77,M,Aposentado,null,null,null,null,null,null,null,null,null,null,null,null,null
227,Gabriela Souza,20053.0534@email.com,11241,Nao,Sim,Sim,null,null,0,Nao,86,F,Aposentado,null,null,null,null,null,null,null,null,null,null,null,null,null
228,Gabriela Souza,20876.8767@email.com,154676.5,Sim,Sim,Sim,Mastercard,DUX,36,Sim,65,M,Prof Liberal,null,null,null,null,null,null,null,null,null,null,null,null,null
229,Claudia Silva,21481.4814@email.com,42514,Sim,Sim,Sim,VISA,Infinite,70,Nao,67,M,Aposentado,20000,229,20071002,20071-002,RJ,RIO DE JANEIRO,CENTRO,AVENIDA,PRESIDENTE VARGAS - DE 916 A 1304 - LADO PAR,-20.22792026648607,-52.844902141752165,86a856177ffffff,88a856171dfffff
230,Renato Araujo,21544.5441@email.com,99097,Sim,Sim,Sim,Mastercard,Connect,97,Sim,30,M,Prof Liberal,null,null,null,null,null,null,null,null,null,null,null,null,null
231,Vanessa Rodrigues,21874.8747@email.com,36937.5,Sim,Sim,Sim,Mastercard,DUX,49,Nao,72,F,Aposentado,null,null,null,null,null,null,null,null,null,null,null,null,null
232,Renata Carvalho,22143.1431@email.com,45272,Sim,Sim,Sim,Mastercard,Connect,56,Sim,51,M,Estudante,null,null,null,null,null,null,null,null,null,null,null,null,null
233,Carolina Pereira,22528.5289@email.com,125926.5,Nao,Sim,Sim,null,null,123,Sim,19,M,Prof Liberal,19000,233,20080002,20080-002,RJ,RIO DE JANEIRO,CENTRO,AVENIDA,MARECHAL FLORIANO - DE 96 AO FIM - LADO PAR,-22.294135084836604,-53.05440868270474,86a80dab7ffffff,88a80dab41fffff
234,Maria Carvalho,22749.7499@email.com,17301,Sim,Nao,Sim,Mastercard,DUX,104,Sim,77,M,Funcionario Publico,null,null,null,null,null,null,null,null,null,null,null,null,null
235,Juliana Nascimento,24668.6686@email.com,166222,Sim,Nao,Sim,VISA,Gold,99,Sim,46,M,Prof Liberal,null,null,null,null,null,null,null,null,null,null,null,null,null
236,Fabio Carvalho,24675.6759@email.com,86352,Sim,Sim,Sim,VISA,Infinite,82,Sim,29,M,Funcionario Publico,null,null,null,null,null,null,null,null,null,null,null,null,null
237,Beatriz Santos,24748.7489@email.com,129167.5,Sim,Nao,Sim,VISA,Infinite,98,Sim,57,M,Funcionario Publico,null,null,null,null,null,null,null,null,null,null,null,null,null
238,Carolina Costa,24835.8357@email.com,171398,Sim,Nao,Sim,VISA,DUX,12,Sim,87,F,Prof Liberal,null,null,null,null,null,null,null,null,null,null,null,null,null
239,Rafael Gomes,24844.8442@email.com,41546,Sim,Nao,Sim,Mastercard,Gold,75,Sim,54,M,Prof Liberal,null,null,null,null,null,null,null,null,null,null,null,null,null
240,Beatriz Barbosa,24996.9965@email.com,175507,Sim,Sim,Sim,Mastercard,Platinum,58,Sim,40,M,Aposentado,null,null,null,null,null,null,null,null,null,null,null,null,null
241,Simone Gomes,25378.3789@email.com,171026.5,Nao,Sim,Nao,null,null,78,Sim,25,M,Prof Liberal,null,null,null,null,null,null,null,null,null,null,null,null,null
242,Marcos Moreira,25486.4860@email.com,58387,Sim,Sim,Sim,Mastercard,Platinum,37,Sim,66,M,Prof Liberal,null,null,null,null,null,null,null,null,null,null,null,null,null
243,Natalia Oliveira,25606.6061@email.com,122499,Nao,Sim,Sim,null,null,6,Sim,28,F,Prof Liberal,null,null,null,null,null,null,null,null,null,null,null,null,null
244,Simone Nascimento,26249.2497@email.com,108590,Sim,Sim,Sim,Mastercard,Gold,85,Sim,55,M,Prof Liberal,null,null,null,null,null,null,null,null,null,null,null,null,null
245,Ricardo Ferreira,26384.3840@email.com,96457.5,Nao,Sim,Sim,null,null,125,Sim,46,M,Aposentado,null,null,null,null,null,null,null,null,null,null,null,null,null
246,Simone Costa,26869.8693@email.com,11333,Nao,Sim,Sim,null,null,28,Nao,58,M,Autonomo,null,null,null,null,null,null,null,null,null,null,null,null,null
247,Simone Ribeiro,26922.9229@email.com,105393,Sim,Nao,Nao,Mastercard,Gold,113,Sim,70,M,Autonomo,null,null,null,null,null,null,null,null,null,null,null,null,null
248,Helena Carvalho,27098.0989@email.com,110215,Sim,Nao,Sim,Mastercard,Gold,2,Sim,56,M,Autonomo,null,null,null,null,null,null,null,null,null,null,null,null,null
249,Claudia Santos,27196.1960@email.com,99446,Sim,Sim,Sim,Mastercard,DUX,86,Sim,38,M,Autonomo,null,null,null,null,null,null,null,null,null,null,null,null,null
250,Helena Carvalho,28100.1001@email.com,40931,Nao,Sim,Sim,null,null,114,Nao,85,M,Prof Liberal,null,null,null,null,null,null,null,null,null,null,null,null,null
251,Simone Silva,29027.0272@email.com,36230.5,Nao,Sim,Sim,null,null,139,Nao,70,M,Prof Liberal,11000,251,20080101,20080-101,RJ,RIO DE JANEIRO,CENTRO,RUA,SENADOR POMPEU - ATE 97 - LADO IMPAR,-22.909317663364572,-47.76906058173142,86a811397ffffff,88a8113959fffff
252,Thiago Teixeira,29528.5288@email.com,149995,Nao,Sim,Sim,null,null,105,Sim,20,F,Prof Liberal,5000,252,20080102,20080-102,RJ,RIO DE JANEIRO,CENTRO,RUA,SENADOR POMPEU - ATE 102 - LADO PAR,-24.94523028537263,-45.013532662294956,86a98ba27ffffff,88a98ba229fffff
253,Fernando Gomes,29772.7720@email.com,47182,Sim,Sim,Sim,VISA,Connect,95,Sim,45,M,Aposentado,null,null,null,null,null,null,null,null,null,null,null,null,null
254,Priscila Nascimento,30363.3630@email.com,14302,Sim,Sim,Sim,VISA,Gold,11,Sim,87,M,Funcionario Publico,null,null,null,null,null,null,null,null,null,null,null,null,null
255,Isabela Santos,30570.5704@email.com,70877,Sim,Sim,Sim,VISA,Gold,30,Sim,61,M,Prof Liberal,null,null,null,null,null,null,null,null,null,null,null,null,null
256,Ana Santos,ana.1793@email.com,154200,Nao,Sim,Sim,null,null,29,Sim,69,F,Funcionario Publico,null,null,null,null,null,null,null,null,null,null,null,null,null
257,Isabela Nascimento,31676.6762@email.com,24377,Nao,Nao,Sim,null,null,96,Sim,78,F,Funcionario Publico,null,null,null,null,null,null,null,null,null,null,null,null,null
258,Beatriz Ferreira,31796.7960@email.com,134793,Sim,Sim,Sim,VISA,Infinite,112,Sim,65,M,Prof Liberal,null,null,null,null,null,null,null,null,null,null,null,null,null
259,Ana Moreira,ana.5097@email.com,156280,Nao,Sim,Nao,null,null,84,Nao,72,F,Funcionario Publico,null,null,null,null,null,null,null,null,null,null,null,null,null
260,Tatiana Oliveira,32528.5285@email.com,179130,Sim,Sim,Sim,Mastercard,Connect,89,Nao,87,M,Funcionario Publico,null,null,null,null,null,null,null,null,null,null,null,null,null
261,Tatiana Lima,33131.1312@email.com,23030,Nao,Sim,Nao,null,null,63,Sim,81,M,Funcionario Publico,7000,261,20081070,20081-070,RJ,RIO DE JANEIRO,SAUDE,RUA,EDGARD GORDILHO,-22.875277178983414,-52.64100341413298,86a82b61fffffff,88a82b61a1fffff
262,Priscila Martins,33150.1507@email.com,15236,Nao,Sim,Sim,null,null,46,Sim,67,M,Prof Liberal,16000,262,20081080,20081-080,RJ,RIO DE JANEIRO,SAUDE,RUA,EDUARDO JANSEN,-23.2490953730113,-45.10326653767902,86a81251fffffff,88a81251bbfffff
263,Claudia Souza,33881.8812@email.com,60094,Sim,Nao,Sim,Mastercard,Platinum,50,Sim,68,M,Funcionario Publico,null,null,null,null,null,null,null,null,null,null,null,null,null
264,Diego Ferreira,34699.6994@email.com,154615,Nao,Nao,Sim,null,null,107,Sim,53,F,Autonomo,null,null,null,null,null,null,null,null,null,null,null,null,null
265,Priscila Nascimento,34747.7479@email.com,70553.5,Sim,Sim,Sim,VISA,Infinite,55,Sim,26,F,Autonomo,null,null,null,null,null,null,null,null,null,null,null,null,null
266,Fernanda Lima,34796.7964@email.com,165083,Nao,Sim,Sim,null,null,23,Sim,23,F,Autonomo,18000,266,20081120,20081-120,RJ,RIO DE JANEIRO,SAUDE,LARGO,JOAO DA BAIANA,-19.99499630737022,-52.5057623591038,86a85646fffffff,88a856469dfffff
267,Marcos Souza,35423.4238@email.com,184833.5,Sim,Sim,Nao,VISA,Infinite,75,Sim,87,M,Funcionario Publico,null,null,null,null,null,null,null,null,null,null,null,null,null
268,Fabio Araujo,35513.5139@email.com,159692,Sim,Nao,Sim,Mastercard,Platinum,42,Nao,31,M,Funcionario Publico,null,null,null,null,null,null,null,null,null,null,null,null,null
269,Priscila Martins,37010.0107@email.com,55216,Sim,Nao,Sim,VISA,Connect,105,Nao,28,M,Aposentado,null,null,null,null,null,null,null,null,null,null,null,null,null
270,Bruno Costa,37636.6367@email.com,57055.5,Sim,Sim,Sim,Mastercard,Platinum,24,Sim,46,M,Prof Liberal,null,null,null,null,null,null,null,null,null,null,null,null,null
271,Camila Teixeira,37801.8016@email.com,12558.5,Sim,Sim,Sim,VISA,Platinum,124,Sim,33,M,Prof Liberal,null,null,null,null,null,null,null,null,null,null,null,null,null
272,Vitor Martins,38621.6214@email.com,56827.5,Sim,Sim,Sim,Mastercard,Connect,114,Sim,33,M,Prof Liberal,null,null,null,null,null,null,null,null,null,null,null,null,null
273,Tatiana Nascimento,38822.8229@email.com,178305,Sim,Sim,Sim,Mastercard,Infinite,130,Sim,53,M,Prof Liberal,null,null,null,null,null,null,null,null,null,null,null,null,null
274,Tatiana Pereira,38957.9571@email.com,191526,Sim,Sim,Sim,Mastercard,DUX,58,Sim,19,M,Autonomo,null,null,null,null,null,null,null,null,null,null,null,null,null
275,Camila Lima,39151.1514@email.com,129925,Sim,Sim,Sim,Mastercard,Platinum,13,Sim,72,M,Prof Liberal,7000,275,20081210,20081-210,RJ,RIO DE JANEIRO,SAUDE,PRACA,MANUEL ANTONIO DE ALMEIDA,-23.97080615969586,-46.18608786314743,86a810c87ffffff,88a810c847fffff
276,Carolina Moreira,39418.4185@email.com,43058,Sim,Nao,Nao,VISA,Infinite,52,Sim,28,M,Prof Liberal,null,null,null,null,null,null,null,null,null,null,null,null,null
277,Fernanda Souza,39676.6767@email.com,100823,Nao,Sim,Sim,null,null,149,Sim,39,M,Funcionario Publico,2000,277,20081230,20081-230,RJ,RIO DE JANEIRO,SAUDE,RUA,MATO GROSSO,-22.467531574075377,-51.579332029995754,86a80c617ffffff,88a80c6131fffff
278,Jorge Carvalho,39991.9911@email.com,26593,Sim,Sim,Sim,Mastercard,Gold,50,Sim,49,M,Prof Liberal,null,null,null,null,null,null,null,null,null,null,null,null,null
279,Isabela Ribeiro,40768.7681@email.com,1257,Nao,Sim,Sim,null,null,72,Sim,76,M,Prof Liberal,null,null,null,null,null,null,null,null,null,null,null,null,null
280,Vitor Araujo,40927.9278@email.com,150503,Sim,Sim,Sim,Mastercard,Connect,13,Nao,79,F,Prof Liberal,null,null,null,null,null,null,null,null,null,null,null,null,null
281,Jorge Ferreira,40997.9974@email.com,32379.5,Sim,Nao,Sim,VISA,Infinite,137,Sim,72,M,Funcionario Publico,null,null,null,null,null,null,null,null,null,null,null,null,null
282,Patricia Martins,41015.0159@email.com,134004,Sim,Sim,Sim,Mastercard,Gold,20,Sim,30,F,Prof Liberal,null,null,null,null,null,null,null,null,null,null,null,null,null
283,Andre Pereira,41769.7692@email.com,3821,Nao,Nao,Nao,null,null,129,Sim,28,F,Autonomo,null,null,null,null,null,null,null,null,null,null,null,null,null
284,Maria Costa,41874.8745@email.com,103401,Sim,Sim,Sim,VISA,Gold,110,Sim,40,M,Prof Liberal,null,null,null,null,null,null,null,null,null,null,null,null,null
285,Gabriela Barbosa,42104.1046@email.com,36148,Sim,Sim,Sim,Mastercard,DUX,88,Nao,73,M,Aposentado,null,null,null,null,null,null,null,null,null,null,null,null,null
286,Vanessa Costa,42833.8339@email.com,161761,Sim,Sim,Nao,Mastercard,Infinite,99,Sim,75,M,Prof Liberal,null,null,null,null,null,null,null,null,null,null,null,null,null
287,Larissa Moreira,43416.4163@email.com,72866,Nao,Nao,Sim,null,null,89,Nao,60,M,Prof Liberal,null,null,null,null,null,null,null,null,null,null,null,null,null
288,Isabela Teixeira,44292.2926@email.com,94497,Sim,Nao,Sim,VISA,DUX,64,Nao,53,M,Prof Liberal,10000,288,20090000,20090-000,RJ,RIO DE JANEIRO,CENTRO,AVENIDA,RIO BRANCO - ATE 20 - LADO PAR,-21.98179867765141,-49.33286362385267,86a81d557ffffff,88a81d5569fffff
289,Jorge Melo,44669.6692@email.com,75833,Sim,Nao,Nao,Mastercard,Gold,10,Sim,34,M,Autonomo,null,null,null,null,null,null,null,null,null,null,null,null,null
290,Juliana Almeida,45645.6454@email.com,5510.5,Sim,Nao,Sim,VISA,Gold,107,Sim,27,M,Autonomo,10000,290,20090002,20090-002,RJ,RIO DE JANEIRO,CENTRO,AVENIDA,RIO BRANCO - DE 32 A 62 - LADO PAR,-23.339297350929634,-48.54620202228585,86a80271fffffff,88a8027189fffff
291,Larissa Oliveira,45911.9115@email.com,53306,Sim,Sim,Sim,VISA,Connect,22,Nao,67,F,Prof Liberal,17000,291,20090003,20090-003,RJ,RIO DE JANEIRO,CENTRO,AVENIDA,RIO BRANCO - ATE 45 - LADO IMPAR,-23.954974628960095,-49.94588540403346,86a800047ffffff,88a8000411fffff
292,Thiago Nascimento,46181.1816@email.com,51248,Nao,Sim,Sim,null,null,131,Sim,47,M,Estudante,3000,292,20090004,20090-004,RJ,RIO DE JANEIRO,CENTRO,AVENIDA,RIO BRANCO - DE 47 A 65 - LADO IMPAR,-20.587145103950313,-52.00815573694891,86a80b307ffffff,88a80b3045fffff
293,Fernanda Carvalho,47249.2499@email.com,140763,Sim,Sim,Sim,Mastercard,Connect,110,Sim,35,M,Aposentado,null,null,null,null,null,null,null,null,null,null,null,null,null
294,Maria Carvalho,47424.4240@email.com,90321,Nao,Nao,Sim,null,null,79,Sim,80,F,Prof Liberal,17000,294,20090020,20090-020,RJ,RIO DE JANEIRO,CENTRO,RUA,CORTINES LAXE,-20.251639788034478,-45.871492995322846,86a8abb37ffffff,88a8abb321fffff
295,Isabela Teixeira,47761.7617@email.com,2197,Sim,Sim,Sim,Mastercard,DUX,63,Sim,36,M,Estudante,null,null,null,null,null,null,null,null,null,null,null,null,null
296,Renato Martins,49069.0691@email.com,105117,Nao,Sim,Sim,null,null,139,Nao,47,M,Prof Liberal,null,null,null,null,null,null,null,null,null,null,null,null,null
297,Samuel Araujo,49269.2699@email.com,55633,Sim,Nao,Nao,Mastercard,DUX,128,Nao,46,M,Estudante,null,null,null,null,null,null,null,null,null,null,null,null,null
298,Samuel Moreira,49781.7816@email.com,22034,Nao,Sim,Sim,null,null,129,Sim,61,M,Prof Liberal,null,null,null,null,null,null,null,null,null,null,null,null,null
299,Rafael Oliveira,50184.1849@email.com,48906,Sim,Sim,Sim,VISA,Infinite,30,Sim,29,F,Autonomo,null,null,null,null,null,null,null,null,null,null,null,null,null
300,Juliana Carvalho,50357.3578@email.com,141562,Nao,Sim,Sim,null,null,53,Sim,60,M,Estudante,12000,300,20090080,20090-080,RJ,RIO DE JANEIRO,CENTRO,RUA,TEOFILO OTONI - ATE 99999 - LADO IMPAR,-21.689418663314544,-50.82796314695744,86a80a817ffffff,88a80a813bfffff
301,Isabela Silva,50546.5469@email.com,76287.5,Sim,Sim,Sim,Mastercard,Connect,76,Sim,39,M,Estudante,null,null,null,null,null,null,null,null,null,null,null,null,null
302,Tatiana Ribeiro,51254.2545@email.com,128310,Nao,Sim,Sim,null,null,48,Sim,35,M,Autonomo,13000,302,20091005,20091-005,RJ,RIO DE JANEIRO,CENTRO,RUA,DA QUITANDA - DE 79/80 AO FIM,-24.1338197905547,-51.20901855842487,86a805277ffffff,88a805272bfffff
303,Camila Santos,51525.5252@email.com,186689.5,Sim,Nao,Sim,Mastercard,Gold,30,Sim,45,M,Funcionario Publico,null,null,null,null,null,null,null,null,null,null,null,null,null
304,Eduardo Ferreira,51592.5927@email.com,87891,Sim,Nao,Sim,Mastercard,DUX,73,Sim,73,F,Funcionario Publico,null,null,null,null,null,null,null,null,null,null,null,null,null
305,Andre Silva,51756.7565@email.com,23641,Nao,Sim,Sim,null,null,137,Sim,66,M,Prof Liberal,null,null,null,null,null,null,null,null,null,null,null,null,null
306,Tatiana Almeida,51877.8775@email.com,39030,Sim,Sim,Nao,Mastercard,Infinite,65,Sim,64,M,Autonomo,null,null,null,null,null,null,null,null,null,null,null,null,null
307,Gabriela Almeida,51920.9205@email.com,151348,Nao,Sim,Sim,null,null,22,Sim,77,M,Prof Liberal,null,null,null,null,null,null,null,null,null,null,null,null,null
308,Priscila Gomes,51934.9348@email.com,174456,Sim,Sim,Nao,VISA,Connect,111,Nao,71,M,Prof Liberal,null,null,null,null,null,null,null,null,null,null,null,null,null
309,Patricia Souza,51987.9878@email.com,125004,Sim,Sim,Nao,VISA,Gold,14,Sim,29,M,Autonomo,null,null,null,null,null,null,null,null,null,null,null,null,null
310,Denise Costa,52130.1300@email.com,10755,Sim,Sim,Sim,Mastercard,Connect,68,Sim,67,M,Prof Liberal,null,null,null,null,null,null,null,null,null,null,null,null,null
311,Camila Lima,52256.2562@email.com,134940.5,Sim,Sim,Nao,VISA,Platinum,49,Sim,52,F,Prof Liberal,20000,311,20180000,20180-000,RJ,RIO DE JANEIRO,BAIA DE GUANABARA,ILHA,BRACO FORTE,-19.980156452921182,-45.71874332362208,86a8aba97ffffff,88a8aba901fffff
312,Fernanda Martins,52515.5154@email.com,178586,Sim,Nao,Nao,VISA,DUX,103,Sim,87,M,Prof Liberal,null,null,null,null,null,null,null,null,null,null,null,null,null
313,Maria Rodrigues,52655.6550@email.com,153894,Nao,Sim,Sim,null,null,48,Sim,21,M,Prof Liberal,null,null,null,null,null,null,null,null,null,null,null,null,null
314,Helena Lima,52690.6904@email.com,182991,Sim,Sim,Sim,VISA,DUX,10,Sim,26,F,Prof Liberal,null,null,null,null,null,null,null,null,null,null,null,null,null
315,Camila Gomes,53646.6465@email.com,28205,Nao,Sim,Nao,null,null,28,Sim,76,M,Funcionario Publico,10000,315,20180004,20180-004,RJ,RIO DE JANEIRO,BAIA DE GUANABARA,ILHA,JURUBAIBA,-25.105400324053907,-49.33143316749963,86a804437ffffff,88a8044343fffff
316,Isabela Teixeira,53962.9626@email.com,67077,Nao,Sim,Nao,null,null,44,Sim,87,F,Prof Liberal,null,null,null,null,null,null,null,null,null,null,null,null,null
317,Lucas Santos,54020.0208@email.com,79144,Sim,Sim,Sim,Mastercard,DUX,77,Sim,23,M,Autonomo,null,null,null,null,null,null,null,null,null,null,null,null,null
318,Renato Rodrigues,54105.1054@email.com,174617,Sim,Sim,Sim,VISA,Connect,47,Sim,78,M,Autonomo,null,null,null,null,null,null,null,null,null,null,null,null,null
319,Juliana Ferreira,54679.6795@email.com,127143.5,Nao,Sim,Sim,null,null,81,Sim,76,M,Prof Liberal,null,null,null,null,null,null,null,null,null,null,null,null,null
320,Priscila Rodrigues,54743.7431@email.com,45496,Sim,Sim,Sim,VISA,Connect,6,Sim,60,M,Aposentado,2000,320,20180009,20180-009,RJ,RIO DE JANEIRO,BAIA DE GUANABARA,ILHA,VILLEGAIGNON,-23.857584526941558,-47.776501003278945,86a8152b7ffffff,88a8152b6bfffff
321,Renato Costa,55038.0382@email.com,160197,Sim,Sim,Nao,Mastercard,DUX,2,Sim,73,M,Aposentado,null,null,null,null,null,null,null,null,null,null,null,null,null
322,Juliana Souza,55120.1208@email.com,53007.5,Sim,Nao,Nao,Mastercard,Gold,66,Nao,86,M,Prof Liberal,null,null,null,null,null,null,null,null,null,null,null,null,null
323,Ricardo Ferreira,55795.7952@email.com,92470,Sim,Sim,Sim,VISA,Platinum,106,Nao,23,M,Prof Liberal,null,null,null,null,null,null,null,null,null,null,null,null,null
324,Jorge Rodrigues,55996.9967@email.com,145013,Sim,Sim,Sim,VISA,Platinum,120,Nao,35,M,Autonomo,null,null,null,null,null,null,null,null,null,null,null,null,null
325,Isabela Moreira,56107.1074@email.com,11577,Sim,Sim,Sim,VISA,Platinum,39,Sim,27,M,Prof Liberal,null,null,null,null,null,null,null,null,null,null,null,null,null
326,Beatriz Costa,56338.3382@email.com,89689,Sim,Sim,Sim,VISA,DUX,112,Sim,82,M,Prof Liberal,null,null,null,null,null,null,null,null,null,null,null,null,null
327,Juliana Nascimento,57111.1111@email.com,12582,Nao,Sim,Sim,null,null,125,Sim,67,F,Prof Liberal,null,null,null,null,null,null,null,null,null,null,null,null,null
328,Andre Silva,57195.1954@email.com,174721,Sim,Sim,Nao,Mastercard,DUX,145,Sim,18,M,Autonomo,null,null,null,null,null,null,null,null,null,null,null,null,null
329,Ricardo Silva,57848.8484@email.com,117970,Sim,Nao,Sim,VISA,Platinum,102,Sim,66,M,Prof Liberal,12000,329,20210048,20210-048,RJ,RIO DE JANEIRO,CIDADE NOVA,TRAVESSA,SAPUCAI,-22.386783001763764,-48.46764293798296,86a81c737ffffff,88a81c736dfffff
330,Tatiana Carvalho,59356.3565@email.com,125610,Sim,Nao,Sim,VISA,Gold,101,Sim,36,F,Prof Liberal,null,null,null,null,null,null,null,null,null,null,null,null,null
331,Pedro Silva,60198.1985@email.com,150243,Sim,Nao,Sim,VISA,Platinum,70,Sim,54,M,Aposentado,null,null,null,null,null,null,null,null,null,null,null,null,null
332,Camila Pereira,60419.4196@email.com,158937.5,Sim,Nao,Sim,Mastercard,Platinum,42,Sim,24,F,Prof Liberal,15000,332,20210061,20210-061,RJ,RIO DE JANEIRO,CIDADE NOVA,RUA,COMANDANTE MAURITI - DE 45 AO FIM - LADO IMPAR,-20.155764225191962,-47.37750650018053,86a8f4c57ffffff,88a8f4c55dfffff
333,Renata Araujo,60479.4790@email.com,148467,Sim,Sim,Sim,Mastercard,DUX,129,Sim,80,M,Prof Liberal,null,null,null,null,null,null,null,null,null,null,null,null,null
334,Ana Ribeiro,ana.1846@email.com,15905,Sim,Sim,Sim,VISA,Gold,25,Nao,66,M,Autonomo,null,null,null,null,null,null,null,null,null,null,null,null,null
335,Diego Almeida,62280.2805@email.com,52235,Nao,Sim,Sim,null,null,136,Sim,42,M,Autonomo,null,null,null,null,null,null,null,null,null,null,null,null,null
336,Ricardo Lima,62340.3408@email.com,120510,Sim,Sim,Sim,Mastercard,Infinite,57,Nao,62,M,Autonomo,null,null,null,null,null,null,null,null,null,null,null,null,null
337,Maria Melo,64475.4754@email.com,199881,Sim,Sim,Sim,Mastercard,Connect,134,Sim,68,M,Estudante,null,null,null,null,null,null,null,null,null,null,null,null,null
338,Rafael Almeida,64533.5339@email.com,15046,Sim,Sim,Sim,Mastercard,Connect,143,Sim,24,M,Aposentado,null,null,null,null,null,null,null,null,null,null,null,null,null
339,Pedro Teixeira,64653.6531@email.com,26085,Sim,Nao,Nao,VISA,Connect,144,Sim,65,M,Funcionario Publico,null,null,null,null,null,null,null,null,null,null,null,null,null
340,Claudia Carvalho,65488.4880@email.com,56314,Sim,Nao,Sim,Mastercard,Infinite,107,Nao,73,M,Autonomo,null,null,null,null,null,null,null,null,null,null,null,null,null
341,Isabela Oliveira,66942.9429@email.com,141257,Sim,Sim,Sim,Mastercard,Gold,80,Sim,42,M,Funcionario Publico,null,null,null,null,null,null,null,null,null,null,null,null,null
342,Carolina Moreira,67388.3885@email.com,68398,Nao,Nao,Sim,null,null,90,Sim,67,F,Autonomo,null,null,null,null,null,null,null,null,null,null,null,null,null
343,Claudia Pereira,67836.8368@email.com,24167.5,Nao,Sim,Sim,null,null,7,Sim,20,F,Aposentado,null,null,null,null,null,null,null,null,null,null,null,null,null
344,Larissa Araujo,67877.8776@email.com,199966,Sim,Sim,Sim,VISA,Gold,126,Sim,57,F,Prof Liberal,null,null,null,null,null,null,null,null,null,null,null,null,null
345,Carolina Costa,68328.3289@email.com,133239.5,Sim,Nao,Sim,Mastercard,DUX,83,Sim,43,M,Funcionario Publico,null,null,null,null,null,null,null,null,null,null,null,null,null
346,Camila Souza,69799.7999@email.com,153565,Nao,Sim,Sim,null,null,127,Sim,76,M,Funcionario Publico,null,null,null,null,null,null,null,null,null,null,null,null,null
347,Rafael Nascimento,70388.3880@email.com,161246,Sim,Sim,Sim,Mastercard,Gold,8,Sim,80,F,Prof Liberal,null,null,null,null,null,null,null,null,null,null,null,null,null
348,Isabela Melo,70576.5766@email.com,119665,Sim,Sim,Nao,Mastercard,Infinite,66,Nao,28,F,Prof Liberal,15000,348,20211070,20211-070,RJ,RIO DE JANEIRO,CIDADE NOVA,RUA,SENHOR DE MATOSINHOS,-24.479841331519307,-52.91389764518219,86a828107ffffff,88a8281053fffff
349,Claudia Moreira,70851.8510@email.com,180894,Nao,Sim,Sim,null,null,126,Nao,49,M,Funcionario Publico,null,null,null,null,null,null,null,null,null,null,null,null,null
350,Natalia Martins,71053.0531@email.com,181039,Sim,Sim,Sim,Mastercard,Gold,14,Sim,76,M,Estudante,null,null,null,null,null,null,null,null,null,null,null,null,null
351,Tatiana Melo,71603.6039@email.com,45910,Sim,Sim,Sim,VISA,Platinum,116,Nao,41,F,Prof Liberal,null,null,null,null,null,null,null,null,null,null,null,null,null
352,Leonardo Lima,72484.4847@email.com,33299,Sim,Sim,Sim,VISA,DUX,150,Nao,39,M,Aposentado,7000,352,20211110,20211-110,RJ,RIO DE JANEIRO,CIDADE NOVA,RUA,AFONSO CAVALCANTI,-24.112782735269178,-50.57259986420164,86a8056a7ffffff,88a8056a13fffff
353,Camila Nascimento,72709.7097@email.com,175900.5,Nao,Sim,Sim,null,null,78,Sim,28,M,Aposentado,null,null,null,null,null,null,null,null,null,null,null,null,null
354,Leonardo Pereira,73000.0001@email.com,9643,Nao,Sim,Sim,null,null,87,Sim,37,F,Prof Liberal,null,null,null,null,null,null,null,null,null,null,null,null,null
355,Helena Moreira,73593.5933@email.com,83686,Sim,Sim,Sim,Mastercard,DUX,64,Sim,54,M,Autonomo,null,null,null,null,null,null,null,null,null,null,null,null,null
356,Vitor Santos,76389.3892@email.com,35508,Sim,Sim,Sim,Mastercard,Gold,133,Sim,18,F,Prof Liberal,5000,356,20211150,20211-150,RJ,RIO DE JANEIRO,CIDADE NOVA,TRAVESSA,GUEDES,-25.216425592264674,-49.9854714783332,86a804167ffffff,88a8041647fffff
357,Claudia Teixeira,77616.6169@email.com,82014,Sim,Sim,Nao,Mastercard,DUX,108,Sim,71,M,Funcionario Publico,null,null,null,null,null,null,null,null,null,null,null,null,null
358,Natalia Ferreira,78459.4594@email.com,88808,Sim,Nao,Sim,VISA,Infinite,75,Sim,25,M,Prof Liberal,13000,358,20211170,20211-170,RJ,RIO DE JANEIRO,CIDADE NOVA,RUA,LAURA DE ARAUJO,-23.588280647994754,-49.48167668464561,86a80068fffffff,88a80068e7fffff
359,Natalia Oliveira,78855.8556@email.com,169777.5,Nao,Sim,Sim,null,null,74,Sim,77,M,Aposentado,18000,359,20211180,20211-180,RJ,RIO DE JANEIRO,CIDADE NOVA,RUA,MACHADO COELHO,-21.712481163613457,-46.93352735651455,86a8adbafffffff,88a8adbabdfffff
360,Patricia Costa,79951.9517@email.com,151564,Sim,Sim,Sim,VISA,Connect,16,Nao,73,F,Autonomo,null,null,null,null,null,null,null,null,null,null,null,null,null
361,Camila Oliveira,80180.1801@email.com,63225,Nao,Sim,Sim,null,null,53,Sim,44,M,Aposentado,null,null,null,null,null,null,null,null,null,null,null,null,null
362,Camila Almeida,80342.3422@email.com,190445,Sim,Nao,Sim,Mastercard,Platinum,118,Sim,87,M,Prof Liberal,null,null,null,null,null,null,null,null,null,null,null,null,null
363,Ricardo Santos,80375.3751@email.com,37990,Sim,Nao,Nao,Mastercard,DUX,100,Nao,36,M,Aposentado,null,null,null,null,null,null,null,null,null,null,null,null,null
364,Diego Gomes,81000.0000@email.com,98035,Nao,Sim,Sim,null,null,144,Sim,81,M,Prof Liberal,null,null,null,null,null,null,null,null,null,null,null,null,null
365,Maria Rodrigues,81447.4472@email.com,14661,Nao,Sim,Sim,null,null,3,Sim,85,M,Autonomo,null,null,null,null,null,null,null,null,null,null,null,null,null
366,Eduardo Ribeiro,82481.4810@email.com,114383,Sim,Sim,Sim,VISA,Gold,49,Nao,40,M,Prof Liberal,null,null,null,null,null,null,null,null,null,null,null,null,null
367,Isabela Teixeira,82540.5401@email.com,54377,Sim,Sim,Sim,Mastercard,Infinite,25,Sim,34,M,Funcionario Publico,null,null,null,null,null,null,null,null,null,null,null,null,null
368,Renata Santos,83500.5000@email.com,147144.5,Sim,Sim,Sim,Mastercard,Infinite,57,Sim,34,M,Estudante,null,null,null,null,null,null,null,null,null,null,null,null,null
369,Ana Nascimento,ana.8158@email.com,133220,Sim,Sim,Sim,Mastercard,Platinum,51,Sim,61,M,Autonomo,null,null,null,null,null,null,null,null,null,null,null,null,null
370,Thiago Araujo,84132.1326@email.com,28141.5,Nao,Sim,Sim,null,null,106,Nao,48,F,Funcionario Publico,null,null,null,null,null,null,null,null,null,null,null,null,null
371,Carolina Martins,84300.3009@email.com,60718,Sim,Sim,Sim,VISA,Platinum,113,Sim,45,M,Prof Liberal,null,null,null,null,null,null,null,null,null,null,null,null,null
372,Denise Lima,84671.6710@email.com,204896.5,Sim,Sim,Sim,Mastercard,Connect,30,Sim,32,M,Prof Liberal,null,null,null,null,null,null,null,null,null,null,null,null,null
373,Carolina Carvalho,84732.7321@email.com,199018,Sim,Nao,Sim,VISA,Platinum,91,Sim,41,M,Prof Liberal,14000,373,20211310,20211-310,RJ,RIO DE JANEIRO,CIDADE NOVA,RUA,SOUSA NEVES,-21.079640219868686,-51.392259096589584,86a80bc17ffffff,88a80bc14bfffff
374,Samuel Souza,86392.3926@email.com,11794,Sim,Sim,Sim,Mastercard,Gold,29,Sim,84,M,Prof Liberal,null,null,null,null,null,null,null,null,null,null,null,null,null
375,Beatriz Ferreira,87523.5234@email.com,15067,Sim,Sim,Nao,VISA,DUX,44,Sim,76,M,Prof Liberal,null,null,null,null,null,null,null,null,null,null,null,null,null
376,Camila Oliveira,87656.6560@email.com,109680.5,Sim,Nao,Sim,Mastercard,Infinite,105,Sim,40,M,Prof Liberal,15000,376,20211330,20211-330,RJ,RIO DE JANEIRO,CENTRO,LARGO,DO CACO,-23.51580462795475,-44.168949873161125,86a8a5797ffffff,88a8a5794bfffff
377,Marcos Silva,87747.7477@email.com,203274.5,Sim,Sim,Sim,VISA,Platinum,102,Sim,48,M,Aposentado,null,null,null,null,null,null,null,null,null,null,null,null,null
378,Larissa Martins,88449.4493@email.com,145961,Sim,Sim,Sim,VISA,Infinite,58,Sim,19,F,Funcionario Publico,null,null,null,null,null,null,null,null,null,null,null,null,null
379,Carolina Moreira,88530.5308@email.com,167578,Sim,Nao,Sim,Mastercard,Infinite,0,Sim,29,M,Estudante,null,null,null,null,null,null,null,null,null,null,null,null,null
380,Helena Pereira,88531.5315@email.com,153011,Sim,Sim,Sim,Mastercard,Gold,115,Nao,62,M,Aposentado,10000,380,20211360,20211-360,RJ,RIO DE JANEIRO,CENTRO,CAMPO,DE SANTANA,-20.757434742276942,-49.00601674209836,86a819497ffffff,88a819490dfffff
381,Larissa Pereira,88561.5618@email.com,44230,Nao,Sim,Sim,null,null,143,Sim,49,M,Aposentado,null,null,null,null,null,null,null,null,null,null,null,null,null
382,Bruno Pereira,89375.3759@email.com,118705,Nao,Sim,Sim,null,null,54,Sim,43,M,Prof Liberal,null,null,null,null,null,null,null,null,null,null,null,null,null
383,Marcos Lima,90530.5301@email.com,128707,Sim,Nao,Sim,VISA,DUX,7,Sim,87,M,Funcionario Publico,null,null,null,null,null,null,null,null,null,null,null,null,null
384,Ana Barbosa,ana.8864@email.com,169080,Sim,Nao,Sim,Mastercard,Platinum,126,Sim,85,M,Prof Liberal,13000,384,20211410,20211-410,RJ,RIO DE JANEIRO,CATUMBI,BECO,LABOR DE OURO,-20.969750254680037,-50.86147791950597,86a80a287ffffff,88a80a2843fffff
385,Carolina Souza,91013.0135@email.com,195841,Sim,Sim,Sim,VISA,Gold,117,Sim,53,F,Autonomo,null,null,null,null,null,null,null,null,null,null,null,null,null
386,Claudia Santos,92206.2062@email.com,58634,Nao,Nao,Sim,null,null,81,Sim,52,M,Prof Liberal,null,null,null,null,null,null,null,null,null,null,null,null,null
387,Patricia Melo,92828.8289@email.com,111604,Sim,Sim,Sim,VISA,Infinite,132,Sim,46,M,Aposentado,11000,387,20211440,20211-440,RJ,RIO DE JANEIRO,CATUMBI,TRAVESSA,DOCILIO,-22.07990244520631,-50.029166461590975,86a81db87ffffff,88a81db819fffff
388,Leonardo Pereira,93122.1226@email.com,187630,Sim,Nao,Sim,Mastercard,Connect,68,Sim,87,M,Prof Liberal,null,null,null,null,null,null,null,null,null,null,null,null,null
389,Carolina Almeida,93646.6466@email.com,119458,Nao,Sim,Sim,null,null,149,Nao,19,M,Autonomo,null,null,null,null,null,null,null,null,null,null,null,null,null
390,Gabriela Pereira,93809.8090@email.com,196508,Sim,Sim,Nao,VISA,DUX,143,Sim,49,M,Aposentado,null,null,null,null,null,null,null,null,null,null,null,null,null
391,Simone Barbosa,94164.1649@email.com,46226.5,Sim,Sim,Nao,VISA,Platinum,51,Sim,34,M,Funcionario Publico,null,null,null,null,null,null,null,null,null,null,null,null,null
392,Carlos Lima,carlos.3829@email.com,128040,Nao,Nao,Nao,null,null,43,Nao,59,F,Autonomo,null,null,null,null,null,null,null,null,null,null,null,null,null
393,Simone Araujo,94807.8071@email.com,97793,Sim,Nao,Sim,Mastercard,Platinum,73,Sim,31,M,Autonomo,null,null,null,null,null,null,null,null,null,null,null,null,null
394,Marcos Teixeira,96065.0651@email.com,36122,Sim,Sim,Sim,Mastercard,DUX,61,Sim,26,M,Aposentado,11000,394,20220010,20220-010,RJ,RIO DE JANEIRO,SANTO CRISTO,TRAVESSA,BARROS SOBRINHO,-23.420392068749095,-49.801163632007864,86a80398fffffff,88a8039889fffff
395,Andre Santos,96564.5646@email.com,193839,Sim,Nao,Sim,VISA,Platinum,31,Sim,65,M,Autonomo,null,null,null,null,null,null,null,null,null,null,null,null,null
396,Helena Melo,96799.7997@email.com,52733.5,Nao,Sim,Sim,null,null,133,Sim,64,M,Autonomo,null,null,null,null,null,null,null,null,null,null,null,null,null
397,Carolina Costa,97212.2128@email.com,79238,Sim,Sim,Sim,Mastercard,DUX,147,Sim,23,M,Funcionario Publico,null,null,null,null,null,null,null,null,null,null,null,null,null
398,Juliana Gomes,97227.2276@email.com,74572.5,Sim,Sim,Sim,VISA,Connect,40,Sim,73,M,Estudante,4000,398,20220050,20220-050,RJ,RIO DE JANEIRO,SANTO CRISTO,RUA,CARLOS GOMES,-20.98961369134315,-47.236007521645895,86a81a557ffffff,88a81a5539fffff
399,Patricia Nascimento,97316.3163@email.com,39375,Nao,Sim,Sim,null,null,2,Sim,45,F,Funcionario Publico,null,null,null,null,null,null,null,null,null,null,null,null,null
400,Juliana Barbosa,97760.7606@email.com,188159.5,Nao,Sim,Sim,null,null,21,Nao,33,M,Prof Liberal,4000,400,20220070,20220-070,RJ,RIO DE JANEIRO,SANTO CRISTO,RUA,ORESTES,-20.23406985336287,-50.05124293732546,86a8e44b7ffffff,88a8e44b49fffff
401,Simone Lima,97769.7692@email.com,59793,Sim,Nao,Sim,Mastercard,Connect,55,Nao,78,M,Aposentado,3000,401,20220080,20220-080,RJ,RIO DE JANEIRO,SANTO CRISTO,TRAVESSA,SARA,-23.868014212102434,-44.64137353118817,86a8a5157ffffff,88a8a51551fffff
402,Samuel Araujo,98138.1389@email.com,143174,Sim,Sim,Sim,Mastercard,Infinite,14,Sim,42,M,Prof Liberal,12000,402,20220090,20220-090,RJ,RIO DE JANEIRO,SANTO CRISTO,RUA,SARA,-25.14374764475,-47.699899682095584,86a83301fffffff,88a83301b5fffff
403,Fernanda Ferreira,98601.6018@email.com,160781.5,Nao,Sim,Sim,null,null,81,Sim,26,M,Prof Liberal,null,null,null,null,null,null,null,null,null,null,null,null,null
404,Patricia Ferreira,98807.8071@email.com,105924,Sim,Sim,Sim,VISA,Gold,17,Sim,68,M,Funcionario Publico,null,null,null,null,null,null,null,null,null,null,null,null,null
405,Simone Rodrigues,99060.0604@email.com,195773,Nao,Sim,Sim,null,null,128,Sim,28,M,Funcionario Publico,null,null,null,null,null,null,null,null,null,null,null,null,null
406,Pedro Lima,99198.1984@email.com,84623,Nao,Nao,Sim,null,null,44,Sim,50,M,Prof Liberal,null,null,null,null,null,null,null,null,null,null,null,null,null
407,Helena Moreira,99616.6169@email.com,110091,Sim,Sim,Sim,Mastercard,Platinum,92,Sim,74,M,Aposentado,null,null,null,null,null,null,null,null,null,null,null,null,null
408,Helena Rodrigues,10251.2511@email.com,131711,Sim,Sim,Sim,VISA,Infinite,71,Sim,83,M,Estudante,null,null,null,null,null,null,null,null,null,null,null,null,null
409,Denise Almeida,10494.4949@email.com,120610,Nao,Sim,Sim,null,null,11,Sim,63,M,Autonomo,null,null,null,null,null,null,null,null,null,null,null,null,null
410,Camila Santos,10639.6398@email.com,93042,Sim,Sim,Sim,VISA,Connect,109,Sim,25,M,Aposentado,null,null,null,null,null,null,null,null,null,null,null,null,null
411,Bruno Souza,12110.1108@email.com,49985,Nao,Sim,Sim,null,null,114,Sim,84,F,Funcionario Publico,null,null,null,null,null,null,null,null,null,null,null,null,null
412,Matheus Oliveira,12266.2668@email.com,161898,Sim,Sim,Sim,VISA,Infinite,19,Sim,66,M,Prof Liberal,21000,412,20220180,20220-180,RJ,RIO DE JANEIRO,SANTO CRISTO,RUA,MONT ALVERNE,-24.192137100045183,-50.85300860719118,86a805747ffffff,88a805741bfffff
413,Tatiana Almeida,12554.5549@email.com,90857,Nao,Nao,Sim,null,null,93,Sim,40,M,Prof Liberal,null,null,null,null,null,null,null,null,null,null,null,null,null
414,Renato Rodrigues,12620.6200@email.com,194117,Sim,Sim,Sim,VISA,DUX,114,Sim,29,M,Autonomo,5000,414,20220200,20220-200,RJ,RIO DE JANEIRO,SANTO CRISTO,RUA,DO PINTO,-21.368079254954647,-49.170695242775444,86a818aefffffff,88a818ae95fffff
415,Claudia Barbosa,12954.9540@email.com,49134,Sim,Sim,Nao,VISA,DUX,24,Sim,52,M,Autonomo,null,null,null,null,null,null,null,null,null,null,null,null,null
416,Ana Teixeira,ana.0137@email.com,69020,Sim,Nao,Sim,VISA,Connect,91,Sim,68,M,Aposentado,null,null,null,null,null,null,null,null,null,null,null,null,null
417,Fabio Teixeira,13024.0241@email.com,113512,Sim,Sim,Nao,Mastercard,Infinite,89,Sim,26,M,Prof Liberal,null,null,null,null,null,null,null,null,null,null,null,null,null
418,Maria Ferreira,14679.6798@email.com,182276.5,Nao,Sim,Sim,null,null,111,Sim,70,F,Funcionario Publico,null,null,null,null,null,null,null,null,null,null,null,null,null
419,Maria Martins,14866.8663@email.com,86401,Nao,Sim,Nao,null,null,98,Sim,53,F,Funcionario Publico,null,null,null,null,null,null,null,null,null,null,null,null,null
420,Denise Carvalho,16150.1504@email.com,97777.5,Nao,Nao,Nao,null,null,108,Sim,80,M,Prof Liberal,null,null,null,null,null,null,null,null,null,null,null,null,null
421,Marcos Silva,18792.7926@email.com,193987,Sim,Sim,Sim,VISA,DUX,40,Sim,25,M,Prof Liberal,null,null,null,null,null,null,null,null,null,null,null,null,null
422,Claudia Gomes,18891.8917@email.com,35454,Nao,Sim,Nao,null,null,78,Sim,75,M,Prof Liberal,null,null,null,null,null,null,null,null,null,null,null,null,null
423,Renata Melo,19916.9168@email.com,71592,Nao,Sim,Sim,null,null,68,Sim,47,M,Prof Liberal,null,null,null,null,null,null,null,null,null,null,null,null,null
424,Helena Moreira,20581.5811@email.com,45851,Sim,Sim,Sim,Mastercard,Connect,145,Sim,32,M,Prof Liberal,null,null,null,null,null,null,null,null,null,null,null,null,null
425,Lucas Gomes,21085.0858@email.com,173428.5,Sim,Sim,Sim,VISA,Connect,117,Sim,77,M,Estudante,null,null,null,null,null,null,null,null,null,null,null,null,null
426,Eduardo Gomes,21266.2667@email.com,2951,Sim,Sim,Sim,VISA,Connect,28,Sim,62,F,Estudante,null,null,null,null,null,null,null,null,null,null,null,null,null
427,Claudia Moreira,21404.4046@email.com,152086.5,Sim,Sim,Sim,Mastercard,DUX,40,Nao,59,M,Estudante,null,null,null,null,null,null,null,null,null,null,null,null,null
428,Renata Ribeiro,21472.4729@email.com,17998,Nao,Nao,Sim,null,null,148,Sim,47,M,Estudante,null,null,null,null,null,null,null,null,null,null,null,null,null
429,Helena Almeida,21965.9651@email.com,61378.5,Sim,Nao,Nao,VISA,Infinite,6,Sim,39,M,Prof Liberal,null,null,null,null,null,null,null,null,null,null,null,null,null
430,Fernanda Rodrigues,21974.9749@email.com,147408.5,Sim,Sim,Nao,VISA,Platinum,100,Sim,75,M,Aposentado,null,null,null,null,null,null,null,null,null,null,null,null,null
431,Isabela Gomes,22243.2434@email.com,67197,Sim,Sim,Sim,Mastercard,Gold,7,Sim,52,M,Funcionario Publico,null,null,null,null,null,null,null,null,null,null,null,null,null
432,Andre Teixeira,22269.2696@email.com,21986.5,Sim,Nao,Sim,VISA,Gold,107,Sim,39,M,Funcionario Publico,null,null,null,null,null,null,null,null,null,null,null,null,null
433,Rafael Pereira,22815.8154@email.com,25146,Nao,Sim,Sim,null,null,63,Sim,21,M,Prof Liberal,null,null,null,null,null,null,null,null,null,null,null,null,null
434,Tatiana Costa,23095.0959@email.com,19328.5,Nao,Nao,Sim,null,null,12,Sim,84,M,Autonomo,null,null,null,null,null,null,null,null,null,null,null,null,null
435,Vanessa Rodrigues,24484.4846@email.com,149890.5,Sim,Nao,Sim,Mastercard,Platinum,33,Sim,34,M,Funcionario Publico,null,null,null,null,null,null,null,null,null,null,null,null,null
436,Diego Nascimento,24876.8760@email.com,168277,Nao,Sim,Sim,null,null,70,Sim,57,M,Aposentado,null,null,null,null,null,null,null,null,null,null,null,null,null
437,Lucas Pereira,24878.8784@email.com,464,Sim,Sim,Sim,VISA,Platinum,121,Sim,36,M,Funcionario Publico,13000,437,20220340,20220-340,RJ,RIO DE JANEIRO,GAMBOA,CAMINHO,DO MORRO DA PROVIDENCIA,-21.191630162014356,-45.11149849998763,86a8a852fffffff,88a8a852e3fffff
438,Priscila Costa,25138.1389@email.com,169605,Nao,Nao,Sim,null,null,121,Nao,39,M,Aposentado,12000,438,20220350,20220-350,RJ,RIO DE JANEIRO,GAMBOA,RUA,PEDRO ERNESTO,-20.513954972075297,-50.76329520734662,86a8e48d7ffffff,88a8e48893fffff
439,Claudia Araujo,25257.2576@email.com,27734,Sim,Sim,Sim,VISA,Gold,49,Sim,18,M,Autonomo,null,null,null,null,null,null,null,null,null,null,null,null,null
440,Renato Nascimento,25656.6561@email.com,41217,Nao,Sim,Sim,null,null,26,Sim,67,M,Funcionario Publico,5000,440,20220361,20220-361,RJ,RIO DE JANEIRO,SANTO CRISTO,AVENIDA,RODRIGUES ALVES - DE 733 AO FIM - LADO IMPAR,-23.75932646783726,-51.33794460940407,86a82a4f7ffffff,88a82a4f29fffff
441,Priscila Carvalho,25664.6646@email.com,201560.5,Sim,Sim,Sim,VISA,DUX,90,Sim,35,M,Prof Liberal,null,null,null,null,null,null,null,null,null,null,null,null,null
442,Gabriela Santos,25977.9776@email.com,128548,Sim,Sim,Sim,Mastercard,Gold,106,Nao,26,M,Aposentado,12000,442,20220364,20220-364,RJ,RIO DE JANEIRO,SANTO CRISTO,AVENIDA,RODRIGUES ALVES - DE 734 AO FIM - LADO PAR,-23.46633846171579,-50.060581590250756,86a803947ffffff,88a8039449fffff
443,Ana Pereira,ana.8353@email.com,110519.5,Nao,Sim,Sim,null,null,113,Sim,56,F,Funcionario Publico,null,null,null,null,null,null,null,null,null,null,null,null,null
444,Ricardo Teixeira,26968.9687@email.com,46450,Sim,Sim,Sim,Mastercard,Infinite,13,Sim,86,M,Funcionario Publico,null,null,null,null,null,null,null,null,null,null,null,null,null
445,Matheus Santos,27019.0192@email.com,29298,Sim,Sim,Sim,VISA,Infinite,105,Sim,70,F,Prof Liberal,null,null,null,null,null,null,null,null,null,null,null,null,null
446,Helena Barbosa,27264.2646@email.com,20091,Sim,Sim,Sim,VISA,Gold,72,Nao,60,M,Prof Liberal,null,null,null,null,null,null,null,null,null,null,null,null,null
447,Larissa Gomes,28154.1542@email.com,22966,Sim,Sim,Sim,Mastercard,Infinite,135,Sim,78,M,Prof Liberal,null,null,null,null,null,null,null,null,null,null,null,null,null
448,Fernanda Silva,29165.1653@email.com,134604.5,Sim,Sim,Sim,Mastercard,Gold,138,Nao,25,M,Prof Liberal,null,null,null,null,null,null,null,null,null,null,null,null,null
449,Beatriz Costa,29195.1950@email.com,83697,Nao,Sim,Sim,null,null,26,Nao,77,M,Autonomo,13000,449,20220430,20220-430,RJ,RIO DE JANEIRO,SANTO CRISTO,PRACA,MARECHAL HERMES,-24.4430042469402,-51.806567457404604,86a82e6efffffff,88a82e6edbfffff
450,Maria Ferreira,29601.6014@email.com,58403.5,Sim,Nao,Nao,Mastercard,Infinite,52,Sim,38,M,Autonomo,null,null,null,null,null,null,null,null,null,null,null,null,null
451,Fabio Lima,29615.6151@email.com,170752,Sim,Sim,Sim,Mastercard,Connect,109,Sim,77,M,Prof Liberal,6000,451,20220460,20220-460,RJ,RIO DE JANEIRO,SAUDE,AVENIDA,BARAO DE TEFE,-22.362845720585046,-45.8443202745293,86a8acba7ffffff,88a8acba67fffff
452,Priscila Ribeiro,30360.3608@email.com,152376,Sim,Nao,Sim,Mastercard,Gold,82,Sim,73,M,Prof Liberal,7000,452,20220470,20220-470,RJ,RIO DE JANEIRO,GAMBOA,RUA,CONSELHEIRO ZACARIAS,-23.853323957497743,-45.79807671047943,86a81628fffffff,88a81628d7fffff
453,Camila Carvalho,31099.0998@email.com,33905.5,Sim,Nao,Nao,Mastercard,Platinum,116,Sim,47,M,Aposentado,15000,453,20220480,20220-480,RJ,RIO DE JANEIRO,GAMBOA,PRACA,CORONEL ASSUNCAO,-22.10058899062564,-49.48835114563166,86a81dcefffffff,88a81dceb3fffff
454,Samuel Ribeiro,31129.1297@email.com,177914,Nao,Sim,Sim,null,null,83,Sim,40,F,Estudante,null,null,null,null,null,null,null,null,null,null,null,null,null
455,Ricardo Araujo,31326.3267@email.com,201716.5,Sim,Sim,Sim,VISA,DUX,136,Sim,56,M,Funcionario Publico,null,null,null,null,null,null,null,null,null,null,null,null,null
456,Isabela Carvalho,31583.5834@email.com,186137,Nao,Nao,Sim,null,null,134,Sim,87,M,Prof Liberal,null,null,null,null,null,null,null,null,null,null,null,null,null
457,Pedro Nascimento,31945.9450@email.com,158343.5,Sim,Nao,Sim,VISA,Platinum,64,Nao,23,M,Funcionario Publico,null,null,null,null,null,null,null,null,null,null,null,null,null
458,Renata Carvalho,32622.6225@email.com,154372,Nao,Sim,Sim,null,null,60,Sim,65,F,Aposentado,null,null,null,null,null,null,null,null,null,null,null,null,null
459,Larissa Nascimento,33458.4582@email.com,175926,Sim,Sim,Sim,Mastercard,DUX,47,Sim,50,M,Estudante,null,null,null,null,null,null,null,null,null,null,null,null,null
460,Thiago Costa,33637.6375@email.com,155896,Sim,Sim,Sim,VISA,Connect,114,Sim,75,M,Prof Liberal,null,null,null,null,null,null,null,null,null,null,null,null,null
461,Priscila Melo,35227.2277@email.com,52122,Sim,Sim,Sim,Mastercard,DUX,84,Nao,81,F,Estudante,null,null,null,null,null,null,null,null,null,null,null,null,null
462,Juliana Oliveira,35739.7391@email.com,76713.5,Sim,Nao,Sim,Mastercard,DUX,52,Sim,20,M,Prof Liberal,null,null,null,null,null,null,null,null,null,null,null,null,null
463,Vanessa Barbosa,35753.7530@email.com,112309,Sim,Sim,Sim,Mastercard,Platinum,100,Sim,73,M,Prof Liberal,null,null,null,null,null,null,null,null,null,null,null,null,null
464,Vanessa Martins,36170.1705@email.com,73629,Sim,Sim,Sim,VISA,Gold,36,Sim,47,M,Prof Liberal,null,null,null,null,null,null,null,null,null,null,null,null,null
465,Isabela Lima,36222.2225@email.com,37277,Sim,Nao,Sim,Mastercard,Connect,138,Sim,75,M,Prof Liberal,null,null,null,null,null,null,null,null,null,null,null,null,null
466,Vanessa Martins,36382.3820@email.com,95503,Sim,Sim,Sim,VISA,Infinite,69,Sim,85,M,Prof Liberal,null,null,null,null,null,null,null,null,null,null,null,null,null
467,Maria Santos,36810.8107@email.com,60081,Sim,Sim,Sim,VISA,Gold,55,Sim,68,M,Prof Liberal,null,null,null,null,null,null,null,null,null,null,null,null,null
468,Larissa Araujo,37140.1405@email.com,113846,Nao,Sim,Sim,null,null,71,Sim,82,M,Autonomo,null,null,null,null,null,null,null,null,null,null,null,null,null
469,Juliana Martins,37298.2986@email.com,32575.5,Nao,Nao,Sim,null,null,35,Sim,69,M,Prof Liberal,null,null,null,null,null,null,null,null,null,null,null,null,null
470,Fabio Santos,37354.3545@email.com,113212,Sim,Sim,Sim,VISA,Platinum,87,Sim,37,M,Prof Liberal,null,null,null,null,null,null,null,null,null,null,null,null,null
471,Carolina Gomes,37479.4796@email.com,182158,Nao,Nao,Sim,null,null,3,Sim,19,F,Prof Liberal,null,null,null,null,null,null,null,null,null,null,null,null,null
472,Ricardo Silva,38457.4578@email.com,39762,Sim,Sim,Nao,Mastercard,DUX,111,Sim,45,M,Prof Liberal,null,null,null,null,null,null,null,null,null,null,null,null,null
473,Fernanda Araujo,38669.6693@email.com,127723,Nao,Sim,Sim,null,null,54,Nao,47,M,Funcionario Publico,20000,473,20220640,20220-640,RJ,RIO DE JANEIRO,SANTO CRISTO,RUA,FARNESE,-24.293404601636865,-47.55040756670784,86a8151a7ffffff,88a8151849fffff
474,Lucas Costa,38993.9936@email.com,58484,Sim,Sim,Sim,VISA,DUX,114,Sim,23,M,Prof Liberal,null,null,null,null,null,null,null,null,null,null,null,null,null
475,Ricardo Rodrigues,39553.5531@email.com,167410,Sim,Sim,Sim,VISA,Connect,75,Sim,59,M,Prof Liberal,10000,475,20220660,20220-660,RJ,RIO DE JANEIRO,SANTO CRISTO,RUA,NABUCO DE FREITAS,-20.546936908653475,-45.5029991832889,86a8ab9a7ffffff,88a8a86593fffff
476,Vanessa Gomes,39907.9073@email.com,83495,Nao,Sim,Nao,null,null,22,Sim,72,M,Funcionario Publico,null,null,null,null,null,null,null,null,null,null,null,null,null
477,Larissa Barbosa,41484.4841@email.com,183323.5,Nao,Nao,Sim,null,null,76,Sim,20,M,Aposentado,null,null,null,null,null,null,null,null,null,null,null,null,null
478,Diego Pereira,41580.5801@email.com,51285,Sim,Sim,Nao,VISA,Infinite,16,Sim,21,M,Autonomo,null,null,null,null,null,null,null,null,null,null,null,null,null
479,Carolina Rodrigues,41792.7925@email.com,162951,Sim,Sim,Sim,VISA,DUX,118,Sim,84,M,Aposentado,null,null,null,null,null,null,null,null,null,null,null,null,null
480,Priscila Lima,42174.1748@email.com,106472.5,Sim,Sim,Sim,Mastercard,DUX,109,Sim,79,M,Aposentado,null,null,null,null,null,null,null,null,null,null,null,null,null
481,Camila Almeida,42772.7728@email.com,114505,Sim,Sim,Sim,VISA,Connect,48,Sim,34,M,Funcionario Publico,null,null,null,null,null,null,null,null,null,null,null,null,null
482,Vanessa Lima,42856.8564@email.com,49912.5,Nao,Sim,Sim,null,null,104,Sim,35,M,Aposentado,null,null,null,null,null,null,null,null,null,null,null,null,null
483,Pedro Oliveira,42872.8726@email.com,100321,Sim,Sim,Sim,VISA,Infinite,87,Sim,61,M,Aposentado,null,null,null,null,null,null,null,null,null,null,null,null,null
484,Camila Barbosa,44448.4482@email.com,161385,Sim,Sim,Nao,VISA,DUX,146,Sim,21,M,Estudante,null,null,null,null,null,null,null,null,null,null,null,null,null
485,Matheus Silva,44468.4689@email.com,99758,Sim,Sim,Nao,VISA,DUX,97,Sim,68,M,Prof Liberal,null,null,null,null,null,null,null,null,null,null,null,null,null
486,Fernando Santos,45051.0512@email.com,86742,Sim,Nao,Sim,Mastercard,Platinum,131,Nao,74,M,Funcionario Publico,null,null,null,null,null,null,null,null,null,null,null,null,null
487,Priscila Lima,45065.0650@email.com,58996,Nao,Nao,Sim,null,null,40,Sim,77,F,Prof Liberal,2000,487,20220800,20220-800,RJ,RIO DE JANEIRO,SANTO CRISTO,AVENIDA,PROFESSOR PEREIRA REIS,-20.31955978250375,-46.7761870624247,86a8a9317ffffff,88a8a93103fffff
488,Renato Santos,45487.4870@email.com,161677,Sim,Sim,Sim,VISA,Platinum,15,Sim,32,M,Autonomo,null,null,null,null,null,null,null,null,null,null,null,null,null
489,Fernanda Teixeira,46470.4703@email.com,193483,Sim,Sim,Nao,VISA,Infinite,30,Sim,65,F,Autonomo,20000,489,20221005,20221-005,RJ,RIO DE JANEIRO,GAMBOA,RUA,NOEMIA,-21.186051946471167,-46.266279919828065,86a8ad6a7ffffff,88a8ad6a29fffff
490,Juliana Santos,47043.0433@email.com,135962,Nao,Sim,Nao,null,null,28,Nao,64,M,Prof Liberal,null,null,null,null,null,null,null,null,null,null,null,null,null
491,Renato Araujo,47092.0921@email.com,211474,Nao,Nao,Sim,null,null,80,Nao,73,M,Estudante,11000,491,20221030,20221-030,RJ,RIO DE JANEIRO,CENTRO,PRACA,PROCOPIO FERREIRA,-20.930920071921882,-44.53791345108611,86a8aa817ffffff,88a8aa8135fffff
492,Isabela Oliveira,47409.4097@email.com,161457,Sim,Nao,Sim,VISA,Platinum,102,Sim,20,M,Prof Liberal,null,null,null,null,null,null,null,null,null,null,null,null,null
493,Helena Oliveira,47783.7839@email.com,124637,Nao,Sim,Sim,null,null,99,Sim,40,M,Prof Liberal,null,null,null,null,null,null,null,null,null,null,null,null,null
494,Camila Ribeiro,47807.8070@email.com,170863.5,Sim,Sim,Sim,Mastercard,DUX,86,Sim,79,M,Autonomo,null,null,null,null,null,null,null,null,null,null,null,null,null
495,Vanessa Pereira,49717.7179@email.com,35249,Sim,Nao,Sim,VISA,Connect,7,Sim,36,F,Autonomo,null,null,null,null,null,null,null,null,null,null,null,null,null
496,Juliana Barbosa,50886.8866@email.com,29388.5,Nao,Sim,Sim,null,null,146,Nao,58,F,Funcionario Publico,null,null,null,null,null,null,null,null,null,null,null,null,null
497,Bruno Souza,51382.3829@email.com,203904.5,Sim,Sim,Sim,Mastercard,Infinite,75,Sim,48,M,Prof Liberal,16000,497,20221090,20221-090,RJ,RIO DE JANEIRO,GAMBOA,LADEIRA,MADRE DE DEUS,-19.84232346149076,-52.96613183429772,86a856237ffffff,88a8562301fffff
498,Fernando Martins,51477.4779@email.com,98362,Sim,Sim,Sim,Mastercard,Gold,116,Sim,55,M,Prof Liberal,null,null,null,null,null,null,null,null,null,null,null,null,null
499,Beatriz Araujo,51588.5888@email.com,74665.5,Sim,Sim,Sim,Mastercard,Platinum,61,Sim,50,M,Prof Liberal,null,null,null,null,null,null,null,null,null,null,null,null,null
500,Tatiana Oliveira,51752.7529@email.com,181282,Sim,Sim,Sim,VISA,Infinite,107,Sim,40,M,Autonomo,null,null,null,null,null,null,null,null,null,null,null,null,null
501,Ana Lima,ana.9046@email.com,39420,Nao,Sim,Sim,null,null,53,Sim,34,M,Autonomo,17000,501,20221130,20221-130,RJ,RIO DE JANEIRO,GAMBOA,RUA,DO MONTE,-21.575974329549222,-49.58660338516616,86a81d62fffffff,88a81d62a1fffff
502,Helena Barbosa,51917.9172@email.com,51511,Sim,Sim,Sim,VISA,DUX,92,Sim,62,M,Prof Liberal,null,null,null,null,null,null,null,null,null,null,null,null,null
503,Denise Teixeira,52233.2333@email.com,15586,Sim,Sim,Sim,VISA,Connect,35,Sim,21,M,Prof Liberal,null,null,null,null,null,null,null,null,null,null,null,null,null
504,Renata Ribeiro,52453.4532@email.com,33832,Nao,Nao,Sim,null,null,14,Sim,34,M,Prof Liberal,14000,504,20221170,20221-170,RJ,RIO DE JANEIRO,GAMBOA,RUA,CUNHA BARBOSA,-20.54584378996504,-44.48294147750299,86a8aa00fffffff,88a8aa00ebfffff
505,Gabriela Ferreira,52875.8758@email.com,126388,Sim,Sim,Sim,Mastercard,Platinum,118,Sim,50,M,Prof Liberal,null,null,null,null,null,null,null,null,null,null,null,null,null
506,Tatiana Pereira,53355.3554@email.com,124108.5,Sim,Sim,Sim,VISA,Platinum,46,Sim,39,M,Prof Liberal,13000,506,20221192,20221-192,RJ,RIO DE JANEIRO,GAMBOA,RUA,DO LIVRAMENTO - ATE 129 - LADO IMPAR,-21.82349427257945,-45.562813612265195,86a8ac74fffffff,88a8ac74ebfffff
507,Tatiana Costa,53568.5686@email.com,157170,Nao,Sim,Sim,null,null,12,Sim,82,M,Funcionario Publico,null,null,null,null,null,null,null,null,null,null,null,null,null
508,Beatriz Barbosa,53622.6227@email.com,115187,Sim,Nao,Sim,Mastercard,DUX,92,Sim,65,M,Funcionario Publico,null,null,null,null,null,null,null,null,null,null,null,null,null
509,Simone Araujo,53886.8867@email.com,108378.5,Nao,Sim,Sim,null,null,61,Sim,51,M,Prof Liberal,null,null,null,null,null,null,null,null,null,null,null,null,null
510,Thiago Ribeiro,53988.9884@email.com,62813,Sim,Nao,Sim,VISA,Platinum,85,Sim,52,M,Prof Liberal,null,null,null,null,null,null,null,null,null,null,null,null,null
511,Larissa Pereira,54114.1147@email.com,49486,Sim,Sim,Nao,VISA,DUX,32,Sim,78,M,Estudante,null,null,null,null,null,null,null,null,null,null,null,null,null
512,Natalia Gomes,54401.4018@email.com,77383.5,Sim,Sim,Sim,Mastercard,Platinum,82,Sim,85,M,Prof Liberal,7000,512,20221220,20221-220,RJ,RIO DE JANEIRO,GAMBOA,RUA,ALFREDO DOLABELA PORTELA,-24.704098441067238,-52.070234741567354,86a82e3afffffff,88a82e3a85fffff
513,Marcos Barbosa,55531.5319@email.com,97953.5,Nao,Sim,Sim,null,null,54,Sim,66,F,Funcionario Publico,null,null,null,null,null,null,null,null,null,null,null,null,null
514,Samuel Pereira,55719.7199@email.com,182754,Nao,Sim,Sim,null,null,136,Sim,63,F,Prof Liberal,null,null,null,null,null,null,null,null,null,null,null,null,null
515,Ricardo Araujo,56013.0130@email.com,122350,Nao,Sim,Sim,null,null,30,Sim,36,M,Autonomo,9000,515,20221250,20221-250,RJ,RIO DE JANEIRO,CENTRO,PRACA,CRISTIANO OTTONI,-22.474138926709497,-48.18100902579903,86a81c417ffffff,88a81c4139fffff
516,Fernanda Teixeira,56060.0603@email.com,39483,Nao,Sim,Nao,null,null,44,Sim,82,M,Prof Liberal,null,null,null,null,null,null,null,null,null,null,null,null,null
517,Renata Oliveira,56847.8479@email.com,141224,Sim,Sim,Sim,VISA,Infinite,35,Sim,34,M,Estudante,null,null,null,null,null,null,null,null,null,null,null,null,null
518,Camila Oliveira,57038.0386@email.com,79004,Sim,Sim,Sim,Mastercard,Infinite,61,Sim,25,M,Funcionario Publico,22000,518,20221280,20221-280,RJ,RIO DE JANEIRO,CENTRO,RUA,MARCILIO DIAS,-20.964978994710496,-49.74911317421918,86a819157ffffff,88a8191093fffff
519,Patricia Souza,57337.3377@email.com,141344,Nao,Nao,Nao,null,null,118,Sim,74,M,Prof Liberal,null,null,null,null,null,null,null,null,null,null,null,null,null
520,Gabriela Teixeira,57348.3486@email.com,181171,Sim,Sim,Sim,Mastercard,Platinum,89,Sim,77,M,Funcionario Publico,22000,520,20221291,20221-291,RJ,RIO DE JANEIRO,CENTRO,RUA,SENADOR POMPEU - DE 099 AO FIM - LADO IMPAR,-22.487859897703693,-50.85146570385221,86a80e157ffffff,88a80e1543fffff
521,Camila Melo,58650.6502@email.com,101625,Nao,Sim,Sim,null,null,103,Sim,63,F,Prof Liberal,null,null,null,null,null,null,null,null,null,null,null,null,null
522,Beatriz Teixeira,58823.8235@email.com,73887,Sim,Sim,Nao,VISA,Infinite,74,Sim,71,M,Estudante,null,null,null,null,null,null,null,null,null,null,null,null,null
523,Larissa Rodrigues,58996.9963@email.com,118726,Sim,Nao,Sim,Mastercard,Connect,91,Sim,30,M,Aposentado,18000,523,20221320,20221-320,RJ,RIO DE JANEIRO,GAMBOA,TRAVESSA,DO BARROSO,-20.121654257399857,-48.089993779526935,86a8f4b2fffffff,88a8f4b283fffff
524,Samuel Lima,59254.2546@email.com,123174,Sim,Sim,Nao,VISA,Platinum,38,Sim,66,F,Prof Liberal,null,null,null,null,null,null,null,null,null,null,null,null,null
525,Andre Barbosa,59319.3196@email.com,53321,Sim,Sim,Sim,VISA,Connect,110,Sim,36,F,Prof Liberal,null,null,null,null,null,null,null,null,null,null,null,null,null
526,Maria Almeida,59603.6037@email.com,79261,Sim,Sim,Sim,VISA,Connect,78,Sim,30,M,Funcionario Publico,22000,526,20221350,20221-350,RJ,RIO DE JANEIRO,GAMBOA,LARGO,DA CAPELA,-23.455557608835136,-52.5647331902555,86a82bcc7ffffff,88a82bcc39fffff
527,Jorge Teixeira,59926.9268@email.com,23793,Sim,Nao,Sim,Mastercard,Platinum,121,Nao,26,M,Prof Liberal,null,null,null,null,null,null,null,null,null,null,null,null,null
528,Larissa Pereira,59935.9353@email.com,103305.5,Sim,Sim,Sim,VISA,Gold,131,Nao,76,M,Prof Liberal,null,null,null,null,null,null,null,null,null,null,null,null,null
529,Fabio Martins,60020.0206@email.com,127683.5,Nao,Sim,Sim,null,null,122,Nao,18,M,Prof Liberal,2000,529,20221380,20221-380,RJ,RIO DE JANEIRO,GAMBOA,LADEIRA,DO FARIA,-21.618130384371543,-45.78982880858005,86a8ac2dfffffff,88a8ac2da3fffff
530,Isabela Souza,60355.3556@email.com,60657,Sim,Sim,Sim,VISA,Platinum,146,Nao,36,M,Autonomo,null,null,null,null,null,null,null,null,null,null,null,null,null
531,Ana Souza,ana.7379@email.com,131928,Sim,Sim,Sim,Mastercard,Gold,21,Nao,27,M,Prof Liberal,9000,531,20221400,20221-400,RJ,RIO DE JANEIRO,CENTRO,RUA,VISCONDE DA GAVEA,-23.486913871813343,-46.04625479215728,86a812b27ffffff,88a812b201fffff
532,Camila Costa,60865.8653@email.com,186263.5,Sim,Sim,Nao,VISA,Platinum,58,Nao,57,M,Autonomo,null,null,null,null,null,null,null,null,null,null,null,null,null
533,Samuel Souza,61420.4201@email.com,196954,Nao,Sim,Sim,null,null,94,Sim,30,F,Aposentado,null,null,null,null,null,null,null,null,null,null,null,null,null
534,Gabriela Nascimento,61667.6676@email.com,75788,Sim,Nao,Sim,VISA,Platinum,1,Sim,74,M,Aposentado,null,null,null,null,null,null,null,null,null,null,null,null,null
535,Renata Costa,61910.9103@email.com,132740.5,Nao,Nao,Sim,null,null,60,Sim,21,F,Autonomo,null,null,null,null,null,null,null,null,null,null,null,null,null
536,Gabriela Gomes,62052.0524@email.com,141377.5,Sim,Nao,Nao,VISA,Platinum,35,Sim,49,M,Funcionario Publico,null,null,null,null,null,null,null,null,null,null,null,null,null
537,Claudia Lima,62899.8997@email.com,76934,Nao,Sim,Sim,null,null,72,Sim,21,F,Prof Liberal,null,null,null,null,null,null,null,null,null,null,null,null,null
538,Juliana Martins,62944.9448@email.com,145493,Nao,Nao,Sim,null,null,90,Sim,70,F,Prof Liberal,null,null,null,null,null,null,null,null,null,null,null,null,null
539,Ana Carvalho,ana.4560@email.com,43280,Sim,Sim,Sim,VISA,Infinite,66,Sim,25,F,Estudante,null,null,null,null,null,null,null,null,null,null,null,null,null
540,Camila Nascimento,63969.9692@email.com,147485,Sim,Sim,Sim,Mastercard,Platinum,5,Sim,64,M,Prof Liberal,21000,540,20230010,20230-010,RJ,RIO DE JANEIRO,CENTRO,RUA,RIACHUELO - ATE 195 - LADO IMPAR,-24.148058058497593,-47.42580077992456,86a81554fffffff,88a8155485fffff
541,Vanessa Oliveira,64216.2162@email.com,95989,Sim,Sim,Sim,Mastercard,DUX,52,Sim,73,M,Funcionario Publico,null,null,null,null,null,null,null,null,null,null,null,null,null
542,Lucas Melo,65803.8038@email.com,128384,Nao,Sim,Nao,null,null,22,Sim,32,M,Prof Liberal,null,null,null,null,null,null,null,null,null,null,null,null,null
543,Ana Pereira,ana.0273@email.com,153449.5,Sim,Nao,Nao,VISA,DUX,147,Sim,40,M,Funcionario Publico,null,null,null,null,null,null,null,null,null,null,null,null,null
544,Beatriz Ferreira,67258.2588@email.com,31027,Sim,Sim,Sim,VISA,Connect,112,Sim,72,M,Prof Liberal,null,null,null,null,null,null,null,null,null,null,null,null,null
545,Denise Oliveira,68208.2083@email.com,112674,Sim,Sim,Sim,VISA,DUX,58,Sim,86,M,Prof Liberal,null,null,null,null,null,null,null,null,null,null,null,null,null
546,Andre Rodrigues,68316.3162@email.com,135541,Nao,Sim,Sim,null,null,104,Sim,21,M,Aposentado,null,null,null,null,null,null,null,null,null,null,null,null,null
547,Diego Teixeira,68631.6315@email.com,119755,Nao,Sim,Sim,null,null,95,Nao,81,M,Autonomo,null,null,null,null,null,null,null,null,null,null,null,null,null
548,Lucas Nascimento,68694.6946@email.com,112124,Nao,Sim,Nao,null,null,122,Sim,36,F,Prof Liberal,null,null,null,null,null,null,null,null,null,null,null,null,null
549,Samuel Barbosa,69664.6649@email.com,147674,Sim,Nao,Sim,VISA,Infinite,47,Sim,29,M,Funcionario Publico,null,null,null,null,null,null,null,null,null,null,null,null,null
550,Carolina Costa,69869.8690@email.com,79998,Nao,Nao,Sim,null,null,70,Sim,72,M,Prof Liberal,7000,550,20230027,20230-027,RJ,RIO DE JANEIRO,CENTRO,RUA,WASHINGTON LUIS - DE 60 AO FIM - LADO PAR,-22.39664292310118,-47.880861088724465,86a81e877ffffff,88a81e872bfffff
551,Tatiana Oliveira,69952.9522@email.com,155297,Sim,Sim,Sim,VISA,DUX,69,Sim,61,M,Prof Liberal,1000,551,20230030,20230-030,RJ,RIO DE JANEIRO,SANTA TERESA,LADEIRA,DO CASTRO,-23.12635542381805,-45.21849013012044,86a812477ffffff,88a8124707fffff
552,Fabio Moreira,71583.5830@email.com,178092,Sim,Nao,Sim,Mastercard,Gold,76,Sim,61,M,Aposentado,null,null,null,null,null,null,null,null,null,null,null,null,null
553,Natalia Oliveira,71860.8609@email.com,180819,Sim,Sim,Sim,VISA,Connect,2,Nao,86,M,Autonomo,null,null,null,null,null,null,null,null,null,null,null,null,null
554,Larissa Oliveira,73618.6181@email.com,195406,Sim,Sim,Sim,Mastercard,DUX,39,Sim,34,F,Prof Liberal,null,null,null,null,null,null,null,null,null,null,null,null,null
555,Gustavo Rodrigues,73753.7530@email.com,108869,Sim,Sim,Sim,Mastercard,Connect,119,Sim,74,M,Funcionario Publico,null,null,null,null,null,null,null,null,null,null,null,null,null
556,Gabriela Lima,73993.9936@email.com,185668,Sim,Nao,Sim,VISA,DUX,146,Nao,74,M,Aposentado,null,null,null,null,null,null,null,null,null,null,null,null,null
557,Claudia Silva,74120.1203@email.com,163807,Sim,Sim,Sim,Mastercard,DUX,106,Sim,67,M,Autonomo,null,null,null,null,null,null,null,null,null,null,null,null,null
558,Beatriz Almeida,74244.2442@email.com,198147,Sim,Sim,Sim,VISA,Gold,46,Sim,20,M,Prof Liberal,21000,558,20230100,20230-100,RJ,RIO DE JANEIRO,SANTA TERESA,RUA,SILVIO ROMERO,-23.330497939424077,-52.91795320984656,86a82b157ffffff,88a82b1535fffff
559,Simone Martins,74321.3213@email.com,25693,Sim,Nao,Nao,Mastercard,Gold,18,Nao,47,M,Prof Liberal,null,null,null,null,null,null,null,null,null,null,null,null,null
560,Priscila Souza,74871.8716@email.com,78736,Sim,Nao,Sim,Mastercard,Platinum,29,Sim,29,M,Funcionario Publico,null,null,null,null,null,null,null,null,null,null,null,null,null
561,Camila Melo,74997.9978@email.com,42004.5,Sim,Sim,Sim,Mastercard,Gold,13,Sim,57,M,Prof Liberal,null,null,null,null,null,null,null,null,null,null,null,null,null
562,Gabriela Lima,75540.5408@email.com,156228,Nao,Sim,Nao,null,null,98,Sim,31,M,Aposentado,null,null,null,null,null,null,null,null,null,null,null,null,null
563,Beatriz Rodrigues,76045.0458@email.com,186547,Sim,Nao,Sim,Mastercard,DUX,102,Sim,42,M,Autonomo,null,null,null,null,null,null,null,null,null,null,null,null,null
564,Denise Melo,76854.8546@email.com,41395,Sim,Sim,Nao,VISA,Platinum,4,Sim,28,M,Autonomo,null,null,null,null,null,null,null,null,null,null,null,null,null
565,Ana Gomes,ana.9055@email.com,104820,Nao,Sim,Nao,null,null,147,Sim,71,M,Estudante,null,null,null,null,null,null,null,null,null,null,null,null,null
566,Lucas Melo,77024.0248@email.com,148884,Sim,Sim,Sim,VISA,Infinite,123,Nao,65,M,Prof Liberal,null,null,null,null,null,null,null,null,null,null,null,null,null
567,Juliana Almeida,77713.7132@email.com,96462,Nao,Nao,Sim,null,null,125,Sim,84,M,Prof Liberal,null,null,null,null,null,null,null,null,null,null,null,null,null
568,Fernanda Oliveira,78094.0947@email.com,179783,Sim,Sim,Nao,Mastercard,Infinite,23,Sim,70,F,Estudante,null,null,null,null,null,null,null,null,null,null,null,null,null
569,Fernanda Moreira,78572.5729@email.com,119590,Sim,Sim,Sim,VISA,Connect,50,Sim,75,M,Prof Liberal,null,null,null,null,null,null,null,null,null,null,null,null,null
570,Leonardo Souza,80153.1530@email.com,122534.5,Sim,Sim,Sim,Mastercard,Platinum,118,Sim,63,M,Prof Liberal,13000,570,20230192,20230-192,RJ,RIO DE JANEIRO,CENTRO,RUA,GENERAL CALDWELL - ATE 215 - LADO IMPAR,-21.556454765441348,-47.36261403098371,86a81e68fffffff,88a81e68b1fffff
571,Vanessa Oliveira,80261.2612@email.com,94909,Sim,Sim,Sim,Mastercard,Infinite,50,Sim,68,M,Funcionario Publico,10000,571,20230193,20230-193,RJ,RIO DE JANEIRO,CENTRO,RUA,GENERAL CALDWELL - ATE 252 - LADO PAR,-24.995485424918968,-48.38365584460961,86a806d8fffffff,88a806d8d1fffff
572,Gabriela Teixeira,80415.4153@email.com,3328,Sim,Sim,Nao,Mastercard,Infinite,21,Sim,83,M,Prof Liberal,null,null,null,null,null,null,null,null,null,null,null,null,null
573,Patricia Silva,80812.8128@email.com,104084,Nao,Sim,Sim,null,null,94,Nao,37,M,Funcionario Publico,11000,573,20230195,20230-195,RJ,RIO DE JANEIRO,CENTRO,RUA,GENERAL CALDWELL - DE 254 AO FIM - LADO PAR,-24.19815159175168,-52.01205239092079,86a82a81fffffff,88a82a819bfffff
574,Ricardo Santos,81176.1764@email.com,34202.5,Sim,Sim,Sim,VISA,Platinum,18,Sim,67,M,Prof Liberal,null,null,null,null,null,null,null,null,null,null,null,null,null
575,Denise Gomes,81275.2750@email.com,193355,Nao,Nao,Sim,null,null,46,Nao,60,F,Autonomo,null,null,null,null,null,null,null,null,null,null,null,null,null
576,Fernando Pereira,81546.5464@email.com,80642,Sim,Nao,Sim,VISA,DUX,122,Sim,64,M,Prof Liberal,null,null,null,null,null,null,null,null,null,null,null,null,null
577,Tatiana Martins,82228.2287@email.com,48010,Sim,Nao,Sim,VISA,Connect,56,Sim,66,M,Prof Liberal,null,null,null,null,null,null,null,null,null,null,null,null,null
578,Rafael Nascimento,82773.7739@email.com,113086,Nao,Sim,Sim,null,null,121,Sim,47,M,Estudante,null,null,null,null,null,null,null,null,null,null,null,null,null
579,Patricia Melo,83323.3232@email.com,88084,Nao,Sim,Sim,null,null,53,Sim,46,M,Prof Liberal,null,null,null,null,null,null,null,null,null,null,null,null,null
580,Carolina Teixeira,83541.5412@email.com,118769.5,Nao,Sim,Sim,null,null,113,Sim,82,M,Prof Liberal,null,null,null,null,null,null,null,null,null,null,null,null,null
581,Eduardo Carvalho,84110.1100@email.com,101071,Nao,Sim,Sim,null,null,2,Sim,51,M,Autonomo,8000,581,20231000,20231-000,RJ,RIO DE JANEIRO,CENTRO,RUA,DO SENADO - ATE 88/089,-23.99293848877232,-48.80680666192228,86a80298fffffff,88a802989bfffff
582,Simone Ribeiro,84727.7274@email.com,157273,Sim,Sim,Sim,VISA,Connect,2,Sim,38,F,Funcionario Publico,null,null,null,null,null,null,null,null,null,null,null,null,null
583,Maria Souza,85213.2137@email.com,203630,Sim,Sim,Sim,Mastercard,Infinite,113,Sim,62,M,Autonomo,null,null,null,null,null,null,null,null,null,null,null,null,null
584,Eduardo Pereira,85638.6381@email.com,9871,Nao,Sim,Nao,null,null,84,Sim,28,M,Estudante,null,null,null,null,null,null,null,null,null,null,null,null,null
585,Isabela Rodrigues,86295.2951@email.com,44939,Sim,Sim,Sim,VISA,Gold,25,Sim,33,M,Aposentado,null,null,null,null,null,null,null,null,null,null,null,null,null
586,Claudia Costa,86356.3569@email.com,157294,Sim,Sim,Sim,Mastercard,Platinum,15,Nao,38,M,Funcionario Publico,null,null,null,null,null,null,null,null,null,null,null,null,null
587,Carlos Almeida,carlos.7773@email.com,111520,Sim,Sim,Sim,Mastercard,Connect,49,Sim,34,F,Prof Liberal,null,null,null,null,null,null,null,null,null,null,null,null,null
588,Juliana Martins,86976.9760@email.com,169062,Sim,Sim,Sim,VISA,Infinite,41,Sim,35,M,Aposentado,null,null,null,null,null,null,null,null,null,null,null,null,null
589,Denise Santos,88445.4454@email.com,161324,Sim,Nao,Sim,VISA,Platinum,129,Sim,34,M,Aposentado,null,null,null,null,null,null,null,null,null,null,null,null,null
590,Priscila Martins,88548.5483@email.com,17314,Nao,Sim,Sim,null,null,57,Sim,49,M,Prof Liberal,null,null,null,null,null,null,null,null,null,null,null,null,null
591,Simone Teixeira,88668.6689@email.com,12313,Nao,Sim,Nao,null,null,12,Sim,55,M,Prof Liberal,null,null,null,null,null,null,null,null,null,null,null,null,null
592,Claudia Ribeiro,88831.8310@email.com,160491.5,Sim,Sim,Sim,Mastercard,Platinum,91,Sim,69,M,Estudante,17000,592,20231030,20231-030,RJ,RIO DE JANEIRO,CENTRO,AVENIDA,HENRIQUE VALADARES - ATE 138/139,-21.909622118157845,-47.63254835371683,86a81e0c7ffffff,88a81e0c03fffff
593,Isabela Oliveira,89045.0455@email.com,53697,Sim,Sim,Sim,VISA,DUX,66,Sim,19,M,Funcionario Publico,null,null,null,null,null,null,null,null,null,null,null,null,null
594,Rafael Melo,89571.5718@email.com,165346,Sim,Sim,Nao,Mastercard,Platinum,117,Sim,43,M,Aposentado,null,null,null,null,null,null,null,null,null,null,null,null,null
595,Beatriz Oliveira,89592.5922@email.com,12207,Sim,Sim,Sim,Mastercard,Platinum,83,Sim,58,M,Funcionario Publico,null,null,null,null,null,null,null,null,null,null,null,null,null
596,Vanessa Ribeiro,89709.7097@email.com,59149,Sim,Sim,Nao,Mastercard,DUX,4,Sim,52,F,Prof Liberal,null,null,null,null,null,null,null,null,null,null,null,null,null
597,Lucas Santos,91550.5501@email.com,146836,Sim,Sim,Sim,Mastercard,DUX,98,Sim,33,F,Funcionario Publico,null,null,null,null,null,null,null,null,null,null,null,null,null
598,Simone Nascimento,92077.0770@email.com,115493,Nao,Sim,Sim,null,null,34,Sim,30,M,Aposentado,null,null,null,null,null,null,null,null,null,null,null,null,null
599,Claudia Martins,92208.2083@email.com,80074,Sim,Nao,Sim,VISA,Connect,126,Sim,43,M,Prof Liberal,null,null,null,null,null,null,null,null,null,null,null,null,null
600,Helena Rodrigues,92418.4186@email.com,11165,Sim,Sim,Sim,Mastercard,Platinum,48,Sim,54,M,Prof Liberal,null,null,null,null,null,null,null,null,null,null,null,null,null
601,Tatiana Melo,94471.4710@email.com,19490,Nao,Sim,Sim,null,null,48,Sim,31,M,Estudante,null,null,null,null,null,null,null,null,null,null,null,null,null
602,Ana Ribeiro,ana.1846@email.com,110477.5,Sim,Sim,Sim,Mastercard,Platinum,25,Sim,21,M,Prof Liberal,null,null,null,null,null,null,null,null,null,null,null,null,null
603,Juliana Carvalho,95354.3540@email.com,42306,Sim,Sim,Sim,Mastercard,Infinite,95,Sim,36,M,Prof Liberal,13000,603,20231082,20231-082,RJ,RIO DE JANEIRO,CENTRO,RUA,CARLOS SAMPAIO - ATE 227 - LADO IMPAR,-24.20834557776092,-45.09824842170406,86a816417ffffff,88a816411dfffff
604,Fernando Pereira,95556.5560@email.com,145704.5,Sim,Sim,Sim,Mastercard,Gold,111,Nao,47,M,Prof Liberal,null,null,null,null,null,null,null,null,null,null,null,null,null
605,Juliana Pereira,95794.7944@email.com,196002,Sim,Nao,Sim,VISA,Connect,31,Sim,60,F,Autonomo,null,null,null,null,null,null,null,null,null,null,null,null,null
606,Ana Rodrigues,ana.8311@email.com,57940,Sim,Sim,Nao,Mastercard,DUX,72,Nao,29,M,Autonomo,null,null,null,null,null,null,null,null,null,null,null,null,null
607,Jorge Moreira,95860.8606@email.com,175173,Sim,Sim,Sim,Mastercard,DUX,94,Sim,79,M,Aposentado,7000,607,20231091,20231-091,RJ,RIO DE JANEIRO,CENTRO,RUA,DO RESENDE - DE 53 AO FIM - LADO IMPAR,-24.20298132024729,-51.33922198405545,86a82acb7ffffff,88a80534dbfffff
608,Maria Nascimento,96446.4462@email.com,103261,Sim,Sim,Sim,Mastercard,Platinum,106,Sim,71,M,Autonomo,11000,608,20231092,20231-092,RJ,RIO DE JANEIRO,CENTRO,RUA,DO RESENDE - DE 58 AO FIM - LADO PAR,-24.78904907842251,-50.318132745518106,86a80434fffffff,88a80434d3fffff
609,Camila Barbosa,97828.8285@email.com,168645,Nao,Nao,Sim,null,null,94,Sim,37,M,Prof Liberal,null,null,null,null,null,null,null,null,null,null,null,null,null
610,Juliana Martins,98067.0672@email.com,149102,Sim,Sim,Sim,VISA,Gold,6,Sim,56,M,Estudante,6000,610,20231094,20231-094,RJ,RIO DE JANEIRO,CENTRO,RUA,DO RESENDE - ATE 56 - LADO PAR,-22.954941948633923,-50.715612903403304,86a8016efffffff,88a8016ed7fffff
611,Claudia Teixeira,99365.3658@email.com,95614,Sim,Sim,Sim,Mastercard,Infinite,123,Sim,65,M,Autonomo,null,null,null,null,null,null,null,null,null,null,null,null,null
612,Eduardo Teixeira,99375.3752@email.com,192309.5,Nao,Sim,Nao,null,null,8,Sim,63,M,Prof Liberal,null,null,null,null,null,null,null,null,null,null,null,null,null
613,Simone Melo,99884.8845@email.com,129409,Sim,Sim,Sim,VISA,Gold,64,Nao,64,F,Prof Liberal,null,null,null,null,null,null,null,null,null,null,null,null,null
614,Samuel Pereira,99918.9180@email.com,56039.5,Sim,Sim,Sim,Mastercard,Platinum,149,Sim,85,F,Prof Liberal,null,null,null,null,null,null,null,null,null,null,null,null,null
615,Ana Gomes,ana.4675@email.com,81540,Sim,Sim,Sim,Mastercard,Infinite,30,Sim,45,M,Funcionario Publico,null,null,null,null,null,null,null,null,null,null,null,null,null
616,Gabriela Ferreira,10601.6011@email.com,106828,Nao,Sim,Sim,null,null,35,Sim,87,M,Aposentado,null,null,null,null,null,null,null,null,null,null,null,null,null
617,Renata Santos,12007.0070@email.com,160472,Sim,Nao,Sim,Mastercard,Platinum,48,Sim,54,M,Autonomo,null,null,null,null,null,null,null,null,null,null,null,null,null
618,Maria Teixeira,12485.4854@email.com,170385.5,Sim,Sim,Sim,Mastercard,Gold,104,Sim,60,M,Funcionario Publico,null,null,null,null,null,null,null,null,null,null,null,null,null
619,Patricia Melo,12678.6785@email.com,112844,Nao,Nao,Sim,null,null,57,Sim,33,M,Prof Liberal,null,null,null,null,null,null,null,null,null,null,null,null,null
620,Helena Oliveira,13598.5982@email.com,181399,Sim,Sim,Nao,VISA,Connect,77,Sim,68,M,Prof Liberal,null,null,null,null,null,null,null,null,null,null,null,null,null
621,Maria Carvalho,14421.4219@email.com,202758.5,Sim,Sim,Sim,VISA,Infinite,5,Sim,29,M,Autonomo,null,null,null,null,null,null,null,null,null,null,null,null,null
622,Ricardo Martins,14537.5373@email.com,168633.5,Nao,Sim,Sim,null,null,125,Sim,28,M,Prof Liberal,null,null,null,null,null,null,null,null,null,null,null,null,null
623,Patricia Martins,14863.8631@email.com,15784,Sim,Sim,Sim,Mastercard,Platinum,119,Sim,20,M,Prof Liberal,null,null,null,null,null,null,null,null,null,null,null,null,null
624,Pedro Santos,15309.3098@email.com,188616,Sim,Sim,Sim,VISA,DUX,16,Sim,28,M,Funcionario Publico,null,null,null,null,null,null,null,null,null,null,null,null,null
625,Vanessa Gomes,15340.3402@email.com,87969,Nao,Sim,Sim,null,null,7,Nao,37,M,Funcionario Publico,11000,625,20240090,20240-090,RJ,RIO DE JANEIRO,SANTA TERESA,RUA,AARAO REIS,-20.47909482833135,-48.58524898587304,86a81b11fffffff,88a81b0349fffff
626,Lucas Pereira,16017.0173@email.com,85832.5,Nao,Sim,Sim,null,null,36,Sim,82,M,Funcionario Publico,null,null,null,null,null,null,null,null,null,null,null,null,null
627,Juliana Nascimento,16314.3148@email.com,161422,Sim,Nao,Sim,Mastercard,DUX,68,Sim,18,M,Estudante,null,null,null,null,null,null,null,null,null,null,null,null,null
628,Diego Teixeira,16384.3848@email.com,45722.5,Sim,Sim,Sim,Mastercard,Infinite,44,Sim,26,F,Autonomo,null,null,null,null,null,null,null,null,null,null,null,null,null
629,Helena Oliveira,16413.4138@email.com,188811,Sim,Nao,Nao,VISA,Infinite,114,Sim,60,M,Prof Liberal,null,null,null,null,null,null,null,null,null,null,null,null,null
630,Fernanda Ferreira,16646.6466@email.com,67071,Nao,Sim,Sim,null,null,46,Sim,69,M,Funcionario Publico,10000,630,20240140,20240-140,RJ,RIO DE JANEIRO,SANTA TERESA,RUA,PADRE MIGUELINHO,-22.083064082735746,-49.10180066051595,86a81c25fffffff,88a81c2581fffff
631,Denise Souza,16982.9828@email.com,165176.5,Nao,Sim,Nao,null,null,147,Sim,87,M,Autonomo,null,null,null,null,null,null,null,null,null,null,null,null,null
632,Natalia Nascimento,17093.0936@email.com,6199,Sim,Nao,Sim,Mastercard,DUX,64,Sim,48,M,Funcionario Publico,null,null,null,null,null,null,null,null,null,null,null,null,null
633,Camila Santos,17489.4891@email.com,159805,Sim,Sim,Nao,Mastercard,Platinum,53,Sim,59,M,Funcionario Publico,2000,633,20240170,20240-170,RJ,RIO DE JANEIRO,SANTA TERESA,ZIGUE-ZAGUE,DO TEIXEIRA,-22.028474842706572,-50.43747931921268,86a80e6b7ffffff,88a80e6b53fffff
634,Tatiana Oliveira,18485.4857@email.com,63070,Nao,Nao,Sim,null,null,110,Nao,68,M,Prof Liberal,null,null,null,null,null,null,null,null,null,null,null,null,null
635,Vanessa Ribeiro,18639.6394@email.com,149189,Nao,Sim,Sim,null,null,70,Nao,48,F,Autonomo,null,null,null,null,null,null,null,null,null,null,null,null,null
636,Diego Gomes,18841.8412@email.com,25995,Nao,Sim,Sim,null,null,139,Sim,33,M,Aposentado,null,null,null,null,null,null,null,null,null,null,null,null,null
637,Gustavo Martins,19310.3100@email.com,195309,Nao,Sim,Sim,null,null,83,Sim,37,M,Prof Liberal,7000,637,20240194,20240-194,RJ,RIO DE JANEIRO,SANTA TERESA,RUA,MONTE ALEGRE - DE 327 AO FIM - LADO IMPAR,-24.727984305892576,-46.03197794941458,86a81459fffffff,88a8145985fffff
638,Tatiana Rodrigues,20146.1467@email.com,94008,Nao,Sim,Sim,null,null,16,Sim,74,M,Estudante,null,null,null,null,null,null,null,null,null,null,null,null,null
639,Natalia Rodrigues,20407.4077@email.com,59067.5,Sim,Sim,Sim,Mastercard,Infinite,101,Sim,34,M,Prof Liberal,null,null,null,null,null,null,null,null,null,null,null,null,null
640,Camila Costa,20856.8560@email.com,154230,Nao,Sim,Sim,null,null,73,Sim,70,M,Prof Liberal,16000,640,20240210,20240-210,RJ,RIO DE JANEIRO,SANTA TERESA,RUA,AUREA,-21.53140651932019,-52.750328925486826,86a8098b7ffffff,88a8098b15fffff
641,Fernanda Nascimento,21623.6231@email.com,130603,Sim,Sim,Sim,VISA,Platinum,109,Nao,19,M,Autonomo,null,null,null,null,null,null,null,null,null,null,null,null,null
642,Carolina Costa,21723.7231@email.com,195718,Nao,Sim,Nao,null,null,147,Sim,31,F,Funcionario Publico,null,null,null,null,null,null,null,null,null,null,null,null,null
643,Eduardo Martins,21862.8624@email.com,26851,Sim,Sim,Sim,VISA,Platinum,39,Sim,66,M,Funcionario Publico,null,null,null,null,null,null,null,null,null,null,null,null,null
644,Carolina Lima,22732.7324@email.com,136790.5,Sim,Sim,Sim,Mastercard,Gold,118,Sim,39,M,Estudante,null,null,null,null,null,null,null,null,null,null,null,null,null
645,Carolina Souza,23704.7049@email.com,130936,Nao,Sim,Sim,null,null,78,Sim,20,M,Funcionario Publico,null,null,null,null,null,null,null,null,null,null,null,null,null
646,Tatiana Carvalho,23855.8559@email.com,79650,Sim,Sim,Sim,VISA,DUX,18,Sim,44,M,Autonomo,2000,646,20240270,20240-270,RJ,RIO DE JANEIRO,SANTA TERESA,RUA,LAURINDA SANTOS LOBO,-24.38104327188354,-52.81624528876437,86a828037ffffff,88a82818dbfffff
647,Camila Nascimento,23973.9738@email.com,81605,Nao,Sim,Sim,null,null,20,Sim,47,M,Aposentado,null,null,null,null,null,null,null,null,null,null,null,null,null
648,Vanessa Oliveira,24233.2334@email.com,203812.5,Sim,Sim,Sim,Mastercard,Infinite,41,Sim,54,M,Aposentado,null,null,null,null,null,null,null,null,null,null,null,null,null
649,Patricia Ribeiro,24743.7432@email.com,45554.5,Nao,Sim,Sim,null,null,78,Sim,87,M,Autonomo,null,null,null,null,null,null,null,null,null,null,null,null,null
650,Samuel Carvalho,25408.4081@email.com,164334.5,Sim,Sim,Nao,Mastercard,Platinum,55,Sim,77,M,Prof Liberal,null,null,null,null,null,null,null,null,null,null,null,null,null
651,Matheus Almeida,25803.8030@email.com,69418,Sim,Sim,Nao,VISA,Infinite,25,Nao,34,F,Prof Liberal,20000,651,20240320,20240-320,RJ,RIO DE JANEIRO,SANTA TERESA,RUA,TRIUNFO,-21.92840022621801,-44.80289440816836,86a8ae84fffffff,88a8ae84e1fffff
652,Samuel Souza,26714.7149@email.com,143757.5,Sim,Sim,Sim,Mastercard,DUX,89,Sim,24,M,Prof Liberal,null,null,null,null,null,null,null,null,null,null,null,null,null
653,Fabio Almeida,27243.2432@email.com,180032,Sim,Sim,Sim,Mastercard,Infinite,112,Sim,81,M,Prof Liberal,null,null,null,null,null,null,null,null,null,null,null,null,null
654,Larissa Silva,27385.3855@email.com,39166,Nao,Sim,Sim,null,null,143,Sim,68,M,Prof Liberal,null,null,null,null,null,null,null,null,null,null,null,null,null
655,Fernanda Ribeiro,27468.4684@email.com,153423,Nao,Sim,Sim,null,null,101,Sim,73,M,Funcionario Publico,null,null,null,null,null,null,null,null,null,null,null,null,null
656,Isabela Teixeira,27473.4739@email.com,93377,Sim,Nao,Sim,VISA,Infinite,47,Sim,87,F,Prof Liberal,null,null,null,null,null,null,null,null,null,null,null,null,null
657,Claudia Moreira,27608.6086@email.com,88686,Sim,Sim,Sim,VISA,DUX,89,Nao,63,F,Prof Liberal,null,null,null,null,null,null,null,null,null,null,null,null,null
658,Larissa Pereira,27782.7823@email.com,119206,Sim,Sim,Sim,VISA,Platinum,9,Sim,57,F,Funcionario Publico,null,null,null,null,null,null,null,null,null,null,null,null,null
659,Beatriz Rodrigues,28809.8092@email.com,33687,Sim,Nao,Sim,VISA,Connect,97,Sim,40,M,Prof Liberal,3000,659,20241060,20241-060,RJ,RIO DE JANEIRO,CENTRO,RUA,TAYLOR,-22.620468992397004,-47.58734328727786,86a8116efffffff,88a8116ed3fffff
660,Eduardo Silva,29661.6618@email.com,4311,Nao,Sim,Sim,null,null,40,Sim,26,F,Autonomo,null,null,null,null,null,null,null,null,null,null,null,null,null
661,Carolina Gomes,29878.8783@email.com,188698,Sim,Sim,Sim,Mastercard,Connect,63,Sim,87,M,Autonomo,7000,661,20241080,20241-080,RJ,RIO DE JANEIRO,CENTRO,RUA,CONDE LAGES,-23.043237870556524,-46.067385803731824,86a813d97ffffff,88a812365bfffff
662,Renata Melo,30280.2807@email.com,188232,Sim,Nao,Nao,Mastercard,DUX,56,Sim,76,F,Funcionario Publico,null,null,null,null,null,null,null,null,null,null,null,null,null
663,Vanessa Pereira,30933.9336@email.com,47436,Nao,Sim,Sim,null,null,34,Sim,57,M,Autonomo,null,null,null,null,null,null,null,null,null,null,null,null,null
664,Larissa Ribeiro,31105.1054@email.com,75366,Sim,Sim,Sim,Mastercard,Gold,117,Sim,50,M,Aposentado,null,null,null,null,null,null,null,null,null,null,null,null,null
665,Helena Araujo,31311.3115@email.com,32631,Sim,Sim,Sim,Mastercard,Gold,111,Sim,39,M,Prof Liberal,null,null,null,null,null,null,null,null,null,null,null,null,null
666,Bruno Pereira,32653.6532@email.com,140945,Sim,Sim,Sim,VISA,Platinum,85,Sim,63,M,Prof Liberal,null,null,null,null,null,null,null,null,null,null,null,null,null
667,Patricia Martins,33330.3304@email.com,106084,Sim,Sim,Nao,Mastercard,Gold,147,Sim,26,M,Funcionario Publico,null,null,null,null,null,null,null,null,null,null,null,null,null
668,Ricardo Melo,34658.6589@email.com,103870,Sim,Sim,Sim,Mastercard,Platinum,140,Sim,86,F,Aposentado,null,null,null,null,null,null,null,null,null,null,null,null,null
669,Carolina Martins,35368.3681@email.com,87760.5,Nao,Sim,Sim,null,null,15,Nao,23,F,Prof Liberal,null,null,null,null,null,null,null,null,null,null,null,null,null
670,Fernanda Carvalho,35521.5214@email.com,109343,Nao,Sim,Sim,null,null,59,Sim,43,F,Autonomo,null,null,null,null,null,null,null,null,null,null,null,null,null
671,Ana Ferreira,ana.7366@email.com,97200,Sim,Sim,Sim,Mastercard,Platinum,143,Sim,77,M,Funcionario Publico,null,null,null,null,null,null,null,null,null,null,null,null,null
672,Fernanda Carvalho,36157.1575@email.com,75823,Nao,Nao,Sim,null,null,117,Sim,25,F,Funcionario Publico,null,null,null,null,null,null,null,null,null,null,null,null,null
673,Ana Costa,ana.4608@email.com,72381,Sim,Sim,Nao,Mastercard,Gold,142,Sim,75,F,Prof Liberal,null,null,null,null,null,null,null,null,null,null,null,null,null
674,Samuel Araujo,37028.0281@email.com,126454,Sim,Nao,Sim,Mastercard,Infinite,94,Sim,49,M,Funcionario Publico,null,null,null,null,null,null,null,null,null,null,null,null,null
675,Renata Martins,37174.1747@email.com,33972,Nao,Sim,Nao,null,null,38,Sim,49,F,Autonomo,null,null,null,null,null,null,null,null,null,null,null,null,null
676,Maria Araujo,37523.5236@email.com,168220,Sim,Sim,Sim,VISA,Infinite,105,Sim,18,M,Aposentado,null,null,null,null,null,null,null,null,null,null,null,null,null
677,Tatiana Oliveira,37562.5621@email.com,199730,Sim,Sim,Nao,Mastercard,Connect,71,Nao,32,M,Prof Liberal,null,null,null,null,null,null,null,null,null,null,null,null,null
678,Patricia Silva,38050.0501@email.com,60480.5,Nao,Sim,Sim,null,null,93,Sim,74,M,Prof Liberal,null,null,null,null,null,null,null,null,null,null,null,null,null
679,Vanessa Nascimento,38063.0635@email.com,146688.5,Sim,Sim,Sim,VISA,DUX,51,Nao,87,M,Autonomo,null,null,null,null,null,null,null,null,null,null,null,null,null
680,Helena Nascimento,38492.4920@email.com,181791,Sim,Sim,Sim,VISA,Infinite,98,Sim,55,M,Autonomo,null,null,null,null,null,null,null,null,null,null,null,null,null
681,Matheus Martins,38660.6601@email.com,27538,Nao,Sim,Sim,null,null,3,Nao,46,M,Funcionario Publico,null,null,null,null,null,null,null,null,null,null,null,null,null
682,Ana Ribeiro,ana.7531@email.com,155140,Sim,Nao,Nao,Mastercard,Gold,92,Sim,32,M,Prof Liberal,16000,682,20241266,20241-266,RJ,RIO DE JANEIRO,SANTA TERESA,RUA,ALMIRANTE ALEXANDRINO - DE 2960 AO FIM - LADO PAR,-20.51570777517977,-47.65342620922696,86a81a66fffffff,88a81a66bbfffff
683,Pedro Oliveira,38866.8664@email.com,80218,Sim,Sim,Sim,Mastercard,Platinum,95,Sim,80,M,Aposentado,null,null,null,null,null,null,null,null,null,null,null,null,null
684,Larissa Martins,38868.8685@email.com,6846,Sim,Nao,Sim,Mastercard,DUX,32,Sim,81,M,Funcionario Publico,null,null,null,null,null,null,null,null,null,null,null,null,null
685,Camila Ferreira,39329.3291@email.com,142305,Sim,Sim,Sim,Mastercard,Gold,134,Nao,81,M,Prof Liberal,13000,685,20241290,20241-290,RJ,RIO DE JANEIRO,SANTA TERESA,RUA,CORREIA DE SA,-21.916230203528617,-50.372257022508904,86a81da6fffffff,88a81da68bfffff
686,Juliana Ferreira,40195.1954@email.com,157242,Sim,Sim,Nao,VISA,Platinum,91,Nao,56,M,Prof Liberal,null,null,null,null,null,null,null,null,null,null,null,null,null
687,Denise Nascimento,40274.2743@email.com,126476.5,Sim,Sim,Sim,VISA,Infinite,43,Sim,45,M,Prof Liberal,7000,687,20241310,20241-310,RJ,RIO DE JANEIRO,SANTA TERESA,LARGO,DO GUIMARAES,-22.778618939219395,-49.48262577648251,86a8037a7ffffff,88a8037a57fffff
688,Priscila Nascimento,41666.6669@email.com,8014,Sim,Sim,Sim,Mastercard,Gold,148,Sim,28,M,Prof Liberal,null,null,null,null,null,null,null,null,null,null,null,null,null
689,Larissa Oliveira,41912.9129@email.com,133986,Sim,Sim,Sim,VISA,Platinum,123,Sim,81,M,Aposentado,null,null,null,null,null,null,null,null,null,null,null,null,null
690,Priscila Nascimento,42086.0867@email.com,75291,Nao,Sim,Sim,null,null,11,Sim,47,M,Funcionario Publico,null,null,null,null,null,null,null,null,null,null,null,null,null
691,Eduardo Lima,42277.2776@email.com,110388,Sim,Nao,Sim,Mastercard,DUX,62,Sim,70,M,Aposentado,null,null,null,null,null,null,null,null,null,null,null,null,null
692,Priscila Santos,42317.3174@email.com,11903.5,Sim,Sim,Sim,VISA,Infinite,144,Sim,87,M,Autonomo,7000,692,20241360,20241-360,RJ,RIO DE JANEIRO,SANTA TERESA,RUA,FALET,-23.89298543640102,-45.99921592423311,86a816257ffffff,88a8162559fffff
693,Fernanda Lima,42417.4172@email.com,86630,Sim,Sim,Sim,Mastercard,Connect,29,Sim,44,M,Autonomo,2000,693,20241370,20241-370,RJ,RIO DE JANEIRO,SANTA TERESA,LARGO,DO FRANCA,-25.07743575763814,-51.692925888160765,86a82e1b7ffffff,88a82e1b45fffff
694,Vanessa Souza,42624.6241@email.com,57749,Sim,Sim,Sim,VISA,Platinum,1,Sim,74,M,Funcionario Publico,21000,694,20241380,20241-380,RJ,RIO DE JANEIRO,SANTA TERESA,RUA,PROFESSOR JULIO KOELER,-22.853053290396556,-44.364964454289066,86a8a11a7ffffff,88a8a11a23fffff
695,Ana Melo,ana.8001@email.com,8789.5,Nao,Sim,Sim,null,null,33,Sim,38,F,Prof Liberal,null,null,null,null,null,null,null,null,null,null,null,null,null
696,Carolina Araujo,44561.5619@email.com,180078,Sim,Sim,Sim,VISA,Connect,134,Sim,58,M,Autonomo,null,null,null,null,null,null,null,null,null,null,null,null,null
697,Fernando Lima,44746.7460@email.com,116322,Sim,Sim,Sim,Mastercard,Connect,2,Sim,35,F,Autonomo,18000,697,20241410,20241-410,RJ,RIO DE JANEIRO,SANTA TERESA,RUA,GOMES LOPES,-19.916816574773996,-48.08156434723506,86a8f4a0fffffff,88a8f4a0d3fffff
698,Vitor Nascimento,45059.0599@email.com,182336,Sim,Sim,Nao,VISA,Platinum,50,Sim,65,F,Prof Liberal,null,null,null,null,null,null,null,null,null,null,null,null,null
699,Bruno Moreira,45274.2747@email.com,104407,Sim,Sim,Sim,Mastercard,Platinum,124,Sim,79,F,Aposentado,5000,699,20241430,20241-430,RJ,RIO DE JANEIRO,SANTA TERESA,RUA,MOACIR SANTOS SILVA,-23.348717379068948,-46.86324872043518,86a8102afffffff,88a8102ad9fffff
700,Maria Pereira,45517.5179@email.com,28912.5,Sim,Nao,Nao,Mastercard,DUX,123,Sim,72,M,Autonomo,null,null,null,null,null,null,null,null,null,null,null,null,null
701,Denise Ferreira,45579.5792@email.com,166615,Nao,Sim,Sim,null,null,5,Nao,18,M,Estudante,null,null,null,null,null,null,null,null,null,null,null,null,null
702,Vitor Gomes,46726.7265@email.com,36796,Sim,Sim,Sim,Mastercard,Gold,55,Sim,82,M,Prof Liberal,null,null,null,null,null,null,null,null,null,null,null,null,null
703,Juliana Ferreira,47080.0800@email.com,30342,Nao,Nao,Nao,null,null,32,Sim,74,F,Funcionario Publico,null,null,null,null,null,null,null,null,null,null,null,null,null
704,Vitor Oliveira,47732.7322@email.com,16779.5,Sim,Sim,Sim,Mastercard,Infinite,39,Sim,21,M,Prof Liberal,null,null,null,null,null,null,null,null,null,null,null,null,null
705,Patricia Costa,48134.1341@email.com,81124,Nao,Nao,Nao,null,null,39,Sim,55,M,Funcionario Publico,null,null,null,null,null,null,null,null,null,null,null,null,null
706,Denise Ribeiro,48145.1459@email.com,130989,Nao,Nao,Nao,null,null,34,Sim,69,F,Funcionario Publico,null,null,null,null,null,null,null,null,null,null,null,null,null
707,Vanessa Melo,48597.5972@email.com,108993.5,Nao,Sim,Sim,null,null,75,Sim,43,M,Funcionario Publico,null,null,null,null,null,null,null,null,null,null,null,null,null
708,Renata Ferreira,49693.6933@email.com,75272,Sim,Nao,Nao,VISA,Gold,1,Sim,21,M,Prof Liberal,null,null,null,null,null,null,null,null,null,null,null,null,null
709,Isabela Nascimento,50152.1520@email.com,97726.5,Sim,Sim,Sim,Mastercard,DUX,13,Sim,48,M,Funcionario Publico,null,null,null,null,null,null,null,null,null,null,null,null,null
710,Fabio Rodrigues,50740.7400@email.com,40452,Sim,Sim,Sim,Mastercard,Connect,115,Sim,75,F,Autonomo,null,null,null,null,null,null,null,null,null,null,null,null,null
711,Claudia Rodrigues,50837.8375@email.com,16414,Nao,Sim,Nao,null,null,14,Sim,18,M,Prof Liberal,null,null,null,null,null,null,null,null,null,null,null,null,null
712,Maria Silva,51450.4501@email.com,196141,Sim,Nao,Sim,VISA,Connect,36,Nao,87,M,Prof Liberal,null,null,null,null,null,null,null,null,null,null,null,null,null
713,Leonardo Martins,51715.7151@email.com,37077,Nao,Nao,Sim,null,null,79,Sim,71,M,Prof Liberal,null,null,null,null,null,null,null,null,null,null,null,null,null
714,Isabela Pereira,54462.4629@email.com,114117,Nao,Sim,Sim,null,null,75,Sim,33,F,Prof Liberal,null,null,null,null,null,null,null,null,null,null,null,null,null
715,Ana Carvalho,ana.2120@email.com,52667.5,Sim,Sim,Nao,VISA,Gold,82,Sim,76,M,Estudante,null,null,null,null,null,null,null,null,null,null,null,null,null
716,Denise Ferreira,56255.2554@email.com,159238.5,Sim,Sim,Nao,Mastercard,DUX,105,Sim,62,F,Estudante,null,null,null,null,null,null,null,null,null,null,null,null,null
717,Thiago Ribeiro,56950.9504@email.com,160728,Sim,Sim,Sim,Mastercard,DUX,69,Sim,48,M,Prof Liberal,null,null,null,null,null,null,null,null,null,null,null,null,null
718,Leonardo Moreira,56982.9827@email.com,89582,Nao,Sim,Sim,null,null,44,Sim,59,M,Prof Liberal,null,null,null,null,null,null,null,null,null,null,null,null,null
719,Helena Pereira,57163.1638@email.com,97871,Sim,Sim,Nao,VISA,Platinum,130,Sim,87,M,Aposentado,null,null,null,null,null,null,null,null,null,null,null,null,null
720,Ana Moreira,ana.7416@email.com,40241.5,Sim,Nao,Nao,Mastercard,DUX,63,Sim,30,M,Funcionario Publico,null,null,null,null,null,null,null,null,null,null,null,null,null
721,Vanessa Almeida,57978.9782@email.com,29077.5,Sim,Sim,Sim,Mastercard,Connect,89,Sim,59,F,Funcionario Publico,null,null,null,null,null,null,null,null,null,null,null,null,null
722,Matheus Gomes,58445.4451@email.com,51218,Sim,Sim,Sim,Mastercard,DUX,79,Sim,45,M,Funcionario Publico,null,null,null,null,null,null,null,null,null,null,null,null,null
723,Fabio Pereira,58455.4559@email.com,118352,Sim,Nao,Nao,Mastercard,Connect,7,Sim,49,M,Autonomo,null,null,null,null,null,null,null,null,null,null,null,null,null
724,Fernanda Santos,59267.2674@email.com,178903,Sim,Sim,Sim,Mastercard,Connect,6,Nao,71,M,Autonomo,null,null,null,null,null,null,null,null,null,null,null,null,null
725,Larissa Almeida,59501.5011@email.com,158786,Sim,Nao,Sim,Mastercard,DUX,79,Sim,46,M,Estudante,null,null,null,null,null,null,null,null,null,null,null,null,null
726,Larissa Santos,59652.6521@email.com,39106,Nao,Sim,Sim,null,null,55,Sim,82,M,Prof Liberal,null,null,null,null,null,null,null,null,null,null,null,null,null
727,Vanessa Santos,60510.5104@email.com,76029,Nao,Sim,Sim,null,null,90,Sim,66,M,Autonomo,null,null,null,null,null,null,null,null,null,null,null,null,null
728,Renata Almeida,60827.8270@email.com,181952,Nao,Nao,Sim,null,null,139,Sim,34,F,Prof Liberal,6000,728,20250230,20250-230,RJ,RIO DE JANEIRO,ESTACIO,RUA,SANTA GERTRUDES,-23.95365820423102,-44.98709945969669,86a8a5b1fffffff,88a8a5b1d7fffff
729,Denise Lima,62036.0369@email.com,42515,Sim,Sim,Sim,Mastercard,Connect,100,Sim,64,F,Prof Liberal,null,null,null,null,null,null,null,null,null,null,null,null,null
730,Tatiana Carvalho,62307.3075@email.com,136177.5,Sim,Sim,Sim,VISA,Platinum,116,Nao,39,M,Autonomo,null,null,null,null,null,null,null,null,null,null,null,null,null
731,Renata Carvalho,63223.2237@email.com,17792,Nao,Sim,Sim,null,null,90,Sim,23,M,Prof Liberal,null,null,null,null,null,null,null,null,null,null,null,null,null
732,Gabriela Almeida,63588.5882@email.com,149628,Nao,Sim,Sim,null,null,96,Sim,66,M,Autonomo,null,null,null,null,null,null,null,null,null,null,null,null,null
733,Priscila Almeida,63617.6175@email.com,173036,Nao,Sim,Sim,null,null,95,Sim,25,M,Prof Liberal,null,null,null,null,null,null,null,null,null,null,null,null,null
734,Natalia Martins,63933.9330@email.com,110879,Sim,Sim,Sim,Mastercard,Platinum,90,Sim,24,F,Prof Liberal,null,null,null,null,null,null,null,null,null,null,null,null,null
735,Maria Silva,64194.1945@email.com,68141,Nao,Nao,Sim,null,null,118,Sim,64,M,Prof Liberal,null,null,null,null,null,null,null,null,null,null,null,null,null
736,Tatiana Moreira,64370.3704@email.com,180744.5,Sim,Sim,Sim,VISA,Platinum,10,Sim,54,F,Prof Liberal,null,null,null,null,null,null,null,null,null,null,null,null,null
737,Renata Melo,65346.3463@email.com,164532,Sim,Sim,Sim,Mastercard,Connect,107,Nao,32,M,Prof Liberal,null,null,null,null,null,null,null,null,null,null,null,null,null
738,Renata Martins,66029.0297@email.com,178379.5,Sim,Sim,Sim,Mastercard,Connect,3,Sim,18,M,Prof Liberal,null,null,null,null,null,null,null,null,null,null,null,null,null
739,Larissa Gomes,66038.0384@email.com,103146,Nao,Sim,Sim,null,null,13,Nao,63,M,Prof Liberal,1000,739,20250340,20250-340,RJ,RIO DE JANEIRO,ESTACIO,RUA,UNIAO,-24.907923390417395,-51.95994888367047,86a82e02fffffff,88a82e076dfffff
740,Bruno Santos,66083.0834@email.com,35405,Nao,Nao,Sim,null,null,90,Sim,80,M,Estudante,null,null,null,null,null,null,null,null,null,null,null,null,null
741,Natalia Almeida,67977.9773@email.com,37579,Sim,Nao,Sim,Mastercard,DUX,26,Nao,55,F,Estudante,null,null,null,null,null,null,null,null,null,null,null,null,null
742,Eduardo Ribeiro,67997.9970@email.com,35911,Sim,Sim,Sim,VISA,Platinum,65,Sim,20,M,Prof Liberal,null,null,null,null,null,null,null,null,null,null,null,null,null
743,Denise Carvalho,68122.1228@email.com,29055,Nao,Sim,Sim,null,null,88,Sim,26,F,Prof Liberal,null,null,null,null,null,null,null,null,null,null,null,null,null
744,Ana Martins,ana.2333@email.com,25160,Sim,Nao,Nao,Mastercard,Platinum,98,Sim,50,F,Aposentado,12000,744,20250390,20250-390,RJ,RIO DE JANEIRO,ESTACIO,BECO,CRUZ,-22.407180387908177,-49.892891700318266,86a81d90fffffff,88a81d90a7fffff
745,Maria Souza,69511.5118@email.com,156571,Nao,Sim,Nao,null,null,9,Nao,82,F,Prof Liberal,null,null,null,null,null,null,null,null,null,null,null,null,null
746,Isabela Ribeiro,70008.0084@email.com,19317,Sim,Sim,Sim,VISA,Infinite,28,Sim,43,F,Prof Liberal,20000,746,20250410,20250-410,RJ,RIO DE JANEIRO,ESTACIO,RUA,MAJOR JACARANDA,-23.96740618838943,-46.3880398187721,86a810c0fffffff,88a810c0b9fffff
747,Denise Araujo,70715.7154@email.com,199339,Sim,Sim,Sim,Mastercard,Connect,96,Sim,45,M,Estudante,20000,747,20250420,20250-420,RJ,RIO DE JANEIRO,ESTACIO,RUA,OTAVIO GUIMARAES,-24.835406595993376,-52.43551079286103,86a82ea5fffffff,88a82ea58dfffff
748,Tatiana Moreira,71009.0095@email.com,32197.5,Sim,Sim,Sim,VISA,DUX,77,Sim,47,M,Prof Liberal,null,null,null,null,null,null,null,null,null,null,null,null,null
749,Fernanda Almeida,73105.1057@email.com,111113,Sim,Nao,Sim,Mastercard,DUX,91,Sim,37,M,Autonomo,null,null,null,null,null,null,null,null,null,null,null,null,null
750,Tatiana Santos,73941.9419@email.com,127610,Nao,Sim,Sim,null,null,118,Sim,50,M,Prof Liberal,null,null,null,null,null,null,null,null,null,null,null,null,null
751,Juliana Melo,74055.0551@email.com,58142,Sim,Nao,Nao,Mastercard,Platinum,76,Sim,56,M,Prof Liberal,null,null,null,null,null,null,null,null,null,null,null,null,null
752,Thiago Martins,74740.7408@email.com,57348,Nao,Sim,Sim,null,null,5,Sim,33,F,Prof Liberal,13000,752,20250470,20250-470,RJ,RIO DE JANEIRO,RIO COMPRIDO,TRAVESSA,DA PAZ,-23.802222387718324,-47.968649484498535,86a81521fffffff,88a81521b9fffff
753,Claudia Barbosa,74855.8554@email.com,3374,Sim,Sim,Sim,Mastercard,Gold,58,Sim,48,M,Funcionario Publico,17000,753,20250480,20250-480,RJ,RIO DE JANEIRO,RIO COMPRIDO,RUA,TENENTE VIEIRA SAMPAIO,-24.117225664793132,-49.85655630661529,86a800157ffffff,88a8001563fffff
754,Helena Barbosa,75074.0740@email.com,192831,Sim,Sim,Sim,Mastercard,Infinite,135,Sim,41,M,Funcionario Publico,null,null,null,null,null,null,null,null,null,null,null,null,null
755,Claudia Almeida,75830.8302@email.com,83953.5,Sim,Sim,Sim,VISA,Platinum,36,Sim,39,F,Prof Liberal,6000,755,20250500,20250-500,RJ,RIO DE JANEIRO,RIO COMPRIDO,RUA,AZEVEDO LIMA,-21.166665465606926,-50.21116641426383,86a80a4d7ffffff,88a80a4d41fffff
756,Beatriz Gomes,76062.0622@email.com,22127,Sim,Nao,Sim,VISA,DUX,36,Sim,79,M,Funcionario Publico,null,null,null,null,null,null,null,null,null,null,null,null,null
757,Priscila Santos,76266.2663@email.com,41150.5,Sim,Nao,Sim,Mastercard,Infinite,121,Sim,47,M,Prof Liberal,null,null,null,null,null,null,null,null,null,null,null,null,null
758,Andre Oliveira,76909.9093@email.com,18841,Sim,Nao,Nao,VISA,Infinite,42,Sim,42,M,Prof Liberal,null,null,null,null,null,null,null,null,null,null,null,null,null
759,Simone Souza,77176.1766@email.com,178693,Sim,Nao,Sim,VISA,Connect,58,Sim,57,M,Estudante,null,null,null,null,null,null,null,null,null,null,null,null,null
760,Gabriela Martins,77627.6272@email.com,131608,Sim,Sim,Sim,Mastercard,Gold,102,Sim,65,M,Funcionario Publico,null,null,null,null,null,null,null,null,null,null,null,null,null
761,Juliana Carvalho,78458.4586@email.com,107422,Sim,Sim,Sim,VISA,Platinum,142,Nao,67,M,Prof Liberal,null,null,null,null,null,null,null,null,null,null,null,null,null
762,Bruno Araujo,78463.4636@email.com,120905,Sim,Sim,Nao,VISA,Infinite,4,Sim,20,M,Funcionario Publico,null,null,null,null,null,null,null,null,null,null,null,null,null
763,Andre Rodrigues,78976.9762@email.com,67021,Sim,Sim,Sim,VISA,Platinum,73,Sim,71,M,Funcionario Publico,null,null,null,null,null,null,null,null,null,null,null,null,null
764,Denise Pereira,79112.1120@email.com,100011,Sim,Sim,Sim,Mastercard,Infinite,79,Sim,77,M,Autonomo,null,null,null,null,null,null,null,null,null,null,null,null,null
765,Andre Ferreira,80458.4584@email.com,97433.5,Sim,Sim,Sim,VISA,Connect,112,Sim,61,M,Prof Liberal,5000,765,20251060,20251-060,RJ,RIO DE JANEIRO,RIO COMPRIDO,RUA,BARAO DE PETROPOLIS - ATE 498 - LADO PAR,-23.879991851861906,-52.41123953739854,86a82aa77ffffff,88a82aa713fffff
766,Carlos Martins,carlos.8355@email.com,38140,Sim,Nao,Sim,VISA,Connect,1,Sim,18,M,Prof Liberal,null,null,null,null,null,null,null,null,null,null,null,null,null
767,Thiago Silva,81223.2236@email.com,37808,Sim,Sim,Sim,VISA,Platinum,6,Sim,81,M,Prof Liberal,null,null,null,null,null,null,null,null,null,null,null,null,null
768,Natalia Pereira,82205.2053@email.com,81263.5,Sim,Sim,Sim,Mastercard,Platinum,48,Sim,84,F,Estudante,null,null,null,null,null,null,null,null,null,null,null,null,null
769,Larissa Gomes,82319.3196@email.com,125004.5,Sim,Nao,Sim,VISA,DUX,23,Sim,60,M,Funcionario Publico,null,null,null,null,null,null,null,null,null,null,null,null,null
770,Beatriz Pereira,82776.7761@email.com,22567,Sim,Nao,Sim,VISA,Infinite,31,Sim,37,M,Prof Liberal,1000,770,20251100,20251-100,RJ,RIO DE JANEIRO,RIO COMPRIDO,RUA,GUAICURUS,-22.240046478067246,-47.226052186753726,86a81e527ffffff,88a81e525dfffff
771,Bruno Carvalho,83778.7787@email.com,107265,Sim,Sim,Sim,Mastercard,Platinum,70,Sim,51,M,Prof Liberal,null,null,null,null,null,null,null,null,null,null,null,null,null
772,Claudia Lima,84248.2485@email.com,91349.5,Sim,Sim,Sim,Mastercard,Infinite,143,Sim,67,F,Estudante,null,null,null,null,null,null,null,null,null,null,null,null,null
773,Diego Gomes,84288.2885@email.com,96374.5,Nao,Sim,Sim,null,null,134,Sim,23,M,Autonomo,null,null,null,null,null,null,null,null,null,null,null,null,null
774,Denise Araujo,84909.9098@email.com,63274,Sim,Sim,Sim,Mastercard,DUX,29,Sim,86,M,Funcionario Publico,20000,774,20251140,20251-140,RJ,RIO DE JANEIRO,SANTA TERESA,RUA,PREFEITO JOAO FELIPE,-21.14776689866816,-48.11883438077465,86a81ab0fffffff,88a81ab09bfffff
775,Renata Araujo,84967.9673@email.com,27252,Sim,Nao,Sim,VISA,Connect,36,Sim,75,F,Prof Liberal,null,null,null,null,null,null,null,null,null,null,null,null,null
776,Priscila Costa,85008.0084@email.com,164056,Sim,Sim,Nao,VISA,Connect,77,Sim,65,F,Estudante,3000,776,20251160,20251-160,RJ,RIO DE JANEIRO,SANTA TERESA,RUA,CRUZEIRO DO SUL,-21.533698979408868,-49.50497707464086,86a81d61fffffff,88a81d61e1fffff
777,Claudia Teixeira,85703.7031@email.com,184974,Nao,Sim,Sim,null,null,52,Sim,23,M,Funcionario Publico,null,null,null,null,null,null,null,null,null,null,null,null,null
778,Isabela Moreira,85866.8664@email.com,150717,Sim,Sim,Sim,Mastercard,Infinite,1,Sim,72,M,Funcionario Publico,null,null,null,null,null,null,null,null,null,null,null,null,null
779,Simone Barbosa,86437.4378@email.com,150873,Nao,Sim,Sim,null,null,116,Sim,25,M,Autonomo,null,null,null,null,null,null,null,null,null,null,null,null,null
780,Priscila Gomes,86615.6153@email.com,10885.5,Sim,Sim,Sim,Mastercard,Gold,90,Nao,52,M,Prof Liberal,null,null,null,null,null,null,null,null,null,null,null,null,null
781,Juliana Ferreira,86626.6260@email.com,115502,Nao,Sim,Sim,null,null,43,Sim,24,M,Prof Liberal,null,null,null,null,null,null,null,null,null,null,null,null,null
782,Lucas Almeida,86881.8815@email.com,109084,Sim,Sim,Sim,Mastercard,Infinite,30,Sim,76,M,Prof Liberal,1000,782,20251220,20251-220,RJ,RIO DE JANEIRO,SANTA TERESA,RUA,TANIMBU,-22.68919944432182,-51.48824868480834,86a80c45fffffff,88a80c4589fffff
783,Isabela Almeida,87146.1462@email.com,58797,Sim,Nao,Sim,Mastercard,Infinite,74,Nao,22,M,Prof Liberal,18000,783,20251230,20251-230,RJ,RIO DE JANEIRO,SANTA TERESA,RUA,UNIAO,-24.57251747663597,-50.65429787987496,86a805197ffffff,88a8051825fffff
784,Vanessa Nascimento,87878.8782@email.com,169790,Sim,Sim,Sim,Mastercard,Infinite,37,Sim,73,F,Funcionario Publico,null,null,null,null,null,null,null,null,null,null,null,null,null
785,Matheus Moreira,88468.4681@email.com,66990.5,Sim,Nao,Sim,VISA,Platinum,144,Sim,41,F,Prof Liberal,null,null,null,null,null,null,null,null,null,null,null,null,null
786,Natalia Gomes,88558.5580@email.com,196339,Nao,Sim,Sim,null,null,38,Sim,42,M,Estudante,null,null,null,null,null,null,null,null,null,null,null,null,null
787,Fernanda Martins,88641.6413@email.com,190483,Nao,Nao,Sim,null,null,26,Sim,57,M,Funcionario Publico,null,null,null,null,null,null,null,null,null,null,null,null,null
788,Camila Costa,88910.9106@email.com,55088,Nao,Sim,Sim,null,null,62,Sim,42,M,Aposentado,9000,788,20251280,20251-280,RJ,RIO DE JANEIRO,CATUMBI,RUA,GREENALGH,-20.265685525004763,-45.673055145832365,86a8ab8e7ffffff,88a8ab8e15fffff
789,Rafael Melo,89521.5215@email.com,1326,Nao,Sim,Nao,null,null,75,Sim,63,M,Funcionario Publico,null,null,null,null,null,null,null,null,null,null,null,null,null
790,Natalia Souza,89942.9427@email.com,28999,Sim,Sim,Sim,Mastercard,Gold,97,Sim,87,M,Prof Liberal,null,null,null,null,null,null,null,null,null,null,null,null,null
791,Thiago Ferreira,90592.5922@email.com,92785.5,Sim,Sim,Sim,Mastercard,DUX,96,Sim,63,M,Funcionario Publico,null,null,null,null,null,null,null,null,null,null,null,null,null
792,Isabela Martins,91059.0595@email.com,123637,Nao,Sim,Sim,null,null,83,Sim,84,M,Autonomo,4000,792,20251320,20251-320,RJ,RIO DE JANEIRO,SANTA TERESA,RUA,BARONESA DE GUARAREMA,-25.18936479688786,-48.88480401135732,86a806937ffffff,88a8069301fffff
793,Ana Gomes,ana.3859@email.com,109080,Sim,Sim,Sim,VISA,Gold,135,Sim,21,M,Funcionario Publico,null,null,null,null,null,null,null,null,null,null,null,null,null
794,Bruno Costa,91780.7808@email.com,98185,Sim,Nao,Sim,Mastercard,DUX,127,Sim,87,M,Estudante,null,null,null,null,null,null,null,null,null,null,null,null,null
795,Larissa Rodrigues,93157.1572@email.com,93066,Sim,Sim,Sim,VISA,Gold,20,Nao,34,F,Aposentado,14000,795,20251350,20251-350,RJ,RIO DE JANEIRO,SANTA TERESA,RUA,GONCALVES,-20.711325148790664,-47.41478079918084,86a81a71fffffff,88a81a7187fffff
796,Renata Martins,93225.2250@email.com,90901,Nao,Sim,Nao,null,null,64,Sim,80,M,Autonomo,null,null,null,null,null,null,null,null,null,null,null,null,null
797,Carolina Silva,93586.5864@email.com,79452.5,Sim,Sim,Sim,Mastercard,Infinite,75,Sim,60,M,Prof Liberal,null,null,null,null,null,null,null,null,null,null,null,null,null
798,Gabriela Souza,93686.6869@email.com,149148,Sim,Nao,Sim,Mastercard,Infinite,10,Sim,72,M,Estudante,3000,798,20251380,20251-380,RJ,RIO DE JANEIRO,SANTA TERESA,RUA,MIGUEL RESENDE,-23.457431808701262,-45.19151669380381,86a812cafffffff,88a812cab1fffff
799,Juliana Almeida,94444.4444@email.com,22108,Sim,Sim,Sim,VISA,DUX,40,Sim,44,M,Prof Liberal,null,null,null,null,null,null,null,null,null,null,null,null,null
800,Diego Martins,94747.7474@email.com,37972.5,Sim,Sim,Nao,Mastercard,Infinite,144,Sim,41,M,Prof Liberal,null,null,null,null,null,null,null,null,null,null,null,null,null
801,Marcos Silva,95179.1791@email.com,165767,Nao,Sim,Sim,null,null,18,Sim,50,M,Aposentado,null,null,null,null,null,null,null,null,null,null,null,null,null
802,Natalia Gomes,95554.5544@email.com,164017,Sim,Sim,Sim,Mastercard,Platinum,128,Sim,84,M,Prof Liberal,null,null,null,null,null,null,null,null,null,null,null,null,null
803,Lucas Ferreira,95726.7266@email.com,135992,Nao,Sim,Sim,null,null,100,Sim,38,M,Funcionario Publico,21000,803,20251440,20251-440,RJ,RIO DE JANEIRO,CATUMBI,RUA,DE CATUMBI,-20.051001265738414,-48.92082317256226,86a81b207ffffff,88a81b2017fffff
804,Claudia Araujo,96134.1348@email.com,156094,Sim,Sim,Sim,Mastercard,Infinite,43,Sim,45,M,Prof Liberal,13000,804,20251450,20251-450,RJ,RIO DE JANEIRO,CATUMBI,LARGO,DE CATUMBI,-24.37219431616479,-44.28197134955223,86a98b68fffffff,88a98b68c7fffff
805,Larissa Ferreira,96395.3955@email.com,134601.5,Nao,Sim,Sim,null,null,68,Sim,36,F,Prof Liberal,null,null,null,null,null,null,null,null,null,null,null,null,null
806,Maria Moreira,96809.8098@email.com,76421,Sim,Sim,Nao,Mastercard,Infinite,19,Sim,34,F,Prof Liberal,null,null,null,null,null,null,null,null,null,null,null,null,null
807,Patricia Ferreira,98179.1792@email.com,156104,Sim,Sim,Sim,VISA,DUX,110,Sim,24,M,Funcionario Publico,22000,807,20251490,20251-490,RJ,RIO DE JANEIRO,CATUMBI,RUA,GILDA DE ABREU,-24.518644374574667,-47.66301753529443,86a8158b7ffffff,88a8158b01fffff
808,Priscila Teixeira,98551.5510@email.com,192216,Nao,Sim,Sim,null,null,19,Sim,75,M,Funcionario Publico,null,null,null,null,null,null,null,null,null,null,null,null,null
809,Patricia Costa,98621.6214@email.com,173388,Nao,Sim,Sim,null,null,92,Sim,25,M,Funcionario Publico,4000,809,20251510,20251-510,RJ,RIO DE JANEIRO,CATUMBI,PRACA,JORNALISTA JOSE EUGENIO DE MACEDO SOARES,-21.144859403433873,-47.42258096609727,86a81a1b7ffffff,88a81a1b4bfffff
810,Juliana Melo,98893.8935@email.com,66421,Sim,Nao,Nao,VISA,Connect,35,Sim,50,M,Prof Liberal,null,null,null,null,null,null,null,null,null,null,null,null,null
811,Maria Moreira,98988.9887@email.com,28979.5,Sim,Sim,Nao,VISA,Platinum,37,Sim,48,M,Prof Liberal,null,null,null,null,null,null,null,null,null,null,null,null,null
812,Thiago Carvalho,11783.7831@email.com,177268,Nao,Sim,Nao,null,null,59,Sim,30,M,Funcionario Publico,null,null,null,null,null,null,null,null,null,null,null,null,null
813,Thiago Souza,11964.9643@email.com,113788,Sim,Sim,Sim,Mastercard,Gold,60,Sim,72,M,Prof Liberal,19000,813,20251550,20251-550,RJ,RIO DE JANEIRO,SANTA TERESA,RUA,PAULA MATOS,-20.996768345144574,-46.35358316613603,86a8ad6dfffffff,88a8a9d2dbfffff
814,Fernanda Oliveira,12075.0759@email.com,105283,Nao,Sim,Sim,null,null,51,Sim,42,M,Funcionario Publico,null,null,null,null,null,null,null,null,null,null,null,null,null
815,Pedro Barbosa,12321.3215@email.com,25363,Nao,Nao,Sim,null,null,140,Sim,54,M,Funcionario Publico,null,null,null,null,null,null,null,null,null,null,null,null,null
816,Ana Santos,ana.6406@email.com,52260,Sim,Nao,Sim,VISA,Infinite,77,Sim,19,M,Prof Liberal,null,null,null,null,null,null,null,null,null,null,null,null,null
817,Natalia Souza,13097.0970@email.com,82919,Sim,Sim,Sim,Mastercard,Infinite,73,Nao,40,F,Estudante,null,null,null,null,null,null,null,null,null,null,null,null,null
818,Fernando Oliveira,13192.1921@email.com,120192.5,Nao,Nao,Nao,null,null,52,Sim,28,M,Prof Liberal,3000,818,20251600,20251-600,RJ,RIO DE JANEIRO,SANTA TERESA,RUA,DO Z,-22.774496135943252,-46.354355525425575,86a813ccfffffff,88a813cc8bfffff
819,Ricardo Pereira,13270.2702@email.com,130010,Nao,Nao,Sim,null,null,146,Sim,65,M,Prof Liberal,null,null,null,null,null,null,null,null,null,null,null,null,null
820,Marcos Rodrigues,13427.4275@email.com,100328,Sim,Nao,Sim,Mastercard,Infinite,74,Sim,83,M,Prof Liberal,20000,820,20251620,20251-620,RJ,RIO DE JANEIRO,RIO COMPRIDO,RUA,LIRIO BRANCO,-23.156280230739945,-47.749243257876586,86a81102fffffff,88a81102d9fffff
821,Tatiana Oliveira,13609.6098@email.com,182034.5,Sim,Nao,Nao,Mastercard,DUX,126,Sim,21,M,Prof Liberal,null,null,null,null,null,null,null,null,null,null,null,null,null
822,Ricardo Santos,13809.8094@email.com,72510,Sim,Sim,Sim,Mastercard,DUX,52,Sim,80,M,Funcionario Publico,null,null,null,null,null,null,null,null,null,null,null,null,null
823,Camila Ribeiro,13874.8741@email.com,160525,Sim,Sim,Sim,VISA,Platinum,44,Sim,18,M,Prof Liberal,null,null,null,null,null,null,null,null,null,null,null,null,null
824,Samuel Santos,14120.1207@email.com,152594,Sim,Nao,Sim,VISA,Gold,76,Sim,27,M,Prof Liberal,null,null,null,null,null,null,null,null,null,null,null,null,null
825,Ana Martins,ana.6385@email.com,206055.5,Sim,Sim,Nao,Mastercard,DUX,39,Nao,24,M,Prof Liberal,7000,825,20260011,20260-011,RJ,RIO DE JANEIRO,PRACA DA BANDEIRA,AVENIDA,PAULO DE FRONTIN - ATE 236 - LADO PAR,-21.00393734768092,-52.34637422835705,86a8094c7ffffff,88a8094c53fffff
826,Beatriz Carvalho,14999.9993@email.com,35967,Nao,Sim,Sim,null,null,144,Sim,27,M,Prof Liberal,null,null,null,null,null,null,null,null,null,null,null,null,null
827,Rafael Moreira,15203.2034@email.com,130487,Sim,Sim,Nao,VISA,Infinite,60,Sim,52,M,Prof Liberal,5000,827,20260030,20260-030,RJ,RIO DE JANEIRO,PRACA DA BANDEIRA,RUA,SANTA AMELIA,-23.42421573304051,-47.94018081599654,86a811847ffffff,88a8118465fffff
828,Simone Costa,15306.3067@email.com,138813,Nao,Sim,Sim,null,null,10,Nao,41,F,Prof Liberal,null,null,null,null,null,null,null,null,null,null,null,null,null
829,Eduardo Melo,15340.3407@email.com,153037,Sim,Nao,Nao,Mastercard,Platinum,5,Sim,78,F,Prof Liberal,null,null,null,null,null,null,null,null,null,null,null,null,null
830,Denise Lima,15486.4860@email.com,13095,Sim,Sim,Nao,VISA,Platinum,90,Sim,51,F,Estudante,null,null,null,null,null,null,null,null,null,null,null,null,null
831,Claudia Melo,15878.8783@email.com,182534,Sim,Sim,Sim,VISA,Gold,101,Sim,63,M,Autonomo,null,null,null,null,null,null,null,null,null,null,null,null,null
832,Bruno Lima,16139.1395@email.com,7965,Nao,Nao,Sim,null,null,79,Sim,48,M,Autonomo,null,null,null,null,null,null,null,null,null,null,null,null,null
833,Thiago Oliveira,16569.5696@email.com,95348,Sim,Sim,Sim,Mastercard,Gold,31,Sim,28,M,Prof Liberal,null,null,null,null,null,null,null,null,null,null,null,null,null
834,Tatiana Martins,17423.4237@email.com,84990,Sim,Nao,Sim,VISA,Gold,144,Sim,87,M,Funcionario Publico,null,null,null,null,null,null,null,null,null,null,null,null,null
835,Renata Silva,17689.6894@email.com,103072,Sim,Sim,Sim,VISA,DUX,132,Sim,75,M,Estudante,2000,835,20260120,20260-120,RJ,RIO DE JANEIRO,PRACA DA BANDEIRA,TRAVESSA,ANGUSTURA,-24.129624695591367,-45.64285544578516,86a8160efffffff,88a8160eabfffff
836,Camila Lima,18051.0512@email.com,55365,Sim,Nao,Nao,Mastercard,Gold,64,Nao,27,M,Prof Liberal,20000,836,20260130,20260-130,RJ,RIO DE JANEIRO,ESTACIO,RUA,HADDOCK LOBO - ATE 105 - LADO IMPAR,-23.09394613031633,-44.65533049918582,86a8a1807ffffff,88a8a1803dfffff
837,Fernanda Teixeira,18080.0807@email.com,116903,Nao,Nao,Sim,null,null,107,Sim,61,M,Funcionario Publico,null,null,null,null,null,null,null,null,null,null,null,null,null
838,Diego Carvalho,18343.3436@email.com,72455,Nao,Sim,Sim,null,null,19,Sim,84,F,Prof Liberal,null,null,null,null,null,null,null,null,null,null,null,null,null
839,Simone Lima,19001.0014@email.com,76099,Nao,Sim,Nao,null,null,66,Sim,64,M,Prof Liberal,null,null,null,null,null,null,null,null,null,null,null,null,null
840,Samuel Pereira,19244.2447@email.com,104990.5,Sim,Sim,Sim,Mastercard,Connect,46,Sim,41,M,Funcionario Publico,19000,840,20260142,20260-142,RJ,RIO DE JANEIRO,TIJUCA,RUA,HADDOCK LOBO - DE 192 AO FIM - LADO PAR,-20.041472670878424,-48.53703688793921,86a81b62fffffff,88a81b62ddfffff
841,Camila Ribeiro,19267.2670@email.com,22305,Sim,Sim,Sim,Mastercard,Platinum,79,Sim,56,M,Estudante,null,null,null,null,null,null,null,null,null,null,null,null,null
842,Juliana Santos,19863.8635@email.com,65402,Nao,Sim,Sim,null,null,54,Sim,38,M,Aposentado,14000,842,20260160,20260-160,RJ,RIO DE JANEIRO,TIJUCA,RUA,ALBERTO DE SEQUEIRA,-24.918435735674137,-50.04156370790802,86a804317ffffff,88a804310dfffff
843,Ana Martins,ana.0858@email.com,170880,Nao,Sim,Sim,null,null,109,Nao,73,M,Prof Liberal,null,null,null,null,null,null,null,null,null,null,null,null,null
844,Maria Oliveira,21562.5626@email.com,115421,Sim,Nao,Sim,Mastercard,Gold,85,Sim,63,M,Aposentado,null,null,null,null,null,null,null,null,null,null,null,null,null
845,Matheus Silva,22184.1842@email.com,158698,Sim,Nao,Nao,Mastercard,Gold,144,Sim,74,F,Aposentado,20000,845,20260190,20260-190,RJ,RIO DE JANEIRO,TIJUCA,RUA,TENENTE VILAS BOAS,-24.47404786252304,-52.93834763411172,86a82812fffffff,88a82812abfffff
846,Rafael Carvalho,22401.4012@email.com,176717,Sim,Sim,Nao,VISA,Gold,81,Sim,74,M,Prof Liberal,19000,846,20260200,20260-200,RJ,RIO DE JANEIRO,TIJUCA,RUA,ALMIRANTE GAVIAO,-23.86870802614061,-47.787240956644936,86a8152b7ffffff,88a8152b4dfffff
847,Ana Silva,ana.8896@email.com,168524.5,Sim,Nao,Sim,Mastercard,Gold,51,Sim,31,M,Prof Liberal,null,null,null,null,null,null,null,null,null,null,null,null,null
848,Carlos Moreira,carlos.1482@email.com,34800,Nao,Nao,Nao,null,null,24,Sim,58,M,Prof Liberal,null,null,null,null,null,null,null,null,null,null,null,null,null
849,Camila Ribeiro,23206.2069@email.com,185490.5,Sim,Sim,Sim,Mastercard,Gold,132,Sim,22,M,Aposentado,null,null,null,null,null,null,null,null,null,null,null,null,null
850,Beatriz Nascimento,23392.3926@email.com,177202.5,Sim,Nao,Sim,VISA,Connect,91,Sim,51,M,Estudante,null,null,null,null,null,null,null,null,null,null,null,null,null
851,Fernanda Carvalho,24108.1083@email.com,105797,Sim,Sim,Sim,VISA,Platinum,66,Sim,82,M,Funcionario Publico,null,null,null,null,null,null,null,null,null,null,null,null,null
852,Claudia Ribeiro,25204.2049@email.com,94547,Sim,Nao,Sim,Mastercard,DUX,56,Sim,80,M,Autonomo,null,null,null,null,null,null,null,null,null,null,null,null,null
853,Isabela Almeida,25550.5509@email.com,77937,Sim,Sim,Sim,Mastercard,Connect,141,Sim,59,M,Aposentado,4000,853,20260270,20260-270,RJ,RIO DE JANEIRO,TIJUCA,RUA,CORONEL CORREIA LIMA,-24.201225875196126,-47.08837466547073,86a815587ffffff,88a815582bfffff
854,Andre Costa,26751.7515@email.com,169461,Sim,Nao,Sim,Mastercard,Platinum,76,Sim,67,M,Prof Liberal,null,null,null,null,null,null,null,null,null,null,null,null,null
855,Isabela Silva,27063.0639@email.com,112157,Nao,Sim,Sim,null,null,120,Sim,37,M,Prof Liberal,null,null,null,null,null,null,null,null,null,null,null,null,null
856,Helena Martins,27308.3088@email.com,69331,Sim,Sim,Sim,Mastercard,Gold,43,Sim,62,F,Aposentado,null,null,null,null,null,null,null,null,null,null,null,null,null
857,Carolina Melo,27404.4042@email.com,103358,Sim,Sim,Sim,VISA,Connect,97,Nao,57,F,Autonomo,null,null,null,null,null,null,null,null,null,null,null,null,null
858,Andre Martins,27779.7793@email.com,141975.5,Nao,Sim,Nao,null,null,95,Sim,55,M,Prof Liberal,18000,858,20260320,20260-320,RJ,RIO DE JANEIRO,TIJUCA,RUA,JACUMA,-21.34564851458605,-45.07821302518847,86a8a8c87ffffff,88a8a8c855fffff
859,Leonardo Carvalho,27879.8796@email.com,144920,Sim,Sim,Sim,Mastercard,Platinum,142,Sim,62,M,Autonomo,null,null,null,null,null,null,null,null,null,null,null,null,null
860,Diego Moreira,28429.4299@email.com,6135,Sim,Nao,Sim,Mastercard,Infinite,86,Sim,19,M,Prof Liberal,null,null,null,null,null,null,null,null,null,null,null,null,null
861,Thiago Martins,29301.3015@email.com,84672,Nao,Nao,Sim,null,null,41,Sim,84,M,Autonomo,14000,861,20261003,20261-003,RJ,RIO DE JANEIRO,RIO COMPRIDO,RUA,AURELIANO JOAQUIM SANTANA,-24.821729213546796,-48.04776138650857,86a8332e7ffffff,88a8332e43fffff
862,Camila Gomes,30200.2009@email.com,117305,Nao,Sim,Nao,null,null,135,Nao,18,M,Aposentado,null,null,null,null,null,null,null,null,null,null,null,null,null
863,Samuel Lima,30574.5749@email.com,94794,Nao,Sim,Sim,null,null,107,Sim,58,M,Prof Liberal,null,null,null,null,null,null,null,null,null,null,null,null,null
864,Camila Oliveira,31251.2514@email.com,103765,Sim,Nao,Sim,VISA,DUX,11,Sim,62,F,Prof Liberal,3000,864,20261007,20261-007,RJ,RIO DE JANEIRO,RIO COMPRIDO,TRAVESSA,CELINA,-22.397381731522408,-49.244498922468004,86a81ddb7ffffff,88a81ddb03fffff
865,Patricia Ferreira,31511.5115@email.com,38544,Nao,Nao,Sim,null,null,84,Sim,76,M,Prof Liberal,null,null,null,null,null,null,null,null,null,null,null,null,null
866,Fabio Martins,32109.1092@email.com,57692,Sim,Sim,Sim,VISA,DUX,100,Sim,53,M,Autonomo,null,null,null,null,null,null,null,null,null,null,null,null,null
867,Gabriela Barbosa,32821.8218@email.com,159988,Nao,Sim,Sim,null,null,50,Sim,73,F,Prof Liberal,null,null,null,null,null,null,null,null,null,null,null,null,null
868,Camila Ferreira,33058.0583@email.com,97605,Nao,Nao,Sim,null,null,10,Sim,23,M,Prof Liberal,null,null,null,null,null,null,null,null,null,null,null,null,null
869,Leonardo Araujo,33074.0740@email.com,160839,Sim,Sim,Nao,VISA,Connect,55,Sim,68,M,Autonomo,null,null,null,null,null,null,null,null,null,null,null,null,null
870,Simone Moreira,33849.8492@email.com,186753,Sim,Sim,Sim,Mastercard,Platinum,144,Sim,54,F,Aposentado,null,null,null,null,null,null,null,null,null,null,null,null,null
871,Beatriz Teixeira,33922.9228@email.com,166147,Sim,Sim,Sim,Mastercard,Gold,114,Sim,56,F,Prof Liberal,null,null,null,null,null,null,null,null,null,null,null,null,null
872,Fernanda Barbosa,34416.4160@email.com,137676.5,Nao,Sim,Nao,null,null,26,Sim,39,M,Prof Liberal,null,null,null,null,null,null,null,null,null,null,null,null,null
873,Diego Moreira,34620.6200@email.com,87715,Nao,Sim,Sim,null,null,57,Sim,26,M,Estudante,null,null,null,null,null,null,null,null,null,null,null,null,null
874,Maria Pereira,35681.6818@email.com,14541,Sim,Nao,Sim,VISA,Infinite,133,Sim,52,M,Prof Liberal,null,null,null,null,null,null,null,null,null,null,null,null,null
875,Gustavo Ferreira,36584.5849@email.com,6769,Sim,Sim,Sim,Mastercard,DUX,119,Sim,78,M,Prof Liberal,null,null,null,null,null,null,null,null,null,null,null,null,null
876,Renata Ribeiro,36957.9571@email.com,198172,Nao,Sim,Sim,null,null,50,Nao,54,M,Prof Liberal,null,null,null,null,null,null,null,null,null,null,null,null,null
877,Natalia Lima,37632.6320@email.com,90632,Sim,Nao,Sim,VISA,Connect,40,Nao,69,M,Autonomo,null,null,null,null,null,null,null,null,null,null,null,null,null
878,Carolina Martins,37756.7565@email.com,193338,Sim,Sim,Nao,Mastercard,Infinite,121,Sim,22,F,Aposentado,null,null,null,null,null,null,null,null,null,null,null,null,null
879,Pedro Lima,37879.8796@email.com,198113,Sim,Sim,Nao,VISA,Gold,128,Sim,64,M,Autonomo,null,null,null,null,null,null,null,null,null,null,null,null,null
880,Patricia Barbosa,37886.8861@email.com,167544,Sim,Nao,Sim,Mastercard,Infinite,31,Sim,31,M,Aposentado,null,null,null,null,null,null,null,null,null,null,null,null,null
881,Camila Lima,39650.6506@email.com,9645,Sim,Nao,Sim,Mastercard,Gold,27,Sim,46,M,Autonomo,21000,881,20261110,20261-110,RJ,RIO DE JANEIRO,TIJUCA,RUA,JOAQUIM PIZARRO,-20.76653141879334,-45.78613085565757,86a8a8207ffffff,88a8a82063fffff
882,Natalia Martins,39716.7161@email.com,141114.5,Sim,Sim,Nao,Mastercard,Infinite,112,Nao,83,M,Prof Liberal,null,null,null,null,null,null,null,null,null,null,null,null,null
883,Claudia Teixeira,39781.7813@email.com,13774,Nao,Sim,Sim,null,null,28,Sim,70,M,Aposentado,null,null,null,null,null,null,null,null,null,null,null,null,null
884,Camila Melo,40449.4499@email.com,163574.5,Sim,Sim,Sim,VISA,Platinum,70,Sim,61,F,Funcionario Publico,null,null,null,null,null,null,null,null,null,null,null,null,null
885,Thiago Ribeiro,40460.4603@email.com,174388,Sim,Sim,Nao,VISA,Infinite,93,Sim,87,M,Funcionario Publico,null,null,null,null,null,null,null,null,null,null,null,null,null
886,Matheus Oliveira,40998.9984@email.com,162178,Nao,Sim,Sim,null,null,3,Sim,19,M,Funcionario Publico,null,null,null,null,null,null,null,null,null,null,null,null,null
887,Samuel Nascimento,41025.0250@email.com,189434,Sim,Sim,Sim,Mastercard,Platinum,42,Sim,44,M,Funcionario Publico,null,null,null,null,null,null,null,null,null,null,null,null,null
888,Fernanda Pereira,41081.0815@email.com,63463,Sim,Sim,Sim,Mastercard,Platinum,54,Sim,24,M,Autonomo,null,null,null,null,null,null,null,null,null,null,null,null,null
889,Claudia Souza,41146.1465@email.com,5868.5,Sim,Nao,Sim,VISA,Connect,52,Sim,59,M,Prof Liberal,null,null,null,null,null,null,null,null,null,null,null,null,null
890,Priscila Oliveira,41939.9397@email.com,105176,Sim,Sim,Sim,VISA,DUX,71,Sim,39,M,Prof Liberal,null,null,null,null,null,null,null,null,null,null,null,null,null
891,Carolina Moreira,42117.1173@email.com,119378,Nao,Nao,Sim,null,null,22,Sim,42,M,Autonomo,null,null,null,null,null,null,null,null,null,null,null,null,null
892,Carolina Melo,42522.5223@email.com,9618,Sim,Sim,Nao,Mastercard,DUX,69,Sim,27,M,Estudante,null,null,null,null,null,null,null,null,null,null,null,null,null
893,Gabriela Almeida,42786.7860@email.com,136629,Sim,Nao,Sim,VISA,Gold,91,Nao,30,M,Funcionario Publico,null,null,null,null,null,null,null,null,null,null,null,null,null
894,Tatiana Costa,42836.8362@email.com,61930,Nao,Sim,Sim,null,null,80,Sim,70,M,Estudante,null,null,null,null,null,null,null,null,null,null,null,null,null
895,Leonardo Pereira,43796.7962@email.com,10122.5,Sim,Sim,Sim,Mastercard,Gold,6,Sim,57,M,Prof Liberal,null,null,null,null,null,null,null,null,null,null,null,null,null
896,Natalia Melo,44692.6924@email.com,130318.5,Sim,Sim,Nao,VISA,Infinite,103,Sim,63,M,Prof Liberal,null,null,null,null,null,null,null,null,null,null,null,null,null
897,Vanessa Melo,44838.8387@email.com,171289,Nao,Sim,Sim,null,null,9,Sim,35,F,Prof Liberal,null,null,null,null,null,null,null,null,null,null,null,null,null
898,Renata Oliveira,44943.9432@email.com,39593.5,Nao,Sim,Nao,null,null,113,Nao,75,M,Funcionario Publico,2000,898,20261233,20261-233,RJ,RIO DE JANEIRO,RIO COMPRIDO,RUA,SANTA ALEXANDRINA - DE 1022 AO FIM - LADO PAR,-25.085762566217014,-47.81323211641309,86a8330efffffff,88a8330ed1fffff
899,Denise Costa,45916.9165@email.com,84857.5,Nao,Sim,Sim,null,null,111,Nao,85,M,Autonomo,null,null,null,null,null,null,null,null,null,null,null,null,null
900,Carolina Lima,45955.9557@email.com,77098,Sim,Sim,Sim,VISA,Infinite,2,Sim,27,M,Prof Liberal,null,null,null,null,null,null,null,null,null,null,null,null,null
901,Juliana Moreira,47137.1378@email.com,53542,Sim,Sim,Sim,Mastercard,Connect,83,Nao,46,M,Funcionario Publico,null,null,null,null,null,null,null,null,null,null,null,null,null
902,Natalia Barbosa,47234.2349@email.com,155739,Sim,Nao,Sim,VISA,Platinum,23,Sim,66,M,Funcionario Publico,null,null,null,null,null,null,null,null,null,null,null,null,null
903,Renata Oliveira,47859.8593@email.com,92352,Sim,Sim,Sim,VISA,Platinum,33,Sim,51,M,Aposentado,6000,903,20261243,20261-243,RJ,RIO DE JANEIRO,RIO COMPRIDO,AVENIDA,PAULO DE FRONTIN - DE 518 AO FIM - LADO PAR,-20.6633933391548,-49.067859904757356,86a81bb27ffffff,88a81bb267fffff
904,Gabriela Lima,48012.0126@email.com,190428,Sim,Sim,Sim,VISA,Gold,107,Sim,26,M,Prof Liberal,null,null,null,null,null,null,null,null,null,null,null,null,null
905,Gustavo Melo,48023.0236@email.com,89689,Nao,Sim,Nao,null,null,79,Nao,68,F,Prof Liberal,null,null,null,null,null,null,null,null,null,null,null,null,null
906,Renata Nascimento,48381.3817@email.com,100692,Nao,Sim,Sim,null,null,7,Sim,79,M,Funcionario Publico,null,null,null,null,null,null,null,null,null,null,null,null,null
907,Fernando Nascimento,48467.4679@email.com,198790,Sim,Sim,Sim,Mastercard,Infinite,78,Sim,39,M,Aposentado,2000,907,20261290,20261-290,RJ,RIO DE JANEIRO,RIO COMPRIDO,RUA,ENGENHEIRO VEIGA BRITO,-23.833116752695148,-45.788209578402586,86a81628fffffff,88a81628bbfffff
908,Patricia Rodrigues,48806.8068@email.com,185243,Sim,Sim,Sim,VISA,Platinum,144,Sim,24,M,Funcionario Publico,null,null,null,null,null,null,null,null,null,null,null,null,null
909,Lucas Costa,49670.6708@email.com,86176,Nao,Sim,Sim,null,null,57,Sim,42,F,Prof Liberal,null,null,null,null,null,null,null,null,null,null,null,null,null
910,Maria Teixeira,50505.5050@email.com,103762.5,Sim,Sim,Sim,VISA,Gold,52,Sim,81,M,Estudante,null,null,null,null,null,null,null,null,null,null,null,null,null
911,Vanessa Martins,50658.6580@email.com,22134,Sim,Sim,Sim,VISA,Gold,121,Sim,65,F,Funcionario Publico,null,null,null,null,null,null,null,null,null,null,null,null,null
912,Isabela Barbosa,51982.9829@email.com,204960,Sim,Sim,Sim,VISA,Connect,125,Nao,19,F,Prof Liberal,null,null,null,null,null,null,null,null,null,null,null,null,null
913,Denise Lima,52073.0735@email.com,115676.5,Sim,Sim,Sim,VISA,Connect,138,Sim,34,F,Autonomo,null,null,null,null,null,null,null,null,null,null,null,null,null
914,Lucas Costa,52476.4769@email.com,31102.5,Sim,Nao,Sim,Mastercard,DUX,80,Sim,26,M,Prof Liberal,null,null,null,null,null,null,null,null,null,null,null,null,null
915,Samuel Moreira,53437.4379@email.com,97534,Nao,Sim,Nao,null,null,4,Sim,76,M,Autonomo,null,null,null,null,null,null,null,null,null,null,null,null,null
916,Eduardo Costa,53625.6253@email.com,21482.5,Sim,Sim,Sim,Mastercard,Infinite,113,Nao,20,M,Funcionario Publico,null,null,null,null,null,null,null,null,null,null,null,null,null
917,Patricia Teixeira,53729.7295@email.com,66173,Nao,Nao,Sim,null,null,73,Nao,87,M,Estudante,8000,917,20270030,20270-030,RJ,RIO DE JANEIRO,MARACANA,RUA,BENEVENUTO BERNA,-23.07330128132096,-49.12947835612043,86a8035b7ffffff,88a8035b17fffff
918,Gabriela Martins,54168.1680@email.com,85468,Sim,Sim,Sim,VISA,Infinite,116,Sim,37,M,Aposentado,null,null,null,null,null,null,null,null,null,null,null,null,null
919,Jorge Martins,54308.3087@email.com,7293,Nao,Sim,Sim,null,null,145,Sim,43,M,Estudante,null,null,null,null,null,null,null,null,null,null,null,null,null
920,Gabriela Silva,55180.1800@email.com,28053,Sim,Sim,Nao,Mastercard,Connect,0,Sim,20,M,Funcionario Publico,null,null,null,null,null,null,null,null,null,null,null,null,null
921,Helena Pereira,55253.2538@email.com,79731,Sim,Sim,Sim,VISA,Platinum,44,Sim,27,M,Aposentado,null,null,null,null,null,null,null,null,null,null,null,null,null
922,Vanessa Melo,55333.3339@email.com,154916.5,Nao,Sim,Sim,null,null,120,Sim,31,M,Prof Liberal,null,null,null,null,null,null,null,null,null,null,null,null,null
923,Tatiana Souza,55373.3739@email.com,89775.5,Nao,Sim,Sim,null,null,25,Nao,50,M,Prof Liberal,null,null,null,null,null,null,null,null,null,null,null,null,null
924,Isabela Santos,55478.4785@email.com,108517,Sim,Sim,Sim,VISA,Connect,16,Sim,74,F,Prof Liberal,null,null,null,null,null,null,null,null,null,null,null,null,null
925,Carolina Almeida,57097.0978@email.com,40372,Sim,Nao,Sim,VISA,Platinum,80,Sim,27,M,Funcionario Publico,null,null,null,null,null,null,null,null,null,null,null,null,null
926,Rafael Ribeiro,57124.1244@email.com,22626,Sim,Sim,Sim,Mastercard,DUX,57,Sim,71,M,Prof Liberal,6000,926,20270120,20270-120,RJ,RIO DE JANEIRO,PRACA DA BANDEIRA,TRAVESSA,SOLEDADE,-21.875986423520388,-47.159019519817086,86a81e4c7ffffff,88a81e4c61fffff
927,Denise Carvalho,57136.1368@email.com,70555,Sim,Nao,Sim,Mastercard,Gold,92,Sim,65,F,Funcionario Publico,19000,927,20270132,20270-132,RJ,RIO DE JANEIRO,PRACA DA BANDEIRA,RUA,DO MATOSO - ATE 125 - LADO IMPAR,-20.865920824870617,-47.352511103157404,86a81a46fffffff,88a81a4685fffff
928,Renata Pereira,57454.4547@email.com,88710.5,Sim,Sim,Sim,Mastercard,Connect,138,Sim,44,M,Prof Liberal,null,null,null,null,null,null,null,null,null,null,null,null,null
929,Rafael Martins,57662.6624@email.com,1966,Sim,Sim,Nao,Mastercard,Gold,29,Sim,57,M,Funcionario Publico,null,null,null,null,null,null,null,null,null,null,null,null,null
930,Denise Lima,58460.4600@email.com,67855,Sim,Sim,Sim,VISA,Connect,24,Sim,63,M,Prof Liberal,null,null,null,null,null,null,null,null,null,null,null,null,null
931,Marcos Nascimento,58630.6306@email.com,67564,Sim,Sim,Sim,VISA,Connect,65,Sim,42,M,Autonomo,null,null,null,null,null,null,null,null,null,null,null,null,null
932,Maria Costa,58758.7587@email.com,37181,Sim,Sim,Sim,VISA,Connect,31,Sim,22,M,Prof Liberal,7000,932,20270150,20270-150,RJ,RIO DE JANEIRO,PRACA DA BANDEIRA,PRACA,DA BANDEIRA,-23.946417416399594,-50.57498111177364,86a801d2fffffff,88a801d2c7fffff
933,Lucas Souza,58805.8051@email.com,140223,Sim,Sim,Sim,Mastercard,DUX,136,Nao,64,M,Prof Liberal,null,null,null,null,null,null,null,null,null,null,null,null,null
934,Lucas Rodrigues,60282.2828@email.com,181684,Sim,Nao,Sim,VISA,Infinite,71,Sim,71,M,Autonomo,null,null,null,null,null,null,null,null,null,null,null,null,null
935,Rafael Oliveira,60483.4838@email.com,183184,Sim,Sim,Nao,Mastercard,Platinum,144,Sim,20,M,Aposentado,null,null,null,null,null,null,null,null,null,null,null,null,null
936,Tatiana Martins,60852.8522@email.com,130970,Sim,Nao,Sim,Mastercard,Platinum,79,Sim,55,M,Funcionario Publico,null,null,null,null,null,null,null,null,null,null,null,null,null
937,Bruno Santos,61148.1488@email.com,86405,Sim,Sim,Sim,VISA,Infinite,1,Sim,65,M,Estudante,null,null,null,null,null,null,null,null,null,null,null,null,null
938,Carolina Nascimento,61572.5726@email.com,34658,Sim,Nao,Sim,VISA,Infinite,72,Sim,81,M,Autonomo,null,null,null,null,null,null,null,null,null,null,null,null,null
939,Lucas Barbosa,62274.2743@email.com,93544,Sim,Nao,Sim,VISA,Connect,24,Sim,87,M,Funcionario Publico,12000,939,20270213,20270-213,RJ,RIO DE JANEIRO,TIJUCA,RUA,CAMPOS SALES - ATE 110 - LADO PAR,-20.95331276786105,-46.34749006586723,86a8a9d77ffffff,88a8a9d76bfffff
940,Camila Rodrigues,64669.6694@email.com,75005,Nao,Sim,Nao,null,null,132,Sim,18,M,Funcionario Publico,null,null,null,null,null,null,null,null,null,null,null,null,null
941,Vitor Moreira,64834.8344@email.com,36444,Sim,Nao,Sim,Mastercard,DUX,89,Nao,70,M,Prof Liberal,null,null,null,null,null,null,null,null,null,null,null,null,null
942,Isabela Barbosa,65339.3392@email.com,126977,Nao,Nao,Sim,null,null,113,Sim,22,M,Funcionario Publico,null,null,null,null,null,null,null,null,null,null,null,null,null
943,Patricia Almeida,65833.8336@email.com,194764,Sim,Sim,Sim,Mastercard,Platinum,95,Sim,83,F,Funcionario Publico,null,null,null,null,null,null,null,null,null,null,null,null,null
944,Samuel Lima,66559.5591@email.com,5134,Sim,Sim,Nao,VISA,Connect,23,Sim,26,M,Autonomo,null,null,null,null,null,null,null,null,null,null,null,null,null
945,Ricardo Santos,66614.6148@email.com,143070,Sim,Sim,Nao,Mastercard,Gold,132,Sim,56,M,Prof Liberal,null,null,null,null,null,null,null,null,null,null,null,null,null
946,Renato Costa,66954.9542@email.com,93045.5,Sim,Nao,Sim,VISA,DUX,59,Nao,61,M,Prof Liberal,null,null,null,null,null,null,null,null,null,null,null,null,null
947,Gustavo Araujo,67102.1022@email.com,66889,Sim,Sim,Nao,Mastercard,Platinum,47,Sim,81,F,Autonomo,null,null,null,null,null,null,null,null,null,null,null,null,null
948,Patricia Silva,67336.3363@email.com,33587,Nao,Sim,Sim,null,null,96,Sim,41,F,Prof Liberal,null,null,null,null,null,null,null,null,null,null,null,null,null
949,Denise Nascimento,67951.9519@email.com,163555,Nao,Sim,Sim,null,null,129,Sim,61,M,Autonomo,null,null,null,null,null,null,null,null,null,null,null,null,null
950,Diego Gomes,68556.5565@email.com,94954.5,Sim,Sim,Sim,Mastercard,Gold,76,Nao,63,F,Estudante,null,null,null,null,null,null,null,null,null,null,null,null,null
951,Claudia Gomes,68926.9268@email.com,116334,Sim,Sim,Sim,VISA,DUX,85,Sim,53,M,Aposentado,null,null,null,null,null,null,null,null,null,null,null,null,null
952,Juliana Souza,69463.4635@email.com,142012,Sim,Sim,Sim,VISA,Platinum,95,Sim,59,M,Funcionario Publico,null,null,null,null,null,null,null,null,null,null,null,null,null
953,Gustavo Barbosa,69547.5470@email.com,167183,Sim,Sim,Sim,Mastercard,DUX,60,Sim,52,F,Estudante,null,null,null,null,null,null,null,null,null,null,null,null,null
954,Rafael Silva,69685.6850@email.com,44226,Sim,Sim,Sim,VISA,Connect,36,Sim,56,M,Autonomo,null,null,null,null,null,null,null,null,null,null,null,null,null
955,Camila Ribeiro,69791.7916@email.com,90665,Sim,Sim,Sim,Mastercard,Gold,80,Sim,63,M,Autonomo,null,null,null,null,null,null,null,null,null,null,null,null,null
956,Vanessa Ferreira,70922.9220@email.com,65609,Sim,Nao,Sim,VISA,Infinite,92,Nao,79,M,Autonomo,null,null,null,null,null,null,null,null,null,null,null,null,null
957,Carlos Gomes,carlos.3845@email.com,194832,Sim,Nao,Sim,VISA,Infinite,56,Sim,61,M,Prof Liberal,null,null,null,null,null,null,null,null,null,null,null,null,null
958,Maria Gomes,71911.9112@email.com,84033,Sim,Sim,Sim,Mastercard,Infinite,125,Nao,81,M,Aposentado,null,null,null,null,null,null,null,null,null,null,null,null,null
959,Simone Martins,72198.1987@email.com,149693,Sim,Sim,Sim,VISA,Platinum,65,Sim,42,F,Autonomo,2000,959,20270330,20270-330,RJ,RIO DE JANEIRO,TIJUCA,RUA,SILVA RAMOS,-22.646476709898703,-44.31673723258353,86a8a1097ffffff,88a8a1091bfffff
960,Vanessa Lima,72741.7415@email.com,207826,Sim,Sim,Sim,VISA,Connect,66,Nao,29,M,Funcionario Publico,null,null,null,null,null,null,null,null,null,null,null,null,null
961,Pedro Martins,72878.8786@email.com,27103,Nao,Nao,Nao,null,null,3,Sim,50,M,Autonomo,null,null,null,null,null,null,null,null,null,null,null,null,null
962,Claudia Souza,72893.8938@email.com,3054,Sim,Nao,Sim,VISA,Connect,70,Nao,40,M,Aposentado,null,null,null,null,null,null,null,null,null,null,null,null,null
963,Renata Melo,73238.2381@email.com,196932,Sim,Nao,Nao,VISA,Platinum,112,Sim,37,M,Autonomo,null,null,null,null,null,null,null,null,null,null,null,null,null
964,Juliana Silva,73493.4931@email.com,31498,Nao,Nao,Sim,null,null,79,Sim,69,F,Estudante,null,null,null,null,null,null,null,null,null,null,null,null,null
965,Claudia Almeida,73638.6384@email.com,126909.5,Sim,Sim,Sim,VISA,DUX,143,Sim,67,M,Funcionario Publico,null,null,null,null,null,null,null,null,null,null,null,null,null
966,Tatiana Almeida,73722.7227@email.com,10842,Sim,Sim,Sim,Mastercard,Platinum,138,Sim,39,M,Autonomo,null,null,null,null,null,null,null,null,null,null,null,null,null
967,Fernanda Pereira,74111.1119@email.com,92563,Sim,Nao,Sim,VISA,DUX,85,Sim,87,M,Autonomo,null,null,null,null,null,null,null,null,null,null,null,null,null
968,Renata Ribeiro,75138.1383@email.com,89252,Sim,Sim,Sim,Mastercard,DUX,105,Sim,61,M,Autonomo,null,null,null,null,null,null,null,null,null,null,null,null,null
969,Helena Ribeiro,75430.4307@email.com,161191,Sim,Sim,Nao,Mastercard,Platinum,62,Nao,53,M,Aposentado,null,null,null,null,null,null,null,null,null,null,null,null,null
970,Ricardo Oliveira,75621.6216@email.com,5916.5,Nao,Sim,Sim,null,null,102,Sim,54,M,Aposentado,6000,970,20271061,20271-061,RJ,RIO DE JANEIRO,TIJUCA,RUA,PROFESSOR GABIZO - DE 132 A 228 - LADO PAR,-23.067920644119518,-53.033010118585096,86a82b3afffffff,88a82b3a85fffff
971,Renato Martins,75694.6940@email.com,158095,Sim,Nao,Sim,Mastercard,Platinum,130,Sim,42,M,Funcionario Publico,null,null,null,null,null,null,null,null,null,null,null,null,null
972,Leonardo Teixeira,75874.8743@email.com,7839,Sim,Sim,Nao,Mastercard,DUX,52,Sim,34,M,Autonomo,null,null,null,null,null,null,null,null,null,null,null,null,null
973,Ana Souza,ana.3990@email.com,110500,Nao,Sim,Nao,null,null,53,Sim,62,M,Autonomo,17000,973,20271064,20271-064,RJ,RIO DE JANEIRO,TIJUCA,RUA,PROFESSOR GABIZO - DE 137 A 247 - LADO IMPAR,-22.874231513562766,-51.97104802303364,86a80c14fffffff,88a80c14a9fffff
974,Ricardo Silva,76740.7403@email.com,145311.5,Sim,Sim,Sim,Mastercard,Infinite,50,Nao,80,M,Prof Liberal,null,null,null,null,null,null,null,null,null,null,null,null,null
975,Renato Nascimento,77415.4150@email.com,60046.5,Sim,Sim,Sim,Mastercard,DUX,108,Sim,56,F,Aposentado,20000,975,20271070,20271-070,RJ,RIO DE JANEIRO,TIJUCA,RUA,SANTA TERESINHA,-21.800812633994834,-47.09609619083857,86a8adb2fffffff,88a8adb28bfffff
976,Gabriela Oliveira,78753.7530@email.com,13628,Nao,Sim,Nao,null,null,103,Sim,29,M,Estudante,null,null,null,null,null,null,null,null,null,null,null,null,null
977,Priscila Almeida,78956.9568@email.com,169976,Sim,Sim,Sim,Mastercard,Platinum,70,Sim,73,M,Autonomo,null,null,null,null,null,null,null,null,null,null,null,null,null
978,Carolina Nascimento,79363.3630@email.com,141538,Nao,Sim,Nao,null,null,119,Sim,35,M,Funcionario Publico,null,null,null,null,null,null,null,null,null,null,null,null,null
979,Eduardo Souza,80021.0210@email.com,151872,Sim,Nao,Sim,Mastercard,Gold,125,Sim,32,M,Funcionario Publico,null,null,null,null,null,null,null,null,null,null,null,null,null
980,Renato Melo,80084.0844@email.com,147437,Nao,Sim,Sim,null,null,81,Sim,84,M,Prof Liberal,null,null,null,null,null,null,null,null,null,null,null,null,null
981,Marcos Pereira,81719.7190@email.com,124092,Sim,Sim,Sim,Mastercard,Platinum,83,Sim,51,M,Estudante,null,null,null,null,null,null,null,null,null,null,null,null,null
982,Claudia Teixeira,83214.2143@email.com,136374,Sim,Sim,Sim,Mastercard,Gold,141,Sim,20,M,Funcionario Publico,null,null,null,null,null,null,null,null,null,null,null,null,null
983,Renato Ribeiro,83470.4701@email.com,50097,Sim,Sim,Sim,VISA,Connect,109,Sim,18,M,Prof Liberal,null,null,null,null,null,null,null,null,null,null,null,null,null
984,Camila Almeida,83974.9742@email.com,195558,Sim,Sim,Sim,VISA,Connect,80,Nao,66,M,Estudante,null,null,null,null,null,null,null,null,null,null,null,null,null
985,Tatiana Silva,85169.1692@email.com,29270,Sim,Sim,Sim,VISA,Infinite,80,Sim,31,M,Prof Liberal,null,null,null,null,null,null,null,null,null,null,null,null,null
986,Thiago Moreira,85383.3831@email.com,28588,Sim,Sim,Nao,VISA,Platinum,76,Sim,33,M,Funcionario Publico,2000,986,20271170,20271-170,RJ,RIO DE JANEIRO,MARACANA,PRACA,VIOLONCELISTA ALFREDO GOMES,-21.022589355836956,-44.412506314998545,86a8aa997ffffff,88a8aa9911fffff
987,Tatiana Costa,85385.3857@email.com,122672,Sim,Sim,Nao,VISA,Gold,16,Sim,48,M,Prof Liberal,null,null,null,null,null,null,null,null,null,null,null,null,null
988,Natalia Ribeiro,85547.5474@email.com,42221,Nao,Sim,Nao,null,null,59,Sim,71,F,Estudante,null,null,null,null,null,null,null,null,null,null,null,null,null
989,Maria Rodrigues,85681.6813@email.com,88501,Nao,Nao,Sim,null,null,54,Sim,65,M,Prof Liberal,null,null,null,null,null,null,null,null,null,null,null,null,null
990,Tatiana Gomes,86196.1961@email.com,181688.5,Sim,Nao,Sim,Mastercard,Infinite,87,Sim,59,M,Prof Liberal,null,null,null,null,null,null,null,null,null,null,null,null,null
991,Camila Nascimento,86230.2301@email.com,181185,Sim,Sim,Sim,VISA,Platinum,4,Sim,85,M,Prof Liberal,null,null,null,null,null,null,null,null,null,null,null,null,null
992,Natalia Pereira,86298.2985@email.com,74479.5,Sim,Sim,Nao,Mastercard,DUX,57,Sim,36,M,Prof Liberal,null,null,null,null,null,null,null,null,null,null,null,null,null
993,Denise Nascimento,86300.3003@email.com,203577.5,Nao,Sim,Sim,null,null,121,Sim,81,F,Aposentado,null,null,null,null,null,null,null,null,null,null,null,null,null
994,Marcos Melo,86305.3059@email.com,31267,Nao,Nao,Sim,null,null,103,Sim,65,M,Autonomo,18000,994,20271220,20271-220,RJ,RIO DE JANEIRO,MARACANA,RUA,OTO DE ALENCAR,-21.122804546028956,-44.58497809001612,86a8aa907ffffff,88a8aa9067fffff
995,Camila Carvalho,86779.7793@email.com,81725,Sim,Sim,Sim,VISA,Infinite,126,Nao,44,M,Prof Liberal,null,null,null,null,null,null,null,null,null,null,null,null,null
996,Claudia Ferreira,87048.0483@email.com,34874,Nao,Sim,Sim,null,null,44,Sim,62,M,Prof Liberal,null,null,null,null,null,null,null,null,null,null,null,null,null
997,Helena Almeida,87726.7264@email.com,169851,Sim,Sim,Nao,Mastercard,Gold,74,Sim,54,M,Autonomo,6000,997,20271250,20271-250,RJ,RIO DE JANEIRO,MARACANA,RUA,JIQUIBA,-22.6926032023108,-44.82346091771835,86a8a1a8fffffff,88a8a1a8e1fffff
998,Patricia Silva,88090.0907@email.com,68264,Nao,Nao,Sim,null,null,45,Sim,82,M,Funcionario Publico,null,null,null,null,null,null,null,null,null,null,null,null,null
999,Gabriela Moreira,88276.2762@email.com,153223.5,Sim,Nao,Sim,VISA,Gold,12,Sim,78,M,Autonomo,20000,999,20271280,20271-280,RJ,RIO DE JANEIRO,PRACA DA BANDEIRA,RUA,PARA,-20.124838498969126,-44.61282330891132,86a8aa28fffffff,88a8aa28a3fffff
1000,Maria Moreira,88402.4021@email.com,44941,Sim,Sim,Nao,Mastercard,Platinum,142,Nao,20,M,Funcionario Publico,null,null,null,null,null,null,null,null,null,null,null,null,null
1001,Leonardo Teixeira,88610.6105@email.com,191549.5,Sim,Sim,Sim,VISA,Gold,54,Sim,48,M,Estudante,null,null,null,null,null,null,null,null,null,null,null,null,null
1002,Larissa Teixeira,88933.9337@email.com,143458.5,Sim,Sim,Nao,VISA,DUX,121,Sim,81,M,Funcionario Publico,11000,1002,20271310,20271-310,RJ,RIO DE JANEIRO,MARACANA,RUA,SERGIPE,-20.652607072214266,-52.89735726986104,86a856907ffffff,88a856900bfffff
1003,Beatriz Costa,88936.9362@email.com,427,Nao,Nao,Nao,null,null,16,Sim,41,M,Prof Liberal,null,null,null,null,null,null,null,null,null,null,null,null,null
1004,Beatriz Silva,89532.5324@email.com,85507,Sim,Sim,Sim,Mastercard,Platinum,140,Nao,65,M,Autonomo,null,null,null,null,null,null,null,null,null,null,null,null,null
1005,Samuel Santos,89784.7849@email.com,119463.5,Nao,Nao,Sim,null,null,87,Sim,57,F,Prof Liberal,null,null,null,null,null,null,null,null,null,null,null,null,null
1006,Thiago Almeida,90461.4614@email.com,10708,Nao,Sim,Sim,null,null,12,Sim,38,M,Aposentado,5000,1006,20396005,20396-005,RJ,RIO DE JANEIRO,PAQUETA,RUA,MESTRE ALTINHO,-24.67009092143374,-52.66506101037262,86a828c2fffffff,88a828c2c7fffff
1007,Renato Santos,90721.7210@email.com,76361.5,Sim,Sim,Sim,Mastercard,DUX,44,Sim,56,M,Funcionario Publico,4000,1007,20396006,20396-006,RJ,RIO DE JANEIRO,PAQUETA,RUA,PINHEIRO FREIRE,-22.331281530163647,-50.180149555058485,86a80e4a7ffffff,88a80e4a35fffff
1008,Vanessa Ferreira,91120.1203@email.com,62649,Sim,Sim,Sim,VISA,Platinum,80,Sim,81,M,Funcionario Publico,10000,1008,20396010,20396-010,RJ,RIO DE JANEIRO,PAQUETA,RUA,COMENDADOR LAJE,-24.8618936821319,-45.67771238065371,86a98966fffffff,88a98966b1fffff
1009,Carolina Moreira,91474.4740@email.com,182498,Sim,Sim,Sim,Mastercard,DUX,94,Sim,45,M,Autonomo,null,null,null,null,null,null,null,null,null,null,null,null,null
1010,Beatriz Ribeiro,91683.6839@email.com,118227,Sim,Sim,Sim,Mastercard,Connect,72,Sim,52,M,Estudante,null,null,null,null,null,null,null,null,null,null,null,null,null
1011,Vanessa Ribeiro,91894.8942@email.com,173681.5,Sim,Sim,Sim,VISA,Infinite,122,Sim,33,M,Funcionario Publico,null,null,null,null,null,null,null,null,null,null,null,null,null
1012,Helena Barbosa,92059.0590@email.com,37171,Sim,Sim,Sim,Mastercard,Gold,26,Sim,22,F,Estudante,null,null,null,null,null,null,null,null,null,null,null,null,null
1013,Maria Nascimento,92816.8167@email.com,109524,Sim,Sim,Sim,Mastercard,Platinum,108,Nao,30,M,Prof Liberal,null,null,null,null,null,null,null,null,null,null,null,null,null
1014,Patricia Carvalho,93298.2986@email.com,187825.5,Nao,Sim,Sim,null,null,124,Nao,35,M,Funcionario Publico,null,null,null,null,null,null,null,null,null,null,null,null,null
1015,Fernanda Melo,94034.0346@email.com,154083,Sim,Sim,Sim,VISA,Platinum,10,Sim,84,F,Funcionario Publico,null,null,null,null,null,null,null,null,null,null,null,null,null
1016,Fabio Santos,94810.8100@email.com,27132,Sim,Sim,Sim,Mastercard,Platinum,149,Sim,72,M,Autonomo,15000,1016,20396080,20396-080,RJ,RIO DE JANEIRO,PAQUETA,RUA,FREI LEOPOLDO,-21.255775617355248,-45.35181226245586,86a8a8c5fffffff,88a8a8c595fffff
1017,Claudia Martins,95033.0336@email.com,156575,Sim,Sim,Nao,VISA,DUX,88,Sim,65,M,Funcionario Publico,null,null,null,null,null,null,null,null,null,null,null,null,null
1018,Renata Rodrigues,95298.2986@email.com,197632,Nao,Sim,Sim,null,null,112,Sim,45,M,Prof Liberal,null,null,null,null,null,null,null,null,null,null,null,null,null
1019,Natalia Moreira,95688.6882@email.com,73499,Sim,Sim,Sim,VISA,Infinite,79,Sim,32,M,Prof Liberal,null,null,null,null,null,null,null,null,null,null,null,null,null
1020,Renata Carvalho,96947.9471@email.com,189932,Nao,Sim,Sim,null,null,46,Sim,46,M,Prof Liberal,null,null,null,null,null,null,null,null,null,null,null,null,null
1021,Ricardo Ribeiro,97489.4892@email.com,103850,Sim,Sim,Sim,VISA,DUX,125,Sim,72,F,Prof Liberal,8000,1021,20396130,20396-130,RJ,RIO DE JANEIRO,PAQUETA,PRAIA,MANUEL LUIS,-24.724244492610776,-44.95363421731747,86a98bad7ffffff,88a98bad15fffff
1022,Gustavo Oliveira,97533.5334@email.com,112749,Sim,Sim,Sim,Mastercard,Infinite,41,Sim,69,M,Prof Liberal,6000,1022,20396135,20396-135,RJ,RIO DE JANEIRO,PAQUETA,MORRO,DO VELOSO,-23.651162963914228,-48.57193405290526,86a80219fffffff,88a8021837fffff
1023,Larissa Moreira,97876.8769@email.com,112826,Sim,Sim,Sim,Mastercard,DUX,29,Sim,55,F,Autonomo,9000,1023,20396140,20396-140,RJ,RIO DE JANEIRO,PAQUETA,PRAIA,JOSE BONIFACIO,-23.984383879480788,-46.30905459079923,86a810c1fffffff,88a810c1ebfffff
1024,Leonardo Costa,98214.2147@email.com,101079,Sim,Sim,Nao,Mastercard,Platinum,63,Sim,20,M,Estudante,null,null,null,null,null,null,null,null,null,null,null,null,null
1025,Ana Nascimento,ana.2402@email.com,98460,Sim,Nao,Sim,VISA,Platinum,41,Sim,83,M,Prof Liberal,null,null,null,null,null,null,null,null,null,null,null,null,null
1026,Tatiana Costa,98742.7429@email.com,45519,Sim,Nao,Sim,Mastercard,Gold,88,Sim,62,F,Prof Liberal,null,null,null,null,null,null,null,null,null,null,null,null,null
1027,Jorge Nascimento,98811.8110@email.com,7173,Sim,Sim,Sim,Mastercard,Gold,27,Sim,35,M,Estudante,null,null,null,null,null,null,null,null,null,null,null,null,null
1028,Claudia Moreira,99194.1943@email.com,48721,Sim,Nao,Sim,VISA,Infinite,14,Sim,20,M,Aposentado,null,null,null,null,null,null,null,null,null,null,null,null,null
1029,Beatriz Almeida,99838.8382@email.com,80279.5,Nao,Sim,Sim,null,null,30,Sim,32,M,Prof Liberal,null,null,null,null,null,null,null,null,null,null,null,null,null
1030,Fernanda Barbosa,99926.9260@email.com,59683,Sim,Sim,Nao,VISA,Infinite,109,Sim,54,M,Prof Liberal,null,null,null,null,null,null,null,null,null,null,null,null,null
1031,Larissa Pereira,10055.0557@email.com,18234,Sim,Sim,Sim,Mastercard,DUX,113,Sim,87,M,Prof Liberal,2000,1031,20396210,20396-210,RJ,RIO DE JANEIRO,PAQUETA,PRACA,EX-COMBATENTES,-21.47654419964519,-48.40784735070188,86a81856fffffff,88a81854c9fffff
1032,Diego Moreira,10539.5392@email.com,172193.5,Nao,Sim,Sim,null,null,70,Sim,18,M,Estudante,null,null,null,null,null,null,null,null,null,null,null,null,null
1033,Matheus Araujo,10887.8878@email.com,19218,Sim,Nao,Nao,VISA,Gold,79,Sim,51,F,Prof Liberal,null,null,null,null,null,null,null,null,null,null,null,null,null
1034,Renata Barbosa,11825.8257@email.com,59232,Sim,Sim,Nao,Mastercard,Connect,128,Sim,39,M,Autonomo,null,null,null,null,null,null,null,null,null,null,null,null,null
1035,Camila Martins,12120.1209@email.com,72045,Sim,Nao,Sim,VISA,DUX,70,Sim,42,M,Funcionario Publico,null,null,null,null,null,null,null,null,null,null,null,null,null
1036,Natalia Melo,12163.1633@email.com,20499,Sim,Sim,Nao,VISA,Platinum,9,Sim,27,M,Prof Liberal,null,null,null,null,null,null,null,null,null,null,null,null,null
1037,Larissa Carvalho,12214.2142@email.com,112446,Nao,Nao,Nao,null,null,13,Sim,75,M,Prof Liberal,null,null,null,null,null,null,null,null,null,null,null,null,null
1038,Juliana Silva,12285.2853@email.com,61742,Nao,Sim,Nao,null,null,77,Sim,48,F,Aposentado,null,null,null,null,null,null,null,null,null,null,null,null,null
1039,Carolina Almeida,12434.4345@email.com,126718,Sim,Sim,Sim,VISA,Platinum,116,Sim,54,M,Funcionario Publico,null,null,null,null,null,null,null,null,null,null,null,null,null
1040,Bruno Souza,12726.7264@email.com,4925,Sim,Sim,Nao,VISA,Connect,50,Nao,70,F,Funcionario Publico,null,null,null,null,null,null,null,null,null,null,null,null,null
1041,Tatiana Melo,13166.1660@email.com,158070,Sim,Sim,Nao,VISA,Infinite,66,Sim,29,F,Autonomo,null,null,null,null,null,null,null,null,null,null,null,null,null
1042,Matheus Ferreira,13920.9201@email.com,143238,Sim,Sim,Sim,VISA,Gold,37,Sim,81,F,Prof Liberal,null,null,null,null,null,null,null,null,null,null,null,null,null
1043,Gabriela Pereira,14709.7097@email.com,20928,Sim,Nao,Sim,Mastercard,Platinum,19,Sim,32,M,Aposentado,null,null,null,null,null,null,null,null,null,null,null,null,null
1044,Lucas Nascimento,16629.6293@email.com,97324,Sim,Sim,Sim,VISA,Platinum,17,Sim,41,M,Aposentado,null,null,null,null,null,null,null,null,null,null,null,null,null
1045,Priscila Barbosa,16657.6572@email.com,191380,Sim,Sim,Nao,VISA,Infinite,3,Nao,83,M,Prof Liberal,null,null,null,null,null,null,null,null,null,null,null,null,null
1046,Beatriz Silva,16786.7866@email.com,105996.5,Nao,Sim,Sim,null,null,63,Sim,80,M,Prof Liberal,null,null,null,null,null,null,null,null,null,null,null,null,null
1047,Maria Souza,16934.9341@email.com,73334.5,Sim,Nao,Nao,Mastercard,Connect,19,Sim,27,M,Autonomo,null,null,null,null,null,null,null,null,null,null,null,null,null
1048,Helena Oliveira,17050.0500@email.com,23979,Sim,Nao,Sim,Mastercard,Platinum,59,Sim,25,M,Funcionario Publico,null,null,null,null,null,null,null,null,null,null,null,null,null
1049,Vitor Moreira,17120.1205@email.com,118696,Nao,Sim,Sim,null,null,24,Sim,28,F,Prof Liberal,null,null,null,null,null,null,null,null,null,null,null,null,null
1050,Ana Silva,ana.0195@email.com,55354.5,Sim,Sim,Nao,VISA,Platinum,131,Nao,82,F,Prof Liberal,null,null,null,null,null,null,null,null,null,null,null,null,null
1051,Isabela Barbosa,18184.1840@email.com,199257,Sim,Nao,Sim,VISA,Infinite,40,Sim,55,M,Funcionario Publico,null,null,null,null,null,null,null,null,null,null,null,null,null
1052,Bruno Oliveira,18278.2783@email.com,205339,Sim,Sim,Sim,VISA,DUX,125,Sim,77,M,Funcionario Publico,null,null,null,null,null,null,null,null,null,null,null,null,null
1053,Tatiana Nascimento,18859.8595@email.com,118230,Nao,Sim,Nao,null,null,41,Sim,82,M,Aposentado,null,null,null,null,null,null,null,null,null,null,null,null,null
1054,Gabriela Lima,18965.9656@email.com,53081.5,Sim,Sim,Sim,Mastercard,Connect,126,Sim,59,F,Autonomo,22000,1054,20397135,20397-135,RJ,RIO DE JANEIRO,PAQUETA,PRAIA,DOUTOR ARISTAO,-20.483259824587016,-45.974014528888276,86a8a958fffffff,88a8a958e3fffff
1055,Larissa Araujo,19185.1858@email.com,199306,Nao,Sim,Sim,null,null,112,Sim,20,M,Prof Liberal,null,null,null,null,null,null,null,null,null,null,null,null,null
1056,Samuel Almeida,20158.1581@email.com,198724.5,Nao,Sim,Sim,null,null,62,Sim,77,M,Prof Liberal,null,null,null,null,null,null,null,null,null,null,null,null,null
1057,Samuel Costa,20199.1993@email.com,122294,Sim,Sim,Sim,VISA,Platinum,134,Sim,80,M,Funcionario Publico,null,null,null,null,null,null,null,null,null,null,null,null,null
1058,Natalia Barbosa,20252.2528@email.com,171418.5,Sim,Sim,Sim,VISA,Infinite,85,Sim,74,M,Aposentado,null,null,null,null,null,null,null,null,null,null,null,null,null
1059,Matheus Lima,20307.3074@email.com,133765,Sim,Sim,Sim,Mastercard,Platinum,35,Sim,74,M,Autonomo,null,null,null,null,null,null,null,null,null,null,null,null,null
1060,Ana Santos,ana.3697@email.com,176820,Nao,Nao,Sim,null,null,131,Sim,36,F,Prof Liberal,null,null,null,null,null,null,null,null,null,null,null,null,null
1061,Fernanda Barbosa,21852.8524@email.com,180745,Sim,Sim,Nao,Mastercard,Connect,62,Sim,82,M,Prof Liberal,null,null,null,null,null,null,null,null,null,null,null,null,null
1062,Tatiana Almeida,21863.8639@email.com,177231.5,Sim,Sim,Sim,VISA,Connect,21,Sim,71,M,Funcionario Publico,null,null,null,null,null,null,null,null,null,null,null,null,null
1063,Larissa Carvalho,22224.2241@email.com,150226,Sim,Sim,Nao,Mastercard,Platinum,28,Sim,84,M,Aposentado,null,null,null,null,null,null,null,null,null,null,null,null,null
1064,Isabela Nascimento,22662.6628@email.com,117762,Nao,Sim,Sim,null,null,122,Sim,53,M,Prof Liberal,7000,1064,20397230,20397-230,RJ,RIO DE JANEIRO,PAQUETA,RUA,DOIS IRMAOS,-22.823037510490376,-47.432592913343974,86a811637ffffff,88a811636dfffff
1065,Patricia Nascimento,22665.6658@email.com,5804,Sim,Nao,Sim,Mastercard,Platinum,53,Sim,55,M,Funcionario Publico,18000,1065,20397235,20397-235,RJ,RIO DE JANEIRO,PAQUETA,PRAIA,SAO ROQUE,-23.352047679528415,-52.21416587616459,86a82b597ffffff,88a82b595dfffff
1066,Isabela Nascimento,23487.4872@email.com,183937,Nao,Sim,Sim,null,null,144,Sim,30,M,Aposentado,22000,1066,20397250,20397-250,RJ,RIO DE JANEIRO,PAQUETA,PRAIA,DA MORENINHA,-21.145653555773443,-52.83934609931168,86a809077ffffff,88a8090725fffff
1067,Natalia Lima,24500.5008@email.com,195627,Nao,Nao,Nao,null,null,41,Nao,50,M,Prof Liberal,null,null,null,null,null,null,null,null,null,null,null,null,null
1068,Jorge Teixeira,24647.6472@email.com,100833,Sim,Sim,Sim,Mastercard,Infinite,83,Sim,87,M,Funcionario Publico,null,null,null,null,null,null,null,null,null,null,null,null,null
1069,Diego Santos,25915.9153@email.com,60535,Nao,Sim,Sim,null,null,73,Sim,33,M,Prof Liberal,null,null,null,null,null,null,null,null,null,null,null,null,null
1070,Patricia Almeida,25944.9440@email.com,18073.5,Sim,Sim,Sim,VISA,Infinite,11,Sim,25,M,Prof Liberal,null,null,null,null,null,null,null,null,null,null,null,null,null
1071,Claudia Teixeira,26848.8489@email.com,172934,Nao,Sim,Sim,null,null,90,Nao,83,F,Funcionario Publico,null,null,null,null,null,null,null,null,null,null,null,null,null
1072,Eduardo Lima,26881.8818@email.com,23597,Sim,Nao,Nao,VISA,Platinum,78,Sim,24,F,Prof Liberal,null,null,null,null,null,null,null,null,null,null,null,null,null
1073,Ana Rodrigues,ana.3206@email.com,190266.5,Sim,Nao,Sim,Mastercard,DUX,144,Nao,85,F,Prof Liberal,null,null,null,null,null,null,null,null,null,null,null,null,null
1074,Claudia Barbosa,27511.5118@email.com,190274,Sim,Sim,Sim,Mastercard,DUX,92,Sim,79,M,Prof Liberal,null,null,null,null,null,null,null,null,null,null,null,null,null
1075,Fernanda Costa,27699.6990@email.com,168972,Sim,Sim,Nao,Mastercard,Platinum,28,Nao,59,M,Prof Liberal,17000,1075,20510060,20510-060,RJ,RIO DE JANEIRO,ANDARAI,RUA,URUGUAI - DE 180/181 A 259/260,-24.599352226372414,-47.13407749794049,86a814acfffffff,88a814aca1fffff
1076,Eduardo Ribeiro,27844.8449@email.com,125096,Nao,Sim,Sim,null,null,140,Sim,80,M,Prof Liberal,7000,1076,20510070,20510-070,RJ,RIO DE JANEIRO,ANDARAI,RUA,LADISLAU NETO,-24.14553031694381,-50.518227831440186,86a8056a7ffffff,88a8056a6dfffff
1077,Beatriz Rodrigues,27970.9706@email.com,98674,Sim,Sim,Sim,VISA,Connect,84,Sim,58,M,Prof Liberal,null,null,null,null,null,null,null,null,null,null,null,null,null
1078,Larissa Silva,29497.4978@email.com,76540.5,Sim,Sim,Nao,Mastercard,Gold,89,Sim,67,F,Estudante,14000,1078,20510090,20510-090,RJ,RIO DE JANEIRO,ANDARAI,TRAVESSA,COMPORTA,-21.16201721299965,-48.55972339858325,86a818757ffffff,88a8187529fffff
1079,Fernanda Ribeiro,29861.8617@email.com,40063,Nao,Nao,Sim,null,null,75,Nao,83,M,Prof Liberal,null,null,null,null,null,null,null,null,null,null,null,null,null
1080,Larissa Nascimento,30319.3196@email.com,182826,Sim,Sim,Sim,Mastercard,Infinite,16,Sim,66,M,Prof Liberal,null,null,null,null,null,null,null,null,null,null,null,null,null
1081,Simone Santos,30380.3800@email.com,173353,Sim,Sim,Sim,VISA,Infinite,149,Sim,31,M,Autonomo,null,null,null,null,null,null,null,null,null,null,null,null,null
1082,Carolina Teixeira,30544.5449@email.com,157644,Sim,Sim,Nao,Mastercard,Infinite,16,Nao,57,M,Prof Liberal,null,null,null,null,null,null,null,null,null,null,null,null,null
1083,Ana Melo,ana.7774@email.com,206336.5,Nao,Sim,Sim,null,null,97,Sim,18,M,Prof Liberal,null,null,null,null,null,null,null,null,null,null,null,null,null
1084,Priscila Martins,30962.9621@email.com,31993,Sim,Sim,Sim,Mastercard,Platinum,13,Sim,66,F,Prof Liberal,null,null,null,null,null,null,null,null,null,null,null,null,null
1085,Marcos Gomes,31205.2057@email.com,191543.5,Sim,Sim,Sim,Mastercard,Connect,102,Sim,76,M,Prof Liberal,null,null,null,null,null,null,null,null,null,null,null,null,null
1086,Juliana Teixeira,32157.1571@email.com,42522,Sim,Sim,Sim,VISA,Gold,94,Sim,49,M,Funcionario Publico,null,null,null,null,null,null,null,null,null,null,null,null,null
1087,Natalia Santos,32419.4194@email.com,49519,Nao,Sim,Sim,null,null,144,Sim,87,M,Prof Liberal,null,null,null,null,null,null,null,null,null,null,null,null,null
1088,Patricia Silva,33063.0633@email.com,175948.5,Nao,Sim,Sim,null,null,70,Sim,30,F,Autonomo,null,null,null,null,null,null,null,null,null,null,null,null,null
1089,Patricia Ribeiro,33955.9556@email.com,155829.5,Sim,Sim,Sim,VISA,DUX,148,Nao,44,M,Prof Liberal,null,null,null,null,null,null,null,null,null,null,null,null,null
1090,Lucas Pereira,34488.4880@email.com,3364,Sim,Nao,Sim,Mastercard,DUX,36,Sim,77,F,Prof Liberal,10000,1090,20510210,20510-210,RJ,RIO DE JANEIRO,TIJUCA,RUA,OLEGARIO MARIANO,-20.75218547049554,-52.49538795565203,86a8096afffffff,88a8096aa7fffff
1091,Simone Araujo,34689.6890@email.com,195873,Nao,Sim,Nao,null,null,11,Sim,21,M,Funcionario Publico,null,null,null,null,null,null,null,null,null,null,null,null,null
1092,Ricardo Silva,34759.7593@email.com,69550,Nao,Sim,Sim,null,null,28,Sim,81,M,Aposentado,null,null,null,null,null,null,null,null,null,null,null,null,null
1093,Maria Nascimento,35353.3536@email.com,13194,Sim,Sim,Sim,VISA,Connect,13,Sim,46,M,Prof Liberal,null,null,null,null,null,null,null,null,null,null,null,null,null
1094,Renato Carvalho,35642.6424@email.com,47438.5,Sim,Sim,Sim,Mastercard,Infinite,29,Sim,83,M,Prof Liberal,null,null,null,null,null,null,null,null,null,null,null,null,null
1095,Tatiana Lima,35821.8218@email.com,46299.5,Sim,Sim,Sim,VISA,Gold,139,Nao,52,F,Prof Liberal,null,null,null,null,null,null,null,null,null,null,null,null,null
1096,Maria Nascimento,36167.1675@email.com,54083,Sim,Sim,Nao,VISA,DUX,63,Sim,75,M,Autonomo,null,null,null,null,null,null,null,null,null,null,null,null,null
1097,Fernanda Carvalho,36657.6579@email.com,123042,Nao,Nao,Sim,null,null,63,Nao,64,M,Funcionario Publico,null,null,null,null,null,null,null,null,null,null,null,null,null
1098,Renata Araujo,36709.7099@email.com,113862.5,Sim,Sim,Sim,Mastercard,DUX,143,Nao,67,M,Aposentado,null,null,null,null,null,null,null,null,null,null,null,null,null
1099,Carolina Rodrigues,37447.4478@email.com,47378,Sim,Sim,Sim,VISA,Infinite,11,Sim,39,M,Prof Liberal,8000,1099,20510300,20510-300,RJ,RIO DE JANEIRO,ANDARAI,RUA,PROFESSOR PIZARRO,-24.430448455443226,-48.59915643610053,86a806707ffffff,88a806700dfffff
1100,Matheus Melo,37519.5198@email.com,124338,Sim,Nao,Sim,VISA,Connect,125,Sim,20,F,Autonomo,18000,1100,20510310,20510-310,RJ,RIO DE JANEIRO,TIJUCA,RUA,FERNANDES VIEIRA,-21.179053107514406,-46.27960052400378,86a8ad6a7ffffff,88a8ad6a07fffff
1101,Bruno Martins,37937.9370@email.com,182880,Sim,Sim,Sim,VISA,Connect,101,Sim,43,M,Prof Liberal,17000,1101,20510320,20510-320,RJ,RIO DE JANEIRO,TIJUCA,RUA,ITOROROS,-22.37331884732593,-49.11979435052955,86a81cadfffffff,88a81cad95fffff
1102,Ana Santos,ana.2840@email.com,158320,Sim,Sim,Sim,Mastercard,Gold,99,Sim,56,M,Prof Liberal,null,null,null,null,null,null,null,null,null,null,null,null,null
1103,Bruno Souza,38929.9299@email.com,148325,Sim,Nao,Sim,VISA,Infinite,62,Sim,85,M,Prof Liberal,null,null,null,null,null,null,null,null,null,null,null,null,null
1104,Priscila Ferreira,39777.7778@email.com,87876,Nao,Sim,Sim,null,null,4,Nao,80,M,Autonomo,null,null,null,null,null,null,null,null,null,null,null,null,null
1105,Leonardo Costa,40242.2429@email.com,38429,Sim,Sim,Sim,Mastercard,Infinite,126,Sim,28,M,Aposentado,null,null,null,null,null,null,null,null,null,null,null,null,null
1106,Beatriz Teixeira,40286.2865@email.com,132766.5,Nao,Nao,Sim,null,null,135,Nao,79,M,Funcionario Publico,null,null,null,null,null,null,null,null,null,null,null,null,null
1107,Vitor Barbosa,40352.3528@email.com,194094,Nao,Nao,Sim,null,null,47,Sim,27,M,Prof Liberal,null,null,null,null,null,null,null,null,null,null,null,null,null
1108,Ana Teixeira,ana.3933@email.com,87000,Sim,Nao,Sim,VISA,Infinite,50,Nao,24,M,Funcionario Publico,null,null,null,null,null,null,null,null,null,null,null,null,null
1109,Camila Costa,40537.5370@email.com,60725,Sim,Sim,Sim,Mastercard,Platinum,26,Sim,29,M,Prof Liberal,null,null,null,null,null,null,null,null,null,null,null,null,null
1110,Ana Rodrigues,ana.5526@email.com,96200,Sim,Sim,Sim,VISA,Infinite,72,Sim,31,M,Prof Liberal,null,null,null,null,null,null,null,null,null,null,null,null,null
1111,Gustavo Almeida,40833.8332@email.com,51029,Nao,Nao,Nao,null,null,83,Sim,51,F,Prof Liberal,null,null,null,null,null,null,null,null,null,null,null,null,null
1112,Isabela Teixeira,41152.1527@email.com,110897,Sim,Nao,Sim,VISA,Connect,43,Sim,64,M,Prof Liberal,null,null,null,null,null,null,null,null,null,null,null,null,null
1113,Gabriela Pereira,41544.5447@email.com,98308,Sim,Nao,Nao,VISA,Infinite,16,Sim,64,F,Prof Liberal,null,null,null,null,null,null,null,null,null,null,null,null,null
1114,Vanessa Barbosa,43359.3599@email.com,12431.5,Nao,Nao,Nao,null,null,104,Sim,30,M,Funcionario Publico,null,null,null,null,null,null,null,null,null,null,null,null,null
1115,Vanessa Souza,43518.5184@email.com,65929,Sim,Sim,Sim,Mastercard,Platinum,16,Sim,78,F,Prof Liberal,null,null,null,null,null,null,null,null,null,null,null,null,null
1116,Tatiana Ribeiro,43650.6506@email.com,102924,Sim,Sim,Sim,VISA,Platinum,124,Sim,20,M,Autonomo,null,null,null,null,null,null,null,null,null,null,null,null,null
1117,Isabela Almeida,43776.7769@email.com,99757,Sim,Sim,Sim,VISA,DUX,138,Sim,62,M,Aposentado,null,null,null,null,null,null,null,null,null,null,null,null,null
1118,Thiago Gomes,44041.0413@email.com,170448,Nao,Nao,Sim,null,null,130,Sim,87,M,Autonomo,null,null,null,null,null,null,null,null,null,null,null,null,null
1119,Leonardo Martins,44307.3070@email.com,90259,Sim,Sim,Sim,Mastercard,Gold,110,Sim,69,M,Prof Liberal,null,null,null,null,null,null,null,null,null,null,null,null,null
1120,Maria Teixeira,44930.9304@email.com,18921,Nao,Sim,Sim,null,null,77,Sim,64,M,Prof Liberal,null,null,null,null,null,null,null,null,null,null,null,null,null
1121,Claudia Moreira,45230.2301@email.com,118835,Nao,Sim,Sim,null,null,37,Sim,71,M,Autonomo,null,null,null,null,null,null,null,null,null,null,null,null,null
1122,Natalia Gomes,45325.3259@email.com,38579,Sim,Sim,Sim,VISA,Gold,130,Sim,18,M,Aposentado,null,null,null,null,null,null,null,null,null,null,null,null,null
1123,Fabio Ribeiro,47090.0908@email.com,183899.5,Nao,Sim,Sim,null,null,23,Sim,87,M,Autonomo,null,null,null,null,null,null,null,null,null,null,null,null,null
1124,Natalia Santos,47184.1844@email.com,23419,Nao,Sim,Nao,null,null,38,Sim,45,F,Funcionario Publico,null,null,null,null,null,null,null,null,null,null,null,null,null
1125,Marcos Gomes,47325.3258@email.com,137084,Sim,Sim,Nao,Mastercard,Infinite,149,Nao,21,M,Funcionario Publico,null,null,null,null,null,null,null,null,null,null,null,null,null
1126,Gustavo Nascimento,47620.6206@email.com,2029,Nao,Sim,Sim,null,null,56,Sim,57,M,Prof Liberal,null,null,null,null,null,null,null,null,null,null,null,null,null
1127,Gabriela Costa,47835.8358@email.com,134008,Sim,Sim,Sim,Mastercard,Platinum,143,Sim,55,M,Estudante,null,null,null,null,null,null,null,null,null,null,null,null,null
1128,Camila Costa,48250.2504@email.com,135925,Sim,Sim,Sim,Mastercard,Connect,42,Sim,20,F,Prof Liberal,null,null,null,null,null,null,null,null,null,null,null,null,null
1129,Carolina Martins,48252.2528@email.com,170138,Sim,Sim,Sim,VISA,Gold,96,Sim,43,F,Prof Liberal,null,null,null,null,null,null,null,null,null,null,null,null,null
1130,Carolina Martins,49769.7694@email.com,161079,Sim,Sim,Sim,Mastercard,Platinum,72,Sim,82,M,Autonomo,null,null,null,null,null,null,null,null,null,null,null,null,null
1131,Carlos Lima,carlos.9286@email.com,98120,Sim,Sim,Sim,VISA,Connect,38,Sim,28,M,Autonomo,null,null,null,null,null,null,null,null,null,null,null,null,null
1132,Vanessa Silva,50219.2197@email.com,28729,Nao,Sim,Sim,null,null,68,Sim,47,M,Funcionario Publico,null,null,null,null,null,null,null,null,null,null,null,null,null
1133,Vanessa Souza,50622.6222@email.com,90549,Nao,Nao,Sim,null,null,55,Sim,45,M,Autonomo,null,null,null,null,null,null,null,null,null,null,null,null,null
1134,Larissa Martins,51125.1259@email.com,157546,Sim,Sim,Sim,VISA,Connect,94,Nao,60,F,Prof Liberal,null,null,null,null,null,null,null,null,null,null,null,null,null
1135,Leonardo Carvalho,51454.4545@email.com,118959,Sim,Sim,Nao,VISA,Infinite,141,Sim,32,F,Autonomo,null,null,null,null,null,null,null,null,null,null,null,null,null
1136,Rafael Santos,51495.4953@email.com,25511.5,Nao,Sim,Sim,null,null,79,Sim,84,F,Funcionario Publico,7000,1136,20511210,20511-210,RJ,RIO DE JANEIRO,TIJUCA,RUA,CARLOS DE LAET,-24.14338732694334,-47.17473198886525,86a815417ffffff,88a8154145fffff
1137,Camila Oliveira,51926.9260@email.com,163690,Sim,Sim,Sim,Mastercard,Platinum,109,Sim,43,M,Funcionario Publico,null,null,null,null,null,null,null,null,null,null,null,null,null
1138,Gustavo Araujo,53234.2343@email.com,7009,Nao,Sim,Sim,null,null,60,Sim,68,M,Funcionario Publico,null,null,null,null,null,null,null,null,null,null,null,null,null
1139,Priscila Teixeira,54331.3316@email.com,6976,Nao,Sim,Sim,null,null,120,Nao,69,F,Prof Liberal,7000,1139,20511240,20511-240,RJ,RIO DE JANEIRO,TIJUCA,RUA,PINTO DE FIGUEIREDO,-20.08379408356831,-51.69668645116447,86a8e599fffffff,88a8e599ddfffff
1140,Jorge Souza,54353.3535@email.com,51573,Sim,Sim,Sim,VISA,DUX,72,Sim,18,M,Autonomo,null,null,null,null,null,null,null,null,null,null,null,null,null
1141,Renata Nascimento,54828.8288@email.com,53532,Sim,Nao,Nao,VISA,Platinum,11,Sim,68,F,Aposentado,11000,1141,20511260,20511-260,RJ,RIO DE JANEIRO,TIJUCA,RUA,JOAO DA MATA,-24.485747315176503,-53.01490840723701,86a8288dfffffff,88a8288d81fffff
1142,Beatriz Costa,55808.8087@email.com,128727,Sim,Sim,Sim,VISA,Connect,44,Sim,67,F,Prof Liberal,14000,1142,20511270,20511-270,RJ,RIO DE JANEIRO,TIJUCA,RUA,DONA DELFINA,-24.867749745249405,-48.39042745613014,86a806cafffffff,88a806cab3fffff
1143,Eduardo Ferreira,55926.9268@email.com,119782,Sim,Sim,Sim,VISA,Platinum,148,Sim,80,M,Aposentado,null,null,null,null,null,null,null,null,null,null,null,null,null
1144,Ana Oliveira,ana.9584@email.com,193780,Sim,Sim,Sim,VISA,Gold,77,Nao,69,F,Prof Liberal,null,null,null,null,null,null,null,null,null,null,null,null,null
1145,Jorge Pereira,56771.7719@email.com,78905,Nao,Sim,Sim,null,null,47,Sim,33,F,Autonomo,null,null,null,null,null,null,null,null,null,null,null,null,null
1146,Helena Santos,57480.4803@email.com,13031,Nao,Sim,Sim,null,null,24,Sim,39,M,Prof Liberal,null,null,null,null,null,null,null,null,null,null,null,null,null
1147,Gabriela Gomes,58177.1772@email.com,46608,Sim,Sim,Sim,VISA,Gold,85,Sim,35,M,Prof Liberal,null,null,null,null,null,null,null,null,null,null,null,null,null
1148,Beatriz Santos,58589.5893@email.com,5147,Sim,Sim,Nao,VISA,Gold,9,Sim,83,M,Prof Liberal,1000,1148,20511330,20511-330,RJ,RIO DE JANEIRO,TIJUCA,RUA,GARIBALDI,-21.591209704486122,-44.44258373350648,86a8ae01fffffff,88a8ae01bdfffff
1149,Simone Souza,59524.5245@email.com,197033,Sim,Nao,Nao,VISA,Infinite,83,Sim,71,M,Estudante,null,null,null,null,null,null,null,null,null,null,null,null,null
1150,Ricardo Almeida,60099.0998@email.com,70650,Nao,Nao,Sim,null,null,32,Nao,38,F,Aposentado,null,null,null,null,null,null,null,null,null,null,null,null,null
1151,Beatriz Lima,60268.2681@email.com,186587,Sim,Nao,Sim,Mastercard,Connect,62,Sim,74,M,Prof Liberal,null,null,null,null,null,null,null,null,null,null,null,null,null
1152,Claudia Ferreira,60572.5726@email.com,89634,Nao,Nao,Sim,null,null,141,Sim,71,M,Aposentado,21000,1152,20511380,20511-380,RJ,RIO DE JANEIRO,TIJUCA,RUA,OLIVEIRA DA SILVA,-21.65738195128476,-52.45244759362385,86a809d17ffffff,88a809d119fffff
1153,Rafael Pereira,60895.8958@email.com,34266,Nao,Sim,Sim,null,null,27,Sim,74,M,Prof Liberal,null,null,null,null,null,null,null,null,null,null,null,null,null
1154,Renata Ferreira,61131.1315@email.com,30492,Nao,Sim,Sim,null,null,35,Sim,29,F,Funcionario Publico,null,null,null,null,null,null,null,null,null,null,null,null,null
1155,Isabela Carvalho,61518.5187@email.com,131108.5,Nao,Nao,Sim,null,null,138,Sim,19,F,Funcionario Publico,null,null,null,null,null,null,null,null,null,null,null,null,null
1156,Natalia Costa,63250.2501@email.com,140059,Sim,Sim,Sim,VISA,Gold,135,Sim,30,F,Prof Liberal,14000,1156,20520010,20520-010,RJ,RIO DE JANEIRO,TIJUCA,RUA,PEREIRA BARRETO,-24.03467376762625,-50.081926959734865,86a800a87ffffff,88a800a80bfffff
1157,Simone Melo,63393.3932@email.com,22562.5,Sim,Nao,Nao,Mastercard,DUX,18,Sim,75,M,Prof Liberal,null,null,null,null,null,null,null,null,null,null,null,null,null
1158,Natalia Oliveira,63906.9061@email.com,197419,Sim,Nao,Nao,Mastercard,Infinite,49,Sim,30,F,Aposentado,null,null,null,null,null,null,null,null,null,null,null,null,null
1159,Jorge Oliveira,64194.1940@email.com,107553,Sim,Sim,Sim,Mastercard,DUX,37,Sim,50,M,Prof Liberal,12000,1159,20520030,20520-030,RJ,RIO DE JANEIRO,TIJUCA,RUA,EDUARDO RAMOS,-19.89915574987247,-45.85088406096107,86a8abad7ffffff,88a8abad63fffff
1160,Beatriz Moreira,64964.9641@email.com,18120.5,Nao,Nao,Sim,null,null,139,Sim,37,M,Estudante,null,null,null,null,null,null,null,null,null,null,null,null,null
1161,Tatiana Barbosa,65181.1819@email.com,4970,Nao,Sim,Sim,null,null,134,Sim,64,M,Funcionario Publico,null,null,null,null,null,null,null,null,null,null,null,null,null
1162,Helena Santos,65796.7968@email.com,43911,Nao,Nao,Sim,null,null,12,Sim,47,M,Funcionario Publico,null,null,null,null,null,null,null,null,null,null,null,null,null
1163,Vanessa Carvalho,65936.9360@email.com,74949,Nao,Sim,Sim,null,null,57,Nao,44,M,Prof Liberal,null,null,null,null,null,null,null,null,null,null,null,null,null
1164,Patricia Santos,67956.9566@email.com,193724,Nao,Sim,Sim,null,null,104,Sim,42,M,Autonomo,null,null,null,null,null,null,null,null,null,null,null,null,null
1165,Ana Barbosa,ana.4349@email.com,47320,Sim,Sim,Nao,Mastercard,Connect,16,Sim,42,M,Prof Liberal,7000,1165,20520054,20520-054,RJ,RIO DE JANEIRO,TIJUCA,RUA,CONDE DE BONFIM - DE 0188 A 0528 - LADO PAR,-21.281621316580168,-50.74451021705301,86a80a00fffffff,88a80a00a3fffff
1166,Patricia Ribeiro,70323.3238@email.com,154164,Sim,Nao,Sim,Mastercard,Gold,107,Sim,29,M,Estudante,null,null,null,null,null,null,null,null,null,null,null,null,null
1167,Patricia Araujo,70768.7684@email.com,198184,Nao,Sim,Nao,null,null,28,Sim,65,M,Prof Liberal,null,null,null,null,null,null,null,null,null,null,null,null,null
1168,Larissa Araujo,71047.0471@email.com,59246,Nao,Nao,Sim,null,null,149,Nao,66,F,Autonomo,null,null,null,null,null,null,null,null,null,null,null,null,null
1169,Rafael Almeida,71137.1370@email.com,174946,Sim,Nao,Sim,Mastercard,Gold,121,Sim,23,F,Estudante,null,null,null,null,null,null,null,null,null,null,null,null,null
1170,Denise Costa,71284.2841@email.com,43095,Sim,Sim,Nao,VISA,Platinum,58,Sim,84,M,Prof Liberal,null,null,null,null,null,null,null,null,null,null,null,null,null
1171,Patricia Ribeiro,71516.5163@email.com,121823.5,Sim,Sim,Sim,VISA,Platinum,127,Nao,18,M,Prof Liberal,null,null,null,null,null,null,null,null,null,null,null,null,null
1172,Leonardo Souza,71526.5264@email.com,62979,Nao,Sim,Nao,null,null,144,Sim,38,F,Autonomo,null,null,null,null,null,null,null,null,null,null,null,null,null
1173,Helena Martins,71564.5648@email.com,158373.5,Sim,Nao,Sim,VISA,Platinum,4,Sim,61,F,Prof Liberal,null,null,null,null,null,null,null,null,null,null,null,null,null
1174,Jorge Ferreira,71684.6849@email.com,151308,Sim,Sim,Sim,VISA,Platinum,77,Sim,36,M,Estudante,14000,1174,20520130,20520-130,RJ,RIO DE JANEIRO,TIJUCA,RUA,CAMARAGIBE,-23.418328877624543,-46.15533383873622,86a812b77ffffff,88a812b759fffff
1175,Rafael Oliveira,72074.0745@email.com,91346,Nao,Sim,Sim,null,null,50,Sim,57,M,Prof Liberal,null,null,null,null,null,null,null,null,null,null,null,null,null
1176,Isabela Lima,72081.0818@email.com,181876.5,Nao,Sim,Sim,null,null,69,Sim,21,M,Prof Liberal,null,null,null,null,null,null,null,null,null,null,null,null,null
1177,Vitor Santos,72132.1324@email.com,38681.5,Nao,Sim,Sim,null,null,65,Sim,19,M,Autonomo,null,null,null,null,null,null,null,null,null,null,null,null,null
1178,Larissa Nascimento,72419.4193@email.com,143246,Sim,Sim,Sim,VISA,Platinum,63,Sim,39,M,Aposentado,null,null,null,null,null,null,null,null,null,null,null,null,null
1179,Camila Ferreira,72467.4673@email.com,52266.5,Nao,Sim,Sim,null,null,64,Sim,18,M,Aposentado,null,null,null,null,null,null,null,null,null,null,null,null,null
1180,Denise Carvalho,72568.5681@email.com,195715,Nao,Sim,Sim,null,null,79,Sim,56,M,Estudante,null,null,null,null,null,null,null,null,null,null,null,null,null
1181,Lucas Martins,72714.7145@email.com,117884,Nao,Sim,Nao,null,null,113,Sim,24,M,Prof Liberal,null,null,null,null,null,null,null,null,null,null,null,null,null
1182,Patricia Silva,73213.2137@email.com,1124,Nao,Sim,Sim,null,null,149,Sim,86,M,Funcionario Publico,null,null,null,null,null,null,null,null,null,null,null,null,null
1183,Natalia Teixeira,73494.4941@email.com,27142,Sim,Nao,Sim,Mastercard,DUX,82,Sim,56,M,Funcionario Publico,null,null,null,null,null,null,null,null,null,null,null,null,null
1184,Denise Carvalho,73555.5551@email.com,35760.5,Nao,Nao,Nao,null,null,130,Sim,85,M,Estudante,null,null,null,null,null,null,null,null,null,null,null,null,null
1185,Fernanda Pereira,73618.6189@email.com,159423,Sim,Sim,Sim,Mastercard,Platinum,35,Sim,21,F,Prof Liberal,null,null,null,null,null,null,null,null,null,null,null,null,null
1186,Vanessa Ferreira,73900.9009@email.com,10899,Nao,Sim,Sim,null,null,132,Sim,72,M,Autonomo,null,null,null,null,null,null,null,null,null,null,null,null,null
1187,Vanessa Santos,74408.4082@email.com,49809,Sim,Nao,Sim,Mastercard,Platinum,135,Nao,59,M,Autonomo,null,null,null,null,null,null,null,null,null,null,null,null,null
1188,Ana Almeida,ana.8826@email.com,26280,Nao,Sim,Sim,null,null,17,Sim,39,F,Prof Liberal,null,null,null,null,null,null,null,null,null,null,null,null,null
1189,Denise Gomes,74922.9222@email.com,166255,Nao,Sim,Nao,null,null,22,Sim,63,M,Funcionario Publico,null,null,null,null,null,null,null,null,null,null,null,null,null
1190,Beatriz Lima,75051.0517@email.com,181371,Sim,Nao,Sim,VISA,Infinite,45,Sim,64,F,Estudante,null,null,null,null,null,null,null,null,null,null,null,null,null
1191,Samuel Moreira,75100.1001@email.com,108374,Sim,Sim,Sim,VISA,Platinum,68,Sim,54,M,Funcionario Publico,null,null,null,null,null,null,null,null,null,null,null,null,null
1192,Priscila Nascimento,75385.3856@email.com,24296,Sim,Sim,Sim,VISA,Gold,105,Sim,71,M,Prof Liberal,null,null,null,null,null,null,null,null,null,null,null,null,null
1193,Carolina Rodrigues,75820.8204@email.com,105018,Sim,Sim,Sim,Mastercard,DUX,119,Sim,84,F,Estudante,null,null,null,null,null,null,null,null,null,null,null,null,null
1194,Helena Martins,75952.9529@email.com,192411,Sim,Nao,Nao,VISA,Infinite,50,Sim,64,M,Funcionario Publico,null,null,null,null,null,null,null,null,null,null,null,null,null
1195,Isabela Nascimento,75954.9549@email.com,18277,Sim,Nao,Sim,Mastercard,Infinite,145,Sim,34,M,Autonomo,16000,1195,20521100,20521-100,RJ,RIO DE JANEIRO,TIJUCA,RUA,POTENGI,-22.091034509574442,-48.88901904412653,86a81c28fffffff,88a81c2893fffff
1196,Juliana Silva,76032.0324@email.com,34942,Nao,Sim,Sim,null,null,61,Sim,73,F,Prof Liberal,null,null,null,null,null,null,null,null,null,null,null,null,null
1197,Maria Barbosa,76160.1603@email.com,87281,Nao,Sim,Sim,null,null,21,Sim,70,M,Funcionario Publico,null,null,null,null,null,null,null,null,null,null,null,null,null
1198,Renata Carvalho,77131.1311@email.com,80828,Sim,Sim,Sim,Mastercard,Gold,106,Sim,19,M,Prof Liberal,1000,1198,20521130,20521-130,RJ,RIO DE JANEIRO,TIJUCA,TRAVESSA,OLIMPIA,-20.178237063625822,-49.30334701129895,86a8e6c37ffffff,88a8e6c30dfffff
1199,Diego Moreira,77552.5520@email.com,122795,Sim,Sim,Nao,VISA,Connect,39,Sim,49,M,Prof Liberal,null,null,null,null,null,null,null,null,null,null,null,null,null
1200,Carolina Almeida,78321.3218@email.com,72718,Sim,Sim,Sim,VISA,Infinite,100,Nao,40,M,Prof Liberal,null,null,null,null,null,null,null,null,null,null,null,null,null
1201,Juliana Carvalho,79032.0326@email.com,87929.5,Sim,Sim,Sim,Mastercard,Platinum,4,Sim,46,F,Funcionario Publico,null,null,null,null,null,null,null,null,null,null,null,null,null
1202,Isabela Oliveira,79543.5433@email.com,114757,Sim,Sim,Sim,VISA,Connect,122,Nao,58,M,Autonomo,null,null,null,null,null,null,null,null,null,null,null,null,null
1203,Denise Ribeiro,79835.8350@email.com,131275,Nao,Sim,Nao,null,null,25,Sim,55,M,Aposentado,null,null,null,null,null,null,null,null,null,null,null,null,null
1204,Diego Oliveira,80296.2960@email.com,6255,Nao,Sim,Sim,null,null,65,Sim,77,M,Prof Liberal,null,null,null,null,null,null,null,null,null,null,null,null,null
1205,Larissa Ferreira,80384.3846@email.com,143840,Sim,Nao,Nao,VISA,Infinite,37,Sim,59,M,Estudante,null,null,null,null,null,null,null,null,null,null,null,null,null
1206,Natalia Nascimento,80790.7901@email.com,143759,Sim,Nao,Nao,VISA,DUX,11,Sim,53,M,Aposentado,null,null,null,null,null,null,null,null,null,null,null,null,null
1207,Camila Costa,81168.1689@email.com,173413.5,Sim,Sim,Sim,Mastercard,Platinum,89,Sim,50,M,Prof Liberal,null,null,null,null,null,null,null,null,null,null,null,null,null
1208,Marcos Almeida,81793.7937@email.com,43400,Sim,Sim,Sim,VISA,Infinite,91,Sim,48,M,Prof Liberal,null,null,null,null,null,null,null,null,null,null,null,null,null
1209,Vitor Martins,81871.8719@email.com,59584,Nao,Sim,Sim,null,null,39,Nao,21,M,Funcionario Publico,null,null,null,null,null,null,null,null,null,null,null,null,null
1210,Gabriela Costa,83309.3097@email.com,78017,Sim,Nao,Nao,VISA,DUX,11,Sim,44,F,Prof Liberal,null,null,null,null,null,null,null,null,null,null,null,null,null
1211,Claudia Almeida,84591.5911@email.com,179434,Sim,Nao,Nao,Mastercard,Platinum,140,Sim,39,M,Funcionario Publico,null,null,null,null,null,null,null,null,null,null,null,null,null
1212,Denise Moreira,85095.0951@email.com,194735,Sim,Sim,Sim,Mastercard,Infinite,68,Sim,49,M,Prof Liberal,null,null,null,null,null,null,null,null,null,null,null,null,null
1213,Jorge Carvalho,85503.5037@email.com,131433,Sim,Sim,Sim,VISA,Connect,98,Sim,71,M,Estudante,null,null,null,null,null,null,null,null,null,null,null,null,null
1214,Isabela Almeida,87182.1823@email.com,139358.5,Sim,Nao,Sim,VISA,Connect,62,Sim,87,M,Funcionario Publico,null,null,null,null,null,null,null,null,null,null,null,null,null
1215,Rafael Moreira,87642.6429@email.com,189506,Nao,Sim,Sim,null,null,143,Nao,50,M,Estudante,null,null,null,null,null,null,null,null,null,null,null,null,null
1216,Carolina Rodrigues,88218.2187@email.com,11678,Sim,Nao,Sim,Mastercard,Infinite,6,Sim,71,M,Prof Liberal,null,null,null,null,null,null,null,null,null,null,null,null,null
1217,Matheus Ferreira,88883.8830@email.com,61978,Sim,Sim,Sim,VISA,Platinum,123,Sim,50,M,Funcionario Publico,null,null,null,null,null,null,null,null,null,null,null,null,null
1218,Claudia Martins,88971.9719@email.com,46474,Sim,Sim,Sim,VISA,Connect,93,Sim,31,M,Prof Liberal,null,null,null,null,null,null,null,null,null,null,null,null,null
1219,Natalia Gomes,89137.1371@email.com,191519,Sim,Sim,Sim,Mastercard,Gold,68,Sim,26,M,Prof Liberal,null,null,null,null,null,null,null,null,null,null,null,null,null
1220,Diego Oliveira,89139.1393@email.com,37319,Sim,Sim,Sim,VISA,Gold,71,Nao,52,F,Aposentado,null,null,null,null,null,null,null,null,null,null,null,null,null
1221,Jorge Nascimento,89659.6599@email.com,185533,Sim,Sim,Sim,Mastercard,Gold,142,Sim,21,M,Prof Liberal,null,null,null,null,null,null,null,null,null,null,null,null,null
1222,Carolina Martins,89935.9351@email.com,21098,Sim,Nao,Sim,Mastercard,Platinum,134,Sim,56,M,Autonomo,null,null,null,null,null,null,null,null,null,null,null,null,null
1223,Bruno Gomes,89989.9899@email.com,22985,Nao,Sim,Sim,null,null,86,Sim,65,M,Autonomo,1000,1223,20521380,20521-380,RJ,RIO DE JANEIRO,TIJUCA,RUA,DONA SINHA,-22.542897933574423,-51.13656573194442,86a80ebafffffff,88a80eba9dfffff
1224,Ricardo Araujo,90049.0494@email.com,65910,Sim,Sim,Nao,Mastercard,DUX,2,Nao,66,M,Prof Liberal,null,null,null,null,null,null,null,null,null,null,null,null,null
1225,Denise Rodrigues,90756.7567@email.com,165330,Sim,Sim,Sim,Mastercard,DUX,62,Sim,18,M,Funcionario Publico,null,null,null,null,null,null,null,null,null,null,null,null,null
1226,Natalia Silva,90944.9443@email.com,45669,Nao,Sim,Sim,null,null,31,Sim,18,F,Prof Liberal,null,null,null,null,null,null,null,null,null,null,null,null,null
1227,Larissa Martins,91931.9317@email.com,122180.5,Sim,Sim,Sim,VISA,Gold,133,Sim,44,M,Funcionario Publico,null,null,null,null,null,null,null,null,null,null,null,null,null
1228,Beatriz Costa,92079.0795@email.com,64687,Sim,Nao,Sim,VISA,Infinite,2,Sim,48,M,Funcionario Publico,14000,1228,20521440,20521-440,RJ,RIO DE JANEIRO,TIJUCA,RUA,HILARIO GONCALVES,-23.882648237122215,-49.32075940257799,86a8004c7ffffff,88a8004c45fffff
1229,Gustavo Pereira,92736.7360@email.com,185109,Nao,Sim,Sim,null,null,66,Nao,20,F,Prof Liberal,null,null,null,null,null,null,null,null,null,null,null,null,null
1230,Natalia Oliveira,93013.0130@email.com,21501,Sim,Sim,Sim,Mastercard,Connect,59,Sim,31,M,Aposentado,null,null,null,null,null,null,null,null,null,null,null,null,null
1231,Carolina Pereira,93524.5244@email.com,140638,Nao,Sim,Sim,null,null,80,Sim,72,M,Funcionario Publico,null,null,null,null,null,null,null,null,null,null,null,null,null
1232,Ana Melo,ana.8735@email.com,130760,Sim,Nao,Sim,Mastercard,Gold,94,Sim,50,M,Funcionario Publico,null,null,null,null,null,null,null,null,null,null,null,null,null
1233,Simone Gomes,93878.8786@email.com,169281,Nao,Sim,Sim,null,null,26,Sim,58,F,Prof Liberal,null,null,null,null,null,null,null,null,null,null,null,null,null
1234,Priscila Ribeiro,94433.4332@email.com,38531,Nao,Sim,Sim,null,null,46,Sim,56,M,Prof Liberal,null,null,null,null,null,null,null,null,null,null,null,null,null
1235,Helena Ferreira,94463.4636@email.com,138914.5,Sim,Sim,Sim,VISA,Connect,52,Sim,56,M,Prof Liberal,null,null,null,null,null,null,null,null,null,null,null,null,null
1236,Priscila Araujo,95108.1089@email.com,176656,Sim,Sim,Sim,VISA,Gold,129,Sim,74,M,Prof Liberal,null,null,null,null,null,null,null,null,null,null,null,null,null
1237,Carlos Teixeira,carlos.3233@email.com,60540,Sim,Nao,Sim,VISA,Platinum,106,Sim,36,M,Funcionario Publico,15000,1237,20530000,20530-000,RJ,RIO DE JANEIRO,TIJUCA,RUA,CONDE DE BONFIM - DE 0715 A 0999 - LADO IMPAR,-19.952331989225442,-46.098094375066694,86a8aba47ffffff,88a8aba417fffff
1238,Carlos Santos,carlos.6113@email.com,113140,Sim,Sim,Sim,Mastercard,Gold,24,Sim,47,M,Aposentado,6000,1238,20530001,20530-001,RJ,RIO DE JANEIRO,TIJUCA,RUA,CONDE DE BONFIM - DE 1001 AO FIM - LADO IMPAR,-21.273674183482818,-47.123540538930264,86a81acb7ffffff,88a81acb3bfffff
1239,Leonardo Carvalho,95844.8440@email.com,48039,Sim,Sim,Sim,VISA,Infinite,26,Sim,28,M,Prof Liberal,null,null,null,null,null,null,null,null,null,null,null,null,null
1240,Carolina Carvalho,95845.8459@email.com,115458,Sim,Sim,Nao,Mastercard,Platinum,33,Sim,29,M,Estudante,null,null,null,null,null,null,null,null,null,null,null,null,null
1241,Helena Souza,96169.1690@email.com,97391,Sim,Sim,Nao,Mastercard,DUX,44,Sim,79,M,Autonomo,9000,1241,20530005,20530-005,RJ,RIO DE JANEIRO,TIJUCA,RUA,JOAO AFONSO,-20.004202668073688,-52.21800514784742,86a8564afffffff,88a8564a97fffff
1242,Gabriela Ferreira,96934.9343@email.com,42088,Sim,Nao,Sim,Mastercard,Infinite,114,Sim,50,M,Estudante,8000,1242,20530006,20530-006,RJ,RIO DE JANEIRO,TIJUCA,RUA,TENENTE MARQUES DE SOUSA,-21.9936009115513,-48.431312214643846,86a818d2fffffff,88a818d2cdfffff
1243,Simone Santos,97121.1213@email.com,90398,Sim,Sim,Nao,VISA,Platinum,1,Sim,40,M,Prof Liberal,null,null,null,null,null,null,null,null,null,null,null,null,null
1244,Fabio Teixeira,97290.2900@email.com,116360,Sim,Nao,Sim,VISA,Gold,35,Sim,19,M,Prof Liberal,null,null,null,null,null,null,null,null,null,null,null,null,null
1245,Larissa Souza,97460.4609@email.com,107056,Sim,Sim,Sim,VISA,DUX,110,Sim,42,M,Prof Liberal,null,null,null,null,null,null,null,null,null,null,null,null,null
1246,Thiago Ferreira,98049.0493@email.com,17468,Sim,Nao,Sim,Mastercard,Connect,70,Sim,77,M,Prof Liberal,null,null,null,null,null,null,null,null,null,null,null,null,null
1247,Ana Martins,ana.1781@email.com,197500,Sim,Sim,Sim,VISA,Infinite,5,Sim,23,F,Prof Liberal,null,null,null,null,null,null,null,null,null,null,null,null,null
1248,Simone Moreira,99944.9448@email.com,196693,Nao,Sim,Sim,null,null,133,Nao,18,M,Prof Liberal,null,null,null,null,null,null,null,null,null,null,null,null,null
1249,Maria Araujo,10449.4493@email.com,1701,Sim,Nao,Sim,VISA,Gold,136,Nao,81,M,Prof Liberal,null,null,null,null,null,null,null,null,null,null,null,null,null
1250,Fernando Lima,10698.6981@email.com,94547.5,Sim,Sim,Sim,Mastercard,Infinite,67,Sim,83,M,Prof Liberal,null,null,null,null,null,null,null,null,null,null,null,null,null
1251,Fabio Araujo,11091.0911@email.com,179551.5,Nao,Nao,Sim,null,null,36,Nao,24,M,Aposentado,null,null,null,null,null,null,null,null,null,null,null,null,null
1252,Beatriz Oliveira,11402.4022@email.com,16267,Nao,Sim,Sim,null,null,102,Sim,61,M,Aposentado,null,null,null,null,null,null,null,null,null,null,null,null,null
1253,Camila Gomes,13012.0125@email.com,31845,Sim,Sim,Sim,VISA,Infinite,55,Sim,66,F,Funcionario Publico,null,null,null,null,null,null,null,null,null,null,null,null,null
1254,Marcos Ribeiro,13814.8141@email.com,135247,Sim,Sim,Sim,VISA,DUX,62,Nao,63,M,Aposentado,null,null,null,null,null,null,null,null,null,null,null,null,null
1255,Vanessa Moreira,14206.2066@email.com,174757.5,Sim,Sim,Sim,Mastercard,Connect,129,Nao,78,M,Prof Liberal,null,null,null,null,null,null,null,null,null,null,null,null,null
1256,Fernando Teixeira,14346.3463@email.com,197503,Sim,Sim,Sim,Mastercard,Platinum,143,Sim,23,M,Autonomo,null,null,null,null,null,null,null,null,null,null,null,null,null
1257,Vanessa Teixeira,14373.3735@email.com,49557,Sim,Nao,Sim,Mastercard,DUX,80,Sim,72,M,Estudante,17000,1257,20530150,20530-150,RJ,RIO DE JANEIRO,TIJUCA,RUA,GUAIMU,-24.901248390874848,-52.754935033814874,86a82c6e7ffffff,88a82c6e2dfffff
1258,Isabela Barbosa,14676.6767@email.com,85537,Nao,Sim,Nao,null,null,12,Sim,32,M,Aposentado,null,null,null,null,null,null,null,null,null,null,null,null,null
1259,Rafael Moreira,15490.4902@email.com,22478.5,Sim,Sim,Sim,VISA,DUX,56,Sim,33,M,Autonomo,4000,1259,20530170,20530-170,RJ,RIO DE JANEIRO,TIJUCA,RUA,CAMAIORE,-22.95713359802967,-44.16758696840327,86a8a1cf7ffffff,88a8a1cf43fffff
1260,Thiago Almeida,15863.8632@email.com,68728,Nao,Sim,Sim,null,null,113,Sim,62,F,Prof Liberal,2000,1260,20530180,20530-180,RJ,RIO DE JANEIRO,TIJUCA,RUA,JOAO RAMALHO,-24.425123556914254,-50.26125628599122,86a8054a7ffffff,88a8054a31fffff
1261,Tatiana Ferreira,16418.4185@email.com,82990,Sim,Sim,Nao,VISA,DUX,133,Sim,65,M,Prof Liberal,null,null,null,null,null,null,null,null,null,null,null,null,null
1262,Simone Rodrigues,16713.7137@email.com,11073,Sim,Sim,Sim,Mastercard,Platinum,8,Sim,53,M,Prof Liberal,null,null,null,null,null,null,null,null,null,null,null,null,null
1263,Ricardo Rodrigues,17100.1008@email.com,55190,Sim,Sim,Nao,VISA,Platinum,86,Sim,72,M,Estudante,null,null,null,null,null,null,null,null,null,null,null,null,null
1264,Fernando Barbosa,17132.1329@email.com,107062,Nao,Sim,Nao,null,null,75,Nao,82,M,Aposentado,null,null,null,null,null,null,null,null,null,null,null,null,null
1265,Helena Martins,17697.6979@email.com,100291,Nao,Sim,Sim,null,null,120,Sim,30,M,Prof Liberal,null,null,null,null,null,null,null,null,null,null,null,null,null
1266,Natalia Melo,17808.8084@email.com,163048.5,Sim,Sim,Nao,Mastercard,Infinite,132,Sim,86,M,Prof Liberal,16000,1266,20530231,20530-231,RJ,RIO DE JANEIRO,TIJUCA,AVENIDA,MARACANA - DE 1558 AO FIM - LADO PAR,-20.00607868700538,-44.70869790511685,86a88c977ffffff,88a88c975dfffff
1267,Claudia Nascimento,19508.5086@email.com,193374,Sim,Sim,Sim,Mastercard,DUX,43,Sim,69,M,Prof Liberal,19000,1267,20530240,20530-240,RJ,RIO DE JANEIRO,TIJUCA,LARGO,PROFESSOR GONDIM NETO,-20.770906000426983,-45.86707362594772,86a8a822fffffff,88a8a82281fffff
1268,Diego Santos,20168.1689@email.com,112195,Nao,Sim,Sim,null,null,63,Sim,24,M,Autonomo,null,null,null,null,null,null,null,null,null,null,null,null,null
1269,Carolina Rodrigues,20289.2890@email.com,101805.5,Sim,Sim,Sim,Mastercard,DUX,37,Sim,68,M,Aposentado,null,null,null,null,null,null,null,null,null,null,null,null,null
1270,Natalia Melo,20889.8899@email.com,114079,Sim,Sim,Sim,VISA,Platinum,11,Sim,81,M,Aposentado,null,null,null,null,null,null,null,null,null,null,null,null,null
1271,Claudia Barbosa,21212.2123@email.com,187750.5,Nao,Sim,Sim,null,null,136,Sim,83,F,Aposentado,null,null,null,null,null,null,null,null,null,null,null,null,null
1272,Helena Ferreira,21891.8914@email.com,196911,Nao,Sim,Sim,null,null,71,Sim,86,M,Prof Liberal,null,null,null,null,null,null,null,null,null,null,null,null,null
1273,Jorge Gomes,22761.7619@email.com,1173,Sim,Nao,Sim,VISA,Gold,86,Sim,81,M,Prof Liberal,null,null,null,null,null,null,null,null,null,null,null,null,null
1274,Marcos Araujo,22880.8807@email.com,6687,Nao,Sim,Sim,null,null,62,Sim,87,F,Prof Liberal,null,null,null,null,null,null,null,null,null,null,null,null,null
1275,Carolina Ferreira,23237.2376@email.com,191634,Sim,Nao,Nao,VISA,Platinum,117,Sim,34,M,Estudante,null,null,null,null,null,null,null,null,null,null,null,null,null
1276,Pedro Lima,23249.2496@email.com,164841,Nao,Nao,Sim,null,null,23,Sim,57,M,Autonomo,null,null,null,null,null,null,null,null,null,null,null,null,null
1277,Carolina Pereira,23906.9065@email.com,60638,Nao,Sim,Sim,null,null,10,Sim,52,F,Prof Liberal,null,null,null,null,null,null,null,null,null,null,null,null,null
1278,Fabio Santos,23929.9298@email.com,174692,Nao,Nao,Sim,null,null,55,Nao,45,M,Estudante,null,null,null,null,null,null,null,null,null,null,null,null,null
1279,Camila Costa,24012.0125@email.com,54825,Sim,Sim,Nao,Mastercard,DUX,119,Sim,65,M,Autonomo,null,null,null,null,null,null,null,null,null,null,null,null,null
1280,Samuel Silva,24270.2705@email.com,114333,Sim,Sim,Sim,Mastercard,Platinum,54,Sim,52,M,Prof Liberal,7000,1280,20530370,20530-370,RJ,RIO DE JANEIRO,TIJUCA,RUA,SANTA CAROLINA,-25.051302774734477,-53.03178940425722,86a82c39fffffff,88a82c39bdfffff
1281,Ana Carvalho,ana.0293@email.com,102480,Nao,Sim,Sim,null,null,82,Sim,85,M,Prof Liberal,null,null,null,null,null,null,null,null,null,null,null,null,null
1282,Beatriz Silva,25192.1924@email.com,51007,Nao,Sim,Sim,null,null,20,Sim,27,M,Aposentado,null,null,null,null,null,null,null,null,null,null,null,null,null
1283,Camila Santos,25342.3424@email.com,38599.5,Sim,Sim,Sim,Mastercard,Gold,105,Sim,42,M,Prof Liberal,null,null,null,null,null,null,null,null,null,null,null,null,null
1284,Renato Ribeiro,26056.0566@email.com,22579,Sim,Sim,Sim,VISA,Platinum,92,Nao,78,M,Prof Liberal,null,null,null,null,null,null,null,null,null,null,null,null,null
1285,Natalia Oliveira,26215.2159@email.com,110319,Sim,Nao,Sim,Mastercard,Connect,131,Sim,66,F,Estudante,null,null,null,null,null,null,null,null,null,null,null,null,null
1286,Fabio Melo,26782.7828@email.com,36878.5,Nao,Sim,Sim,null,null,50,Sim,80,F,Funcionario Publico,null,null,null,null,null,null,null,null,null,null,null,null,null
1287,Fernando Oliveira,26816.8160@email.com,95422,Sim,Sim,Sim,Mastercard,Infinite,34,Sim,85,M,Estudante,null,null,null,null,null,null,null,null,null,null,null,null,null
1288,Bruno Nascimento,26984.9847@email.com,36985,Sim,Sim,Nao,Mastercard,DUX,78,Nao,64,M,Prof Liberal,5000,1288,20530450,20530-450,RJ,RIO DE JANEIRO,TIJUCA,RUA,ROCHA MIRANDA,-22.69829684042157,-49.06842451258098,86a81cbafffffff,88a81cbaddfffff
1289,Pedro Melo,27320.3209@email.com,203225.5,Nao,Sim,Sim,null,null,140,Sim,46,M,Autonomo,19000,1289,20530460,20530-460,RJ,RIO DE JANEIRO,TIJUCA,RUA,TIACU,-20.111083752840624,-46.30014421662861,86a8a9617ffffff,88a8a96129fffff
1290,Beatriz Rodrigues,30417.4171@email.com,48867,Sim,Sim,Sim,Mastercard,Platinum,116,Sim,81,M,Prof Liberal,null,null,null,null,null,null,null,null,null,null,null,null,null
1291,Maria Pereira,30494.4944@email.com,33021,Nao,Nao,Sim,null,null,130,Sim,56,M,Prof Liberal,null,null,null,null,null,null,null,null,null,null,null,null,null
1292,Larissa Ferreira,30848.8489@email.com,30411.5,Sim,Sim,Sim,VISA,Infinite,70,Nao,32,M,Prof Liberal,null,null,null,null,null,null,null,null,null,null,null,null,null
1293,Beatriz Lima,31871.8719@email.com,70509.5,Sim,Sim,Sim,VISA,Connect,33,Nao,27,M,Aposentado,null,null,null,null,null,null,null,null,null,null,null,null,null
1294,Eduardo Gomes,33415.4158@email.com,36574,Sim,Sim,Nao,Mastercard,Infinite,90,Sim,40,M,Prof Liberal,null,null,null,null,null,null,null,null,null,null,null,null,null
1295,Fabio Barbosa,33924.9249@email.com,128572,Sim,Sim,Sim,VISA,DUX,40,Sim,54,M,Funcionario Publico,null,null,null,null,null,null,null,null,null,null,null,null,null
1296,Fernanda Lima,33967.9678@email.com,171043,Nao,Sim,Sim,null,null,108,Sim,43,M,Autonomo,null,null,null,null,null,null,null,null,null,null,null,null,null
1297,Juliana Barbosa,35018.0188@email.com,39242,Nao,Sim,Sim,null,null,72,Sim,53,M,Prof Liberal,null,null,null,null,null,null,null,null,null,null,null,null,null
1298,Natalia Barbosa,35374.3744@email.com,19279,Sim,Sim,Sim,VISA,Platinum,129,Sim,32,M,Estudante,null,null,null,null,null,null,null,null,null,null,null,null,null
1299,Denise Santos,35584.5845@email.com,67755,Sim,Nao,Sim,Mastercard,Infinite,28,Sim,73,M,Autonomo,null,null,null,null,null,null,null,null,null,null,null,null,null
1300,Marcos Oliveira,36304.3041@email.com,32863.5,Sim,Nao,Sim,VISA,Infinite,131,Nao,56,M,Aposentado,null,null,null,null,null,null,null,null,null,null,null,null,null
1301,Carolina Costa,36645.6452@email.com,173341,Sim,Sim,Sim,VISA,Connect,49,Sim,81,M,Autonomo,10000,1301,20530620,20530-620,RJ,RIO DE JANEIRO,TIJUCA,RUA,ABREU LACERDA,-23.19090356984414,-51.192678017307,86a801357ffffff,88a8013519fffff
1302,Ana Nascimento,ana.8581@email.com,136800,Nao,Sim,Nao,null,null,134,Sim,79,M,Prof Liberal,null,null,null,null,null,null,null,null,null,null,null,null,null
1303,Gabriela Ribeiro,37166.1664@email.com,172348.5,Sim,Sim,Sim,Mastercard,Connect,89,Nao,87,F,Prof Liberal,null,null,null,null,null,null,null,null,null,null,null,null,null
1304,Camila Carvalho,38935.9359@email.com,148729,Sim,Nao,Sim,VISA,Connect,108,Sim,46,M,Estudante,null,null,null,null,null,null,null,null,null,null,null,null,null
1305,Leonardo Melo,39504.5040@email.com,97971.5,Sim,Sim,Nao,Mastercard,Connect,89,Sim,82,F,Prof Liberal,19000,1305,20530660,20530-660,RJ,RIO DE JANEIRO,TIJUCA,TRAVESSA,BRANDAO,-22.764668681731397,-44.30463463937761,86a8a119fffffff,88a8a119e7fffff
1306,Diego Teixeira,39729.7299@email.com,179375,Nao,Sim,Sim,null,null,81,Sim,36,M,Prof Liberal,null,null,null,null,null,null,null,null,null,null,null,null,null
1307,Gustavo Carvalho,40488.4886@email.com,66489,Sim,Sim,Sim,VISA,Infinite,10,Sim,61,M,Prof Liberal,null,null,null,null,null,null,null,null,null,null,null,null,null
1308,Simone Araujo,41185.1853@email.com,192953,Sim,Sim,Sim,VISA,DUX,41,Sim,33,F,Prof Liberal,null,null,null,null,null,null,null,null,null,null,null,null,null
1309,Larissa Silva,41451.4518@email.com,173529.5,Sim,Sim,Nao,Mastercard,Platinum,117,Sim,25,F,Autonomo,null,null,null,null,null,null,null,null,null,null,null,null,null
1310,Gabriela Souza,42784.7849@email.com,136467.5,Sim,Sim,Sim,Mastercard,DUX,133,Nao,33,F,Funcionario Publico,null,null,null,null,null,null,null,null,null,null,null,null,null
1311,Larissa Almeida,43158.1582@email.com,125692.5,Sim,Sim,Sim,Mastercard,DUX,70,Nao,43,M,Autonomo,null,null,null,null,null,null,null,null,null,null,null,null,null
1312,Gabriela Martins,44180.1804@email.com,196448,Sim,Sim,Sim,Mastercard,Infinite,116,Sim,30,M,Prof Liberal,null,null,null,null,null,null,null,null,null,null,null,null,null
1313,Juliana Lima,44545.5458@email.com,38622,Sim,Sim,Sim,Mastercard,Connect,137,Sim,66,M,Prof Liberal,null,null,null,null,null,null,null,null,null,null,null,null,null
1314,Claudia Nascimento,44641.6414@email.com,53462.5,Sim,Sim,Sim,Mastercard,Infinite,77,Sim,44,F,Autonomo,null,null,null,null,null,null,null,null,null,null,null,null,null
1315,Gabriela Almeida,44901.9013@email.com,131488,Nao,Sim,Nao,null,null,6,Nao,67,M,Prof Liberal,null,null,null,null,null,null,null,null,null,null,null,null,null
1316,Claudia Moreira,45702.7023@email.com,44854,Sim,Sim,Nao,Mastercard,DUX,109,Nao,19,M,Aposentado,null,null,null,null,null,null,null,null,null,null,null,null,null
1317,Gustavo Moreira,45799.7992@email.com,8070.5,Sim,Sim,Sim,Mastercard,Platinum,75,Sim,82,M,Prof Liberal,null,null,null,null,null,null,null,null,null,null,null,null,null
1318,Isabela Oliveira,46581.5816@email.com,149857,Sim,Sim,Nao,Mastercard,Gold,129,Sim,46,M,Prof Liberal,null,null,null,null,null,null,null,null,null,null,null,null,null
1319,Patricia Melo,47754.7549@email.com,180517,Nao,Sim,Sim,null,null,57,Sim,19,M,Funcionario Publico,null,null,null,null,null,null,null,null,null,null,null,null,null
1320,Gabriela Gomes,48233.2336@email.com,14428,Sim,Sim,Sim,Mastercard,Connect,41,Sim,80,F,Autonomo,null,null,null,null,null,null,null,null,null,null,null,null,null
1321,Maria Araujo,48676.6761@email.com,135641,Sim,Sim,Nao,VISA,Platinum,115,Sim,33,M,Prof Liberal,2000,1321,20531020,20531-020,RJ,RIO DE JANEIRO,ALTO DA BOA VISTA,RUA,CAETANO DE CAMPOS,-22.033628079864023,-47.56362367447333,86a81e017ffffff,88a81e0137fffff
1322,Patricia Souza,49083.0836@email.com,13224,Nao,Sim,Nao,null,null,0,Sim,20,M,Estudante,null,null,null,null,null,null,null,null,null,null,null,null,null
1323,Eduardo Teixeira,49260.2600@email.com,148151,Sim,Nao,Nao,Mastercard,Connect,113,Sim,24,M,Autonomo,null,null,null,null,null,null,null,null,null,null,null,null,null
1324,Vanessa Rodrigues,49856.8562@email.com,65229,Nao,Sim,Sim,null,null,121,Nao,86,M,Prof Liberal,null,null,null,null,null,null,null,null,null,null,null,null,null
1325,Ana Gomes,ana.0429@email.com,168880,Nao,Sim,Sim,null,null,119,Nao,50,F,Prof Liberal,null,null,null,null,null,null,null,null,null,null,null,null,null
1326,Andre Ribeiro,51377.3772@email.com,47569,Sim,Nao,Sim,VISA,Gold,7,Sim,48,F,Prof Liberal,14000,1326,20531073,20531-073,RJ,RIO DE JANEIRO,ALTO DA BOA VISTA,AVENIDA,EDISON PASSOS - ATE 1075 - LADO IMPAR,-23.659648473405117,-51.99515625217835,86a82a387ffffff,88a82a381dfffff
1327,Simone Martins,51631.6317@email.com,82538.5,Nao,Sim,Sim,null,null,80,Sim,37,M,Autonomo,19000,1327,20531074,20531-074,RJ,RIO DE JANEIRO,ALTO DA BOA VISTA,AVENIDA,EDISON PASSOS - ATE 1000 - LADO PAR,-20.75178875279394,-50.00885725078179,86a819327ffffff,88a8193219fffff
1328,Simone Lima,51767.7675@email.com,123436,Sim,Sim,Sim,VISA,Gold,148,Sim,67,M,Prof Liberal,null,null,null,null,null,null,null,null,null,null,null,null,null
1329,Tatiana Ferreira,52244.2446@email.com,115210,Sim,Sim,Sim,VISA,Platinum,96,Nao,57,F,Prof Liberal,null,null,null,null,null,null,null,null,null,null,null,null,null
1330,Ana Santos,ana.6491@email.com,73861,Nao,Sim,Sim,null,null,139,Sim,78,M,Funcionario Publico,null,null,null,null,null,null,null,null,null,null,null,null,null
1331,Patricia Silva,54177.1771@email.com,151131.5,Sim,Sim,Sim,VISA,Infinite,128,Sim,59,M,Prof Liberal,null,null,null,null,null,null,null,null,null,null,null,null,null
1332,Fabio Pereira,54276.2767@email.com,22352,Sim,Nao,Sim,VISA,Connect,145,Sim,70,M,Estudante,null,null,null,null,null,null,null,null,null,null,null,null,null
1333,Eduardo Moreira,54374.3740@email.com,193738,Nao,Nao,Sim,null,null,73,Sim,87,M,Prof Liberal,15000,1333,20531081,20531-081,RJ,RIO DE JANEIRO,ALTO DA BOA VISTA,ESTRADA,VELHA DA TIJUCA - DE 1171/1172 AO FIM,-20.51540637663182,-44.66582714110173,86a8aa06fffffff,88a8aa0689fffff
1334,Helena Gomes,54380.3803@email.com,120566.5,Sim,Sim,Sim,Mastercard,DUX,68,Sim,76,M,Funcionario Publico,null,null,null,null,null,null,null,null,null,null,null,null,null
1335,Samuel Gomes,54863.8632@email.com,183914,Sim,Sim,Sim,VISA,Infinite,114,Sim,80,M,Prof Liberal,null,null,null,null,null,null,null,null,null,null,null,null,null
1336,Vanessa Moreira,56091.0918@email.com,129809,Sim,Sim,Sim,VISA,Platinum,27,Sim,36,F,Aposentado,null,null,null,null,null,null,null,null,null,null,null,null,null
1337,Priscila Gomes,56200.2004@email.com,31596,Sim,Sim,Sim,Mastercard,Connect,87,Sim,76,M,Aposentado,null,null,null,null,null,null,null,null,null,null,null,null,null
1338,Tatiana Santos,56494.4946@email.com,59010,Sim,Sim,Nao,Mastercard,Gold,28,Sim,46,M,Funcionario Publico,null,null,null,null,null,null,null,null,null,null,null,null,null
1339,Carolina Costa,56916.9169@email.com,132921.5,Sim,Sim,Sim,Mastercard,Infinite,148,Sim,52,M,Aposentado,null,null,null,null,null,null,null,null,null,null,null,null,null
1340,Vanessa Nascimento,57063.0636@email.com,60869,Nao,Sim,Sim,null,null,81,Sim,28,M,Prof Liberal,null,null,null,null,null,null,null,null,null,null,null,null,null
1341,Denise Costa,57559.5593@email.com,67478.5,Sim,Sim,Sim,Mastercard,Infinite,74,Sim,79,F,Prof Liberal,null,null,null,null,null,null,null,null,null,null,null,null,null
1342,Thiago Ferreira,57581.5813@email.com,44137,Sim,Sim,Nao,VISA,Platinum,133,Nao,54,F,Funcionario Publico,null,null,null,null,null,null,null,null,null,null,null,null,null
1343,Beatriz Pereira,57873.8730@email.com,128590.5,Sim,Sim,Sim,Mastercard,Connect,95,Sim,20,M,Prof Liberal,null,null,null,null,null,null,null,null,null,null,null,null,null
1344,Ana Almeida,ana.0177@email.com,40620,Sim,Sim,Sim,VISA,DUX,125,Sim,39,M,Autonomo,11000,1344,20531190,20531-190,RJ,RIO DE JANEIRO,ALTO DA BOA VISTA,RUA,DA SELVA,-24.823369350747218,-50.86575058998239,86a8058a7ffffff,88a8058a31fffff
1345,Jorge Ribeiro,58393.3931@email.com,135573,Sim,Nao,Sim,Mastercard,Infinite,145,Sim,81,M,Funcionario Publico,null,null,null,null,null,null,null,null,null,null,null,null,null
1346,Camila Pereira,59466.4668@email.com,56626.5,Sim,Nao,Sim,Mastercard,Connect,125,Sim,82,M,Autonomo,null,null,null,null,null,null,null,null,null,null,null,null,null
1347,Carolina Moreira,59821.8219@email.com,92813.5,Sim,Sim,Nao,Mastercard,Infinite,145,Sim,87,F,Estudante,null,null,null,null,null,null,null,null,null,null,null,null,null
1348,Thiago Oliveira,59890.8901@email.com,93368,Sim,Sim,Sim,VISA,Gold,36,Sim,61,M,Funcionario Publico,null,null,null,null,null,null,null,null,null,null,null,null,null
1349,Priscila Ferreira,60147.1476@email.com,142096,Sim,Nao,Sim,VISA,Connect,51,Sim,69,M,Prof Liberal,null,null,null,null,null,null,null,null,null,null,null,null,null
1350,Maria Ribeiro,60237.2378@email.com,62792.5,Sim,Sim,Nao,Mastercard,Infinite,103,Sim,66,M,Funcionario Publico,null,null,null,null,null,null,null,null,null,null,null,null,null
1351,Denise Ferreira,61464.4643@email.com,5595,Sim,Nao,Sim,Mastercard,Connect,73,Sim,27,F,Funcionario Publico,null,null,null,null,null,null,null,null,null,null,null,null,null
1352,Beatriz Silva,61519.5191@email.com,161727,Sim,Sim,Sim,VISA,Gold,17,Sim,30,M,Autonomo,null,null,null,null,null,null,null,null,null,null,null,null,null
1353,Diego Almeida,61919.9196@email.com,65779,Nao,Sim,Sim,null,null,100,Sim,59,F,Prof Liberal,18000,1353,20531280,20531-280,RJ,RIO DE JANEIRO,ALTO DA BOA VISTA,ESTRADA,BOM RETIRO,-20.321659271904736,-44.34131232527948,86a8aa70fffffff,88a8aa70c3fffff
1354,Renata Rodrigues,62458.4584@email.com,60492,Sim,Nao,Nao,Mastercard,Infinite,28,Sim,59,M,Prof Liberal,null,null,null,null,null,null,null,null,null,null,null,null,null
1355,Fabio Pereira,62905.9055@email.com,68212,Sim,Sim,Sim,VISA,Gold,53,Sim,68,M,Prof Liberal,13000,1355,20531300,20531-300,RJ,RIO DE JANEIRO,ALTO DA BOA VISTA,CAMINHO,DO PICO DA TIJUCA,-23.188887006556723,-52.029381548427885,86a80c80fffffff,88a80c80d9fffff
1356,Renata Silva,63570.5701@email.com,60212,Sim,Nao,Nao,Mastercard,DUX,107,Sim,62,M,Estudante,null,null,null,null,null,null,null,null,null,null,null,null,null
1357,Helena Almeida,63605.6051@email.com,166791,Nao,Nao,Sim,null,null,76,Sim,27,F,Prof Liberal,null,null,null,null,null,null,null,null,null,null,null,null,null
1358,Fernanda Rodrigues,63712.7121@email.com,146343,Sim,Sim,Sim,VISA,DUX,120,Sim,62,M,Prof Liberal,2000,1358,20531330,20531-330,RJ,RIO DE JANEIRO,ALTO DA BOA VISTA,ESTRADA,DO ACUDE,-20.86742396654305,-51.41246169388753,86a80bcdfffffff,88a80bcd8dfffff
1359,Denise Martins,64031.0318@email.com,16035,Sim,Sim,Nao,VISA,Platinum,80,Sim,70,M,Prof Liberal,null,null,null,null,null,null,null,null,null,null,null,null,null
1360,Isabela Santos,64637.6376@email.com,47615,Sim,Sim,Sim,Mastercard,DUX,129,Nao,65,M,Prof Liberal,null,null,null,null,null,null,null,null,null,null,null,null,null
1361,Diego Carvalho,66236.2369@email.com,132894.5,Sim,Nao,Nao,VISA,DUX,120,Sim,46,M,Autonomo,10000,1361,20531360,20531-360,RJ,RIO DE JANEIRO,ALTO DA BOA VISTA,RUA,JOAO BATISTA SEQUEIRA,-23.887787846027763,-46.80297133276947,86a8108cfffffff,88a8108ce7fffff
1362,Pedro Costa,66429.4298@email.com,56963,Nao,Sim,Nao,null,null,90,Sim,82,M,Funcionario Publico,null,null,null,null,null,null,null,null,null,null,null,null,null
1363,Pedro Pereira,68415.4159@email.com,11603,Nao,Sim,Sim,null,null,99,Sim,62,M,Estudante,null,null,null,null,null,null,null,null,null,null,null,null,null
1364,Eduardo Moreira,68647.6470@email.com,155547,Sim,Sim,Sim,VISA,DUX,73,Sim,66,M,Autonomo,null,null,null,null,null,null,null,null,null,null,null,null,null
1365,Matheus Ribeiro,68808.8081@email.com,178198,Nao,Sim,Sim,null,null,11,Sim,85,M,Funcionario Publico,null,null,null,null,null,null,null,null,null,null,null,null,null
1366,Fernanda Melo,68899.8990@email.com,198750.5,Sim,Sim,Nao,Mastercard,Platinum,65,Sim,83,F,Estudante,null,null,null,null,null,null,null,null,null,null,null,null,null
1367,Pedro Ferreira,69455.4550@email.com,141423,Nao,Sim,Sim,null,null,26,Sim,33,M,Autonomo,null,null,null,null,null,null,null,null,null,null,null,null,null
1368,Renata Teixeira,69878.8780@email.com,57672,Sim,Sim,Sim,VISA,Platinum,82,Nao,23,M,Aposentado,null,null,null,null,null,null,null,null,null,null,null,null,null
1369,Andre Melo,70068.0683@email.com,52832.5,Nao,Sim,Nao,null,null,9,Sim,28,M,Autonomo,null,null,null,null,null,null,null,null,null,null,null,null,null
1370,Andre Santos,70660.6602@email.com,34843.5,Sim,Nao,Sim,VISA,DUX,88,Sim,38,M,Prof Liberal,18000,1370,20531450,20531-450,RJ,RIO DE JANEIRO,ALTO DA BOA VISTA,ESTRADA,DA PEDRA BONITA,-24.242469877249473,-46.6289853001458,86a81465fffffff,88a81465b9fffff
1371,Natalia Gomes,70977.9773@email.com,45019,Nao,Sim,Sim,null,null,44,Sim,36,M,Prof Liberal,null,null,null,null,null,null,null,null,null,null,null,null,null
1372,Fernanda Ribeiro,71429.4296@email.com,164923,Nao,Nao,Sim,null,null,93,Sim,80,M,Prof Liberal,10000,1372,20531470,20531-470,RJ,RIO DE JANEIRO,ALTO DA BOA VISTA,RUA,COMENDADOR GERVASIO SEABRA,-23.67015645630014,-52.65239132834815,86a82bd57ffffff,88a82bd503fffff
1373,Larissa Almeida,71918.9182@email.com,102406,Sim,Nao,Sim,Mastercard,Connect,64,Sim,46,F,Prof Liberal,null,null,null,null,null,null,null,null,null,null,null,null,null
1374,Gabriela Barbosa,72667.6674@email.com,24048,Sim,Nao,Sim,Mastercard,DUX,40,Sim,58,M,Funcionario Publico,null,null,null,null,null,null,null,null,null,null,null,null,null
1375,Thiago Teixeira,72780.7806@email.com,89106,Sim,Sim,Sim,Mastercard,Gold,47,Sim,35,F,Prof Liberal,null,null,null,null,null,null,null,null,null,null,null,null,null
1376,Larissa Pereira,73461.4612@email.com,15646,Sim,Sim,Sim,VISA,DUX,92,Sim,52,M,Funcionario Publico,null,null,null,null,null,null,null,null,null,null,null,null,null
1377,Lucas Nascimento,73918.9189@email.com,176414,Nao,Sim,Sim,null,null,127,Nao,25,M,Funcionario Publico,null,null,null,null,null,null,null,null,null,null,null,null,null
1378,Renata Oliveira,75400.4002@email.com,147421.5,Sim,Nao,Nao,Mastercard,Connect,44,Sim,79,M,Prof Liberal,9000,1378,20531550,20531-550,RJ,RIO DE JANEIRO,ALTO DA BOA VISTA,CAMINHO,DO SERTAO,-22.347893226755055,-47.09462476430797,86a81334fffffff,88a8133495fffff
1379,Carolina Almeida,75514.5149@email.com,113121.5,Nao,Nao,Sim,null,null,110,Sim,35,M,Prof Liberal,null,null,null,null,null,null,null,null,null,null,null,null,null
1380,Claudia Martins,75522.5228@email.com,37245,Sim,Sim,Sim,VISA,Gold,5,Sim,18,F,Estudante,null,null,null,null,null,null,null,null,null,null,null,null,null
1381,Natalia Melo,75634.6349@email.com,80385.5,Nao,Nao,Nao,null,null,58,Sim,27,M,Prof Liberal,null,null,null,null,null,null,null,null,null,null,null,null,null
1382,Claudia Lima,75866.8665@email.com,178990,Nao,Sim,Nao,null,null,137,Sim,36,M,Aposentado,null,null,null,null,null,null,null,null,null,null,null,null,null
1383,Gabriela Lima,76069.0693@email.com,177357.5,Sim,Sim,Sim,Mastercard,Infinite,76,Sim,20,M,Prof Liberal,null,null,null,null,null,null,null,null,null,null,null,null,null
1384,Beatriz Santos,76247.2474@email.com,9547,Sim,Sim,Sim,VISA,DUX,30,Sim,20,M,Aposentado,null,null,null,null,null,null,null,null,null,null,null,null,null
1385,Natalia Melo,76359.3597@email.com,114939,Nao,Sim,Sim,null,null,69,Sim,59,M,Prof Liberal,null,null,null,null,null,null,null,null,null,null,null,null,null
1386,Camila Nascimento,76937.9375@email.com,142825,Sim,Nao,Sim,VISA,DUX,80,Nao,54,M,Prof Liberal,null,null,null,null,null,null,null,null,null,null,null,null,null
1387,Andre Oliveira,77175.1750@email.com,106981,Sim,Nao,Sim,VISA,Infinite,57,Sim,61,M,Funcionario Publico,3000,1387,20531610,20531-610,RJ,RIO DE JANEIRO,ALTO DA BOA VISTA,RUA,BOA VISTA,-20.07407754506615,-51.734504077020986,86a8e598fffffff,88a8e59885fffff
1388,Carlos Martins,carlos.3277@email.com,81636.5,Sim,Sim,Sim,Mastercard,DUX,85,Sim,63,M,Autonomo,null,null,null,null,null,null,null,null,null,null,null,null,null
1389,Jorge Rodrigues,77509.5095@email.com,17826.5,Sim,Sim,Sim,VISA,DUX,100,Nao,83,M,Prof Liberal,null,null,null,null,null,null,null,null,null,null,null,null,null
1390,Fernanda Ferreira,77835.8358@email.com,145973,Nao,Nao,Sim,null,null,67,Sim,49,M,Funcionario Publico,null,null,null,null,null,null,null,null,null,null,null,null,null
1391,Isabela Oliveira,77888.8883@email.com,110977,Sim,Nao,Sim,VISA,Gold,65,Sim,38,M,Prof Liberal,null,null,null,null,null,null,null,null,null,null,null,null,null
1392,Fernanda Costa,77992.9923@email.com,94223,Nao,Sim,Sim,null,null,104,Nao,26,F,Autonomo,null,null,null,null,null,null,null,null,null,null,null,null,null
1393,Marcos Nascimento,78141.1419@email.com,16171,Nao,Sim,Sim,null,null,150,Sim,83,M,Prof Liberal,null,null,null,null,null,null,null,null,null,null,null,null,null
1394,Gabriela Ribeiro,78322.3224@email.com,157888,Nao,Sim,Sim,null,null,119,Sim,18,M,Funcionario Publico,null,null,null,null,null,null,null,null,null,null,null,null,null
1395,Fernanda Rodrigues,78455.4558@email.com,146763,Sim,Sim,Nao,VISA,Gold,45,Sim,44,F,Prof Liberal,null,null,null,null,null,null,null,null,null,null,null,null,null
1396,Matheus Pereira,78519.5194@email.com,66778,Sim,Sim,Sim,Mastercard,Gold,64,Sim,77,F,Aposentado,null,null,null,null,null,null,null,null,null,null,null,null,null
1397,Gustavo Silva,78824.8243@email.com,1669,Nao,Sim,Sim,null,null,35,Sim,30,M,Estudante,null,null,null,null,null,null,null,null,null,null,null,null,null
1398,Gabriela Ribeiro,79430.4307@email.com,60588,Nao,Nao,Sim,null,null,56,Sim,47,M,Autonomo,null,null,null,null,null,null,null,null,null,null,null,null,null
1399,Eduardo Moreira,79841.8416@email.com,82858,Sim,Nao,Sim,Mastercard,Connect,135,Nao,57,M,Aposentado,null,null,null,null,null,null,null,null,null,null,null,null,null
1400,Tatiana Carvalho,80131.1318@email.com,2070,Sim,Sim,Sim,Mastercard,Platinum,55,Sim,78,M,Aposentado,null,null,null,null,null,null,null,null,null,null,null,null,null
1401,Beatriz Teixeira,80191.1914@email.com,128624.5,Nao,Sim,Nao,null,null,143,Sim,59,F,Funcionario Publico,null,null,null,null,null,null,null,null,null,null,null,null,null
1402,Carolina Costa,80671.6713@email.com,154838,Sim,Sim,Nao,VISA,Platinum,143,Sim,74,M,Prof Liberal,null,null,null,null,null,null,null,null,null,null,null,null,null
1403,Marcos Lima,80707.7075@email.com,106514.5,Sim,Sim,Sim,VISA,Platinum,148,Sim,64,M,Prof Liberal,null,null,null,null,null,null,null,null,null,null,null,null,null
1404,Helena Rodrigues,80843.8435@email.com,53431,Sim,Sim,Sim,Mastercard,Gold,17,Sim,75,M,Estudante,null,null,null,null,null,null,null,null,null,null,null,null,null
1405,Helena Almeida,81415.4153@email.com,39659.5,Sim,Sim,Nao,VISA,Infinite,78,Sim,64,F,Funcionario Publico,null,null,null,null,null,null,null,null,null,null,null,null,null
1406,Renata Souza,81588.5884@email.com,69032,Sim,Nao,Sim,Mastercard,Platinum,98,Sim,77,M,Prof Liberal,null,null,null,null,null,null,null,null,null,null,null,null,null
1407,Vanessa Silva,81700.7002@email.com,182686.5,Nao,Nao,Sim,null,null,18,Sim,31,M,Autonomo,22000,1407,20535070,20535-070,RJ,RIO DE JANEIRO,ALTO DA BOA VISTA,RUA,F,-22.153197402077026,-50.25219526326571,86a81db2fffffff,88a80e4da5fffff
1408,Lucas Silva,82088.0884@email.com,6524,Nao,Sim,Sim,null,null,59,Sim,29,M,Autonomo,5000,1408,20535080,20535-080,RJ,RIO DE JANEIRO,ALTO DA BOA VISTA,RUA,JOAO B. DE SOUZA,-24.915020527292043,-50.47442277638439,86a805dafffffff,88a805dac3fffff
1409,Simone Rodrigues,83593.5938@email.com,128219,Nao,Sim,Sim,null,null,118,Sim,75,F,Prof Liberal,null,null,null,null,null,null,null,null,null,null,null,null,null
1410,Tatiana Souza,84311.3113@email.com,115441.5,Nao,Sim,Sim,null,null,124,Nao,70,M,Autonomo,null,null,null,null,null,null,null,null,null,null,null,null,null
1411,Juliana Costa,84373.3735@email.com,188066.5,Nao,Sim,Sim,null,null,26,Nao,84,M,Autonomo,null,null,null,null,null,null,null,null,null,null,null,null,null
1412,Tatiana Martins,84799.7991@email.com,170070,Nao,Sim,Sim,null,null,129,Sim,72,M,Funcionario Publico,null,null,null,null,null,null,null,null,null,null,null,null,null
1413,Maria Ferreira,84829.8298@email.com,131908.5,Nao,Sim,Sim,null,null,92,Sim,27,M,Estudante,null,null,null,null,null,null,null,null,null,null,null,null,null
1414,Pedro Silva,85016.0167@email.com,37444.5,Nao,Sim,Sim,null,null,10,Sim,36,F,Prof Liberal,null,null,null,null,null,null,null,null,null,null,null,null,null
1415,Renata Rodrigues,85599.5999@email.com,185743,Sim,Sim,Sim,VISA,Platinum,113,Sim,43,M,Funcionario Publico,null,null,null,null,null,null,null,null,null,null,null,null,null
1416,Larissa Lima,86157.1574@email.com,43966,Sim,Sim,Sim,Mastercard,Platinum,116,Sim,77,F,Prof Liberal,null,null,null,null,null,null,null,null,null,null,null,null,null
1417,Diego Teixeira,86557.5573@email.com,66455,Sim,Sim,Sim,Mastercard,Infinite,43,Sim,43,F,Prof Liberal,null,null,null,null,null,null,null,null,null,null,null,null,null
1418,Larissa Melo,86708.7089@email.com,193326,Sim,Nao,Sim,VISA,Platinum,53,Sim,62,M,Prof Liberal,null,null,null,null,null,null,null,null,null,null,null,null,null
1419,Simone Rodrigues,88645.6450@email.com,130673,Sim,Nao,Sim,Mastercard,DUX,106,Sim,52,M,Prof Liberal,null,null,null,null,null,null,null,null,null,null,null,null,null
1420,Helena Moreira,88746.7465@email.com,36811,Sim,Nao,Nao,VISA,DUX,28,Sim,72,M,Aposentado,null,null,null,null,null,null,null,null,null,null,null,null,null
1421,Carolina Silva,89045.0453@email.com,140756,Nao,Nao,Sim,null,null,103,Sim,58,M,Estudante,null,null,null,null,null,null,null,null,null,null,null,null,null
1422,Renato Silva,89249.2499@email.com,169524.5,Sim,Sim,Sim,Mastercard,DUX,68,Sim,65,M,Prof Liberal,22000,1422,20535220,20535-220,RJ,RIO DE JANEIRO,ALTO DA BOA VISTA,RUA,JAIR CALDAS,-24.62504271574505,-48.5396372513602,86a8060b7ffffff,88a8060b67fffff
1423,Fernanda Santos,89466.4669@email.com,110483,Sim,Sim,Sim,Mastercard,Platinum,8,Sim,69,M,Aposentado,null,null,null,null,null,null,null,null,null,null,null,null,null
1424,Helena Santos,89543.5436@email.com,83791,Sim,Sim,Sim,VISA,Gold,142,Sim,76,M,Prof Liberal,null,null,null,null,null,null,null,null,null,null,null,null,null
1425,Camila Lima,89728.7281@email.com,160079.5,Sim,Nao,Sim,Mastercard,Gold,83,Sim,50,M,Prof Liberal,null,null,null,null,null,null,null,null,null,null,null,null,null
1426,Gabriela Costa,89767.7677@email.com,38232.5,Sim,Nao,Sim,Mastercard,Gold,103,Nao,50,M,Prof Liberal,null,null,null,null,null,null,null,null,null,null,null,null,null
1427,Tatiana Silva,89942.9422@email.com,188137.5,Sim,Nao,Nao,Mastercard,Gold,142,Sim,79,M,Prof Liberal,null,null,null,null,null,null,null,null,null,null,null,null,null
1428,Isabela Costa,90936.9360@email.com,42137,Sim,Sim,Sim,VISA,DUX,121,Nao,27,M,Prof Liberal,null,null,null,null,null,null,null,null,null,null,null,null,null
1429,Bruno Silva,91250.2509@email.com,26314,Sim,Sim,Sim,VISA,Platinum,21,Sim,60,M,Funcionario Publico,null,null,null,null,null,null,null,null,null,null,null,null,null
1430,Isabela Almeida,91756.7561@email.com,196737,Sim,Sim,Sim,Mastercard,Platinum,115,Nao,55,F,Autonomo,3000,1430,20535300,20535-300,RJ,RIO DE JANEIRO,ALTO DA BOA VISTA,RUA,MALVINO SILVA,-19.834827208619735,-50.45849143691665,86a8e46afffffff,88a8e46ad7fffff
1431,Priscila Pereira,92208.2081@email.com,113451,Nao,Nao,Nao,null,null,22,Nao,66,M,Autonomo,null,null,null,null,null,null,null,null,null,null,null,null,null
1432,Claudia Lima,92312.3122@email.com,129874,Nao,Nao,Sim,null,null,58,Sim,19,M,Prof Liberal,null,null,null,null,null,null,null,null,null,null,null,null,null
1433,Helena Nascimento,93074.0749@email.com,8971,Nao,Nao,Nao,null,null,84,Sim,22,M,Prof Liberal,null,null,null,null,null,null,null,null,null,null,null,null,null
1434,Ana Rodrigues,ana.6937@email.com,191391.5,Sim,Sim,Sim,VISA,Platinum,74,Sim,52,F,Prof Liberal,null,null,null,null,null,null,null,null,null,null,null,null,null
1435,Juliana Martins,95145.1454@email.com,151862,Sim,Sim,Sim,VISA,Connect,97,Sim,59,M,Aposentado,null,null,null,null,null,null,null,null,null,null,null,null,null
1436,Priscila Souza,96172.1723@email.com,158436,Sim,Nao,Sim,Mastercard,Connect,16,Nao,22,M,Prof Liberal,15000,1436,20535360,20535-360,RJ,RIO DE JANEIRO,ALTO DA BOA VISTA,RUA,SEBASTIAO PEREIRA,-21.415554199105216,-47.31195185504482,86a81ad1fffffff,88a81ad199fffff
1437,Rafael Almeida,96447.4472@email.com,141706,Sim,Sim,Sim,VISA,Gold,143,Sim,49,F,Prof Liberal,null,null,null,null,null,null,null,null,null,null,null,null,null
1438,Fernanda Lima,96732.7320@email.com,85683,Sim,Sim,Nao,Mastercard,Platinum,33,Sim,79,M,Prof Liberal,null,null,null,null,null,null,null,null,null,null,null,null,null
1439,Helena Oliveira,96940.9407@email.com,195990,Sim,Sim,Sim,Mastercard,Infinite,99,Sim,87,M,Funcionario Publico,null,null,null,null,null,null,null,null,null,null,null,null,null
1440,Juliana Moreira,96965.9657@email.com,56561,Nao,Sim,Sim,null,null,59,Sim,26,M,Prof Liberal,null,null,null,null,null,null,null,null,null,null,null,null,null
1441,Gabriela Gomes,97118.1181@email.com,92309,Sim,Sim,Sim,VISA,Gold,89,Sim,79,M,Funcionario Publico,3000,1441,20535410,20535-410,RJ,RIO DE JANEIRO,ALTO DA BOA VISTA,CAMINHO,DA PEDRA DO CONDE,-23.433762664944883,-46.01143473438318,86a812b07ffffff,88a812b005fffff
1442,Carolina Rodrigues,97406.4060@email.com,80098,Sim,Nao,Sim,Mastercard,Gold,103,Sim,78,M,Aposentado,14000,1442,20535420,20535-420,RJ,RIO DE JANEIRO,ALTO DA BOA VISTA,ESTRADA,PRINCESA IMPERIAL,-24.74201813839913,-52.39741415603426,86a828d97ffffff,88a828d947fffff
1443,Claudia Gomes,97426.4266@email.com,34614,Sim,Sim,Sim,VISA,Connect,106,Nao,52,F,Funcionario Publico,null,null,null,null,null,null,null,null,null,null,null,null,null
1444,Priscila Ribeiro,98274.2746@email.com,125076,Nao,Sim,Sim,null,null,127,Sim,48,M,Prof Liberal,5000,1444,20535450,20535-450,RJ,RIO DE JANEIRO,TIJUCA,ESTRADA,VISTA SAUDADE,-24.726021907438696,-44.30264867275808,86a98b46fffffff,88a98b46e9fffff
1445,Juliana Ferreira,98316.3167@email.com,49502,Sim,Nao,Sim,Mastercard,Platinum,131,Sim,73,M,Prof Liberal,16000,1445,20540001,20540-001,RJ,RIO DE JANEIRO,TIJUCA,RUA,BARAO DE MESQUITA - DE 191 A 369 - LADO IMPAR,-20.655538662843732,-46.041415978562384,86a8a9537ffffff,88a8a9536bfffff
1446,Gabriela Teixeira,99154.1540@email.com,39235,Sim,Sim,Sim,VISA,Platinum,126,Nao,46,M,Funcionario Publico,null,null,null,null,null,null,null,null,null,null,null,null,null
1447,Maria Teixeira,99294.2947@email.com,96861,Nao,Nao,Sim,null,null,94,Nao,64,M,Funcionario Publico,null,null,null,null,null,null,null,null,null,null,null,null,null
1448,Claudia Martins,99628.6284@email.com,149814,Sim,Sim,Sim,Mastercard,Infinite,52,Sim,24,M,Autonomo,null,null,null,null,null,null,null,null,null,null,null,null,null
1449,Larissa Pereira,99680.6805@email.com,155806,Sim,Nao,Nao,VISA,DUX,141,Sim,45,M,Prof Liberal,null,null,null,null,null,null,null,null,null,null,null,null,null
1450,Camila Costa,11190.1906@email.com,17745,Nao,Sim,Sim,null,null,102,Sim,24,M,Autonomo,null,null,null,null,null,null,null,null,null,null,null,null,null
1451,Samuel Costa,11587.5871@email.com,25034,Sim,Sim,Sim,VISA,Infinite,15,Sim,36,M,Autonomo,null,null,null,null,null,null,null,null,null,null,null,null,null
1452,Carolina Santos,12271.2718@email.com,80118,Nao,Sim,Sim,null,null,90,Nao,55,M,Funcionario Publico,null,null,null,null,null,null,null,null,null,null,null,null,null
1453,Simone Melo,13394.3941@email.com,106557,Sim,Sim,Sim,Mastercard,Gold,56,Sim,29,M,Estudante,null,null,null,null,null,null,null,null,null,null,null,null,null
1454,Ricardo Oliveira,13881.8816@email.com,92170,Sim,Sim,Nao,VISA,DUX,71,Sim,65,M,Aposentado,14000,1454,20540040,20540-040,RJ,RIO DE JANEIRO,TIJUCA,RUA,DEPUTADO SOARES FILHO,-20.041031333299877,-47.3576114144698,86a8f41b7ffffff,88a8f41b67fffff
1455,Fernanda Teixeira,15067.0670@email.com,146403,Sim,Nao,Sim,Mastercard,DUX,27,Nao,51,F,Autonomo,null,null,null,null,null,null,null,null,null,null,null,null,null
1456,Renata Rodrigues,15083.0834@email.com,38112,Sim,Sim,Sim,Mastercard,Connect,8,Sim,71,M,Aposentado,null,null,null,null,null,null,null,null,null,null,null,null,null
1457,Fernando Oliveira,15137.1372@email.com,198742,Sim,Sim,Sim,VISA,Platinum,78,Nao,18,F,Prof Liberal,null,null,null,null,null,null,null,null,null,null,null,null,null
1458,Simone Araujo,15270.2708@email.com,184293,Sim,Sim,Sim,VISA,Connect,12,Sim,55,M,Autonomo,null,null,null,null,null,null,null,null,null,null,null,null,null
1459,Vanessa Barbosa,15987.9872@email.com,95049,Sim,Sim,Sim,VISA,Platinum,99,Sim,18,M,Prof Liberal,8000,1459,20540090,20540-090,RJ,RIO DE JANEIRO,TIJUCA,RUA,SANTA SOFIA,-22.654217401659857,-52.352864645433996,86a80dd87ffffff,88a80dd825fffff
1460,Fabio Lima,16183.1837@email.com,44512.5,Sim,Sim,Sim,Mastercard,Gold,25,Sim,84,F,Prof Liberal,null,null,null,null,null,null,null,null,null,null,null,null,null
1461,Carolina Moreira,16870.8708@email.com,8798,Sim,Nao,Sim,VISA,DUX,130,Sim,65,M,Estudante,null,null,null,null,null,null,null,null,null,null,null,null,null
1462,Carlos Moreira,carlos.0588@email.com,197220,Sim,Sim,Sim,VISA,Infinite,128,Sim,69,M,Prof Liberal,null,null,null,null,null,null,null,null,null,null,null,null,null
1463,Maria Lima,17415.4159@email.com,60039,Sim,Sim,Sim,VISA,Platinum,7,Sim,37,M,Prof Liberal,12000,1463,20540130,20540-130,RJ,RIO DE JANEIRO,VILA ISABEL,RUA,BALTAZAR LISBOA,-23.648994966446637,-45.432842945124655,86a812d67ffffff,88a812d623fffff
1464,Ricardo Carvalho,17591.5910@email.com,182630,Sim,Sim,Sim,VISA,Platinum,24,Sim,40,M,Funcionario Publico,null,null,null,null,null,null,null,null,null,null,null,null,null
1465,Patricia Martins,17691.6915@email.com,75924,Nao,Nao,Sim,null,null,76,Sim,51,F,Estudante,null,null,null,null,null,null,null,null,null,null,null,null,null
1466,Juliana Silva,18712.7126@email.com,69722,Sim,Nao,Sim,Mastercard,Platinum,137,Sim,87,F,Estudante,15000,1466,20540160,20540-160,RJ,RIO DE JANEIRO,ANDARAI,RUA,GOIANIA,-23.012801789682516,-48.35287742894045,86a81cd17ffffff,88a81cd10bfffff
1467,Tatiana Ferreira,19250.2503@email.com,76051,Sim,Nao,Sim,VISA,Connect,69,Nao,28,M,Autonomo,null,null,null,null,null,null,null,null,null,null,null,null,null
1468,Leonardo Ferreira,19661.6610@email.com,138779,Sim,Sim,Nao,VISA,Gold,88,Sim,66,M,Prof Liberal,6000,1468,20540180,20540-180,RJ,RIO DE JANEIRO,TIJUCA,TRAVESSA,AMERICO DE OLIVEIRA,-23.174610373097124,-47.891057987266244,86a811ab7ffffff,88a811ab65fffff
1469,Vanessa Oliveira,20391.3917@email.com,75909,Sim,Nao,Sim,VISA,DUX,83,Nao,69,F,Autonomo,null,null,null,null,null,null,null,null,null,null,null,null,null
1470,Simone Moreira,20763.7637@email.com,35473,Sim,Sim,Sim,Mastercard,Infinite,27,Sim,65,M,Prof Liberal,5000,1470,20540200,20540-200,RJ,RIO DE JANEIRO,ANDARAI,RUA,ELIAS DIVANA,-22.85506521541272,-49.98020284736401,86a803317ffffff,88a803314bfffff
1471,Juliana Oliveira,21389.3892@email.com,4242,Sim,Nao,Sim,Mastercard,Gold,52,Sim,38,F,Autonomo,null,null,null,null,null,null,null,null,null,null,null,null,null
1472,Renata Araujo,21873.8739@email.com,56792.5,Nao,Sim,Nao,null,null,12,Sim,58,M,Aposentado,null,null,null,null,null,null,null,null,null,null,null,null,null
1473,Ana Melo,ana.3434@email.com,176500,Sim,Sim,Sim,Mastercard,Gold,0,Sim,30,M,Prof Liberal,null,null,null,null,null,null,null,null,null,null,null,null,null
1474,Fernanda Silva,22457.4576@email.com,11503,Nao,Sim,Sim,null,null,76,Sim,39,M,Prof Liberal,6000,1474,20540240,20540-240,RJ,RIO DE JANEIRO,GRAJAU,LARGO,DO VERDUN,-22.837812271884157,-50.16805548097994,86a803adfffffff,88a803adb9fffff
1475,Ana Rodrigues,ana.1528@email.com,150385.5,Nao,Sim,Sim,null,null,109,Sim,58,F,Prof Liberal,null,null,null,null,null,null,null,null,null,null,null,null,null
1476,Beatriz Barbosa,23157.1578@email.com,188327,Sim,Sim,Sim,Mastercard,Gold,136,Sim,59,M,Prof Liberal,null,null,null,null,null,null,null,null,null,null,null,null,null
1477,Camila Lima,23456.4560@email.com,185132.5,Sim,Sim,Nao,VISA,Platinum,11,Nao,86,F,Prof Liberal,null,null,null,null,null,null,null,null,null,null,null,null,null
1478,Andre Costa,24866.8668@email.com,43701,Nao,Sim,Sim,null,null,53,Sim,45,M,Funcionario Publico,null,null,null,null,null,null,null,null,null,null,null,null,null
1479,Patricia Oliveira,25185.1850@email.com,19991.5,Sim,Sim,Sim,Mastercard,DUX,54,Nao,28,F,Prof Liberal,null,null,null,null,null,null,null,null,null,null,null,null,null
1480,Helena Oliveira,26156.1566@email.com,26434.5,Sim,Sim,Nao,VISA,Infinite,27,Sim,56,M,Funcionario Publico,5000,1480,20540300,20540-300,RJ,RIO DE JANEIRO,GRAJAU,RUA,DUQUESA DE BRAGANCA,-25.108286222939544,-48.563900060620234,86a806d2fffffff,88a806d2d3fffff
1481,Bruno Gomes,26430.4303@email.com,131865,Nao,Sim,Sim,null,null,95,Nao,62,M,Estudante,null,null,null,null,null,null,null,null,null,null,null,null,null
1482,Gustavo Costa,27230.2307@email.com,171835.5,Sim,Sim,Nao,Mastercard,Gold,44,Sim,47,F,Prof Liberal,7000,1482,20540320,20540-320,RJ,RIO DE JANEIRO,GRAJAU,RUA,FARIAS BRITO,-23.831106318599296,-49.08234920910246,86a80284fffffff,88a802848bfffff
1483,Gabriela Teixeira,27472.4728@email.com,208121.5,Sim,Sim,Sim,Mastercard,Gold,2,Sim,72,M,Prof Liberal,null,null,null,null,null,null,null,null,null,null,null,null,null
1484,Carolina Rodrigues,27631.6319@email.com,204255,Sim,Sim,Sim,VISA,Connect,16,Sim,49,M,Autonomo,8000,1484,20540341,20540-341,RJ,RIO DE JANEIRO,GRAJAU,RUA,BARAO DO BOM RETIRO - DE 1663 AO FIM - LADO IMPAR,-21.93413458704828,-49.344306113020764,86a81d557ffffff,88a81d5537fffff
1485,Ana Almeida,ana.9419@email.com,83528.5,Nao,Sim,Sim,null,null,116,Sim,41,M,Prof Liberal,null,null,null,null,null,null,null,null,null,null,null,null,null
1486,Fernanda Pereira,28111.1116@email.com,149663,Nao,Sim,Nao,null,null,39,Sim,25,M,Estudante,null,null,null,null,null,null,null,null,null,null,null,null,null
1487,Ricardo Gomes,28867.8671@email.com,78810,Sim,Sim,Sim,Mastercard,Infinite,49,Sim,62,M,Prof Liberal,null,null,null,null,null,null,null,null,null,null,null,null,null
1488,Priscila Ribeiro,29297.2974@email.com,146016,Sim,Sim,Sim,Mastercard,Platinum,114,Sim,49,M,Estudante,22000,1488,20540370,20540-370,RJ,RIO DE JANEIRO,GRAJAU,RUA,NOSSA SENHORA DE LOURDES,-20.213573670732103,-45.434503555888234,86a8ab137ffffff,88a8ab136bfffff
1489,Vanessa Gomes,29947.9471@email.com,90451.5,Sim,Sim,Sim,Mastercard,Gold,1,Nao,61,M,Aposentado,null,null,null,null,null,null,null,null,null,null,null,null,null
1490,Gustavo Costa,30158.1589@email.com,12589,Sim,Sim,Sim,Mastercard,Infinite,7,Nao,51,F,Funcionario Publico,null,null,null,null,null,null,null,null,null,null,null,null,null
1491,Gustavo Costa,31404.4049@email.com,70410,Nao,Sim,Sim,null,null,80,Sim,26,M,Autonomo,4000,1491,20541005,20541-005,RJ,RIO DE JANEIRO,VILA ISABEL,RUA,MARECHAL JARDIM,-25.26079001484975,-46.5393938539387,86a8326c7ffffff,88a8326c15fffff
1492,Patricia Santos,31592.5920@email.com,20404,Sim,Sim,Nao,VISA,DUX,106,Sim,78,F,Estudante,null,null,null,null,null,null,null,null,null,null,null,null,null
1493,Larissa Souza,31594.5948@email.com,196473.5,Sim,Sim,Sim,Mastercard,Connect,116,Sim,44,M,Prof Liberal,null,null,null,null,null,null,null,null,null,null,null,null,null
1494,Tatiana Costa,32658.6582@email.com,88410,Sim,Sim,Sim,VISA,Gold,11,Nao,82,M,Funcionario Publico,18000,1494,20541030,20541-030,RJ,RIO DE JANEIRO,VILA ISABEL,RUA,DONA MARIA,-24.93282655865624,-49.80331547223737,86a8040c7ffffff,88a8040c07fffff
1495,Camila Nascimento,32671.6714@email.com,110645,Sim,Nao,Sim,Mastercard,Infinite,43,Sim,63,F,Autonomo,null,null,null,null,null,null,null,null,null,null,null,null,null
1496,Claudia Martins,32822.8227@email.com,70076,Sim,Nao,Nao,VISA,Platinum,7,Sim,67,M,Prof Liberal,null,null,null,null,null,null,null,null,null,null,null,null,null
1497,Denise Oliveira,34569.5697@email.com,130476,Nao,Sim,Sim,null,null,133,Sim,60,M,Prof Liberal,null,null,null,null,null,null,null,null,null,null,null,null,null
1498,Natalia Pereira,34954.9548@email.com,60298.5,Sim,Nao,Nao,Mastercard,Infinite,18,Sim,84,M,Funcionario Publico,null,null,null,null,null,null,null,null,null,null,null,null,null
1499,Fernanda Oliveira,35418.4188@email.com,88263,Sim,Sim,Sim,VISA,DUX,136,Sim,81,M,Aposentado,null,null,null,null,null,null,null,null,null,null,null,null,null
1500,Ana Pereira,ana.0860@email.com,112740,Nao,Sim,Sim,null,null,80,Sim,51,M,Estudante,null,null,null,null,null,null,null,null,null,null,null,null,null
1501,Gustavo Pereira,36310.3109@email.com,27889,Sim,Sim,Sim,VISA,Platinum,55,Nao,69,F,Prof Liberal,null,null,null,null,null,null,null,null,null,null,null,null,null
1502,Gabriela Carvalho,36320.3205@email.com,144348,Sim,Sim,Sim,Mastercard,Infinite,61,Sim,49,M,Prof Liberal,null,null,null,null,null,null,null,null,null,null,null,null,null
1503,Claudia Rodrigues,36328.3283@email.com,65794,Sim,Nao,Sim,VISA,Platinum,102,Sim,56,M,Prof Liberal,null,null,null,null,null,null,null,null,null,null,null,null,null
1504,Matheus Melo,36974.9741@email.com,194998,Nao,Nao,Sim,null,null,6,Sim,79,M,Funcionario Publico,null,null,null,null,null,null,null,null,null,null,null,null,null
1505,Rafael Pereira,37493.4934@email.com,159026,Sim,Nao,Nao,VISA,Gold,40,Sim,37,F,Autonomo,null,null,null,null,null,null,null,null,null,null,null,null,null
1506,Denise Almeida,37592.5922@email.com,108335,Sim,Sim,Nao,Mastercard,Platinum,19,Sim,23,M,Funcionario Publico,null,null,null,null,null,null,null,null,null,null,null,null,null
1507,Beatriz Silva,38591.5914@email.com,119321.5,Sim,Nao,Nao,Mastercard,Connect,92,Sim,66,M,Estudante,null,null,null,null,null,null,null,null,null,null,null,null,null
1508,Helena Ribeiro,40376.3768@email.com,163451,Sim,Sim,Sim,VISA,Gold,84,Sim,63,M,Autonomo,null,null,null,null,null,null,null,null,null,null,null,null,null
1509,Vanessa Moreira,40409.4090@email.com,135369,Nao,Sim,Sim,null,null,124,Sim,65,F,Prof Liberal,null,null,null,null,null,null,null,null,null,null,null,null,null
1510,Rafael Santos,40469.4697@email.com,181486,Nao,Nao,Sim,null,null,91,Sim,26,F,Prof Liberal,null,null,null,null,null,null,null,null,null,null,null,null,null
1511,Vanessa Souza,40938.9389@email.com,90749,Sim,Sim,Sim,VISA,Connect,8,Sim,38,M,Prof Liberal,null,null,null,null,null,null,null,null,null,null,null,null,null
1512,Beatriz Oliveira,41265.2655@email.com,195442.5,Sim,Sim,Sim,Mastercard,DUX,44,Sim,44,M,Estudante,11000,1512,20541210,20541-210,RJ,RIO DE JANEIRO,ANDARAI,RUA,ANDARAI,-23.271588220307056,-45.64707611830814,86a812157ffffff,88a812153dfffff
1513,Juliana Lima,41599.5990@email.com,123382,Nao,Sim,Sim,null,null,30,Sim,71,M,Funcionario Publico,null,null,null,null,null,null,null,null,null,null,null,null,null
1514,Gabriela Araujo,42186.1861@email.com,64048,Sim,Sim,Sim,VISA,Platinum,134,Nao,61,M,Autonomo,null,null,null,null,null,null,null,null,null,null,null,null,null
1515,Lucas Gomes,42324.3245@email.com,152364,Sim,Nao,Sim,VISA,Infinite,59,Sim,44,F,Estudante,null,null,null,null,null,null,null,null,null,null,null,null,null
1516,Beatriz Costa,43219.2190@email.com,79827,Nao,Sim,Sim,null,null,60,Sim,21,F,Aposentado,null,null,null,null,null,null,null,null,null,null,null,null,null
1517,Fabio Araujo,43322.3224@email.com,102449,Sim,Sim,Sim,VISA,Infinite,8,Sim,18,M,Estudante,null,null,null,null,null,null,null,null,null,null,null,null,null
1518,Claudia Oliveira,43503.5034@email.com,56994,Sim,Sim,Sim,VISA,Infinite,66,Sim,80,M,Autonomo,null,null,null,null,null,null,null,null,null,null,null,null,null
1519,Eduardo Moreira,44031.0318@email.com,96980.5,Nao,Sim,Nao,null,null,101,Sim,76,M,Autonomo,null,null,null,null,null,null,null,null,null,null,null,null,null
1520,Beatriz Melo,44086.0864@email.com,52607,Sim,Nao,Sim,Mastercard,Infinite,32,Sim,27,M,Funcionario Publico,null,null,null,null,null,null,null,null,null,null,null,null,null
1521,Renata Gomes,44498.4989@email.com,20312,Sim,Nao,Nao,VISA,DUX,113,Sim,56,M,Autonomo,null,null,null,null,null,null,null,null,null,null,null,null,null
1522,Claudia Almeida,44630.6303@email.com,165314,Sim,Sim,Nao,VISA,DUX,103,Sim,54,M,Aposentado,null,null,null,null,null,null,null,null,null,null,null,null,null
1523,Gabriela Almeida,44741.7417@email.com,110728,Sim,Sim,Sim,Mastercard,DUX,41,Sim,57,F,Autonomo,4000,1523,20541320,20541-320,RJ,RIO DE JANEIRO,ANDARAI,RUA,DIOGO,-20.079385446158696,-52.426021195339935,86a85655fffffff,88a8565595fffff
1524,Fernanda Costa,45107.1076@email.com,149483,Nao,Nao,Sim,null,null,34,Sim,80,M,Funcionario Publico,12000,1524,20541325,20541-325,RJ,RIO DE JANEIRO,ANDARAI,TRAVESSA,JOSE DINIS,-21.451368845496354,-50.85618757971371,86a80a177ffffff,88a80a171bfffff
1525,Carolina Melo,45521.5210@email.com,30298,Sim,Sim,Sim,VISA,Infinite,53,Sim,66,F,Autonomo,null,null,null,null,null,null,null,null,null,null,null,null,null
1526,Priscila Oliveira,46530.5306@email.com,47276,Sim,Sim,Sim,Mastercard,Gold,45,Sim,29,M,Funcionario Publico,null,null,null,null,null,null,null,null,null,null,null,null,null
1527,Helena Almeida,46997.9977@email.com,34491,Sim,Sim,Nao,Mastercard,Gold,22,Sim,48,M,Prof Liberal,20000,1527,20541350,20541-350,RJ,RIO DE JANEIRO,GRAJAU,RUA,CACAPAVA,-25.181314917206983,-51.78069332362497,86a82ec6fffffff,88a82ec6edfffff
1528,Carolina Ribeiro,47704.7048@email.com,51439.5,Sim,Sim,Sim,Mastercard,Infinite,140,Sim,48,F,Funcionario Publico,null,null,null,null,null,null,null,null,null,null,null,null,null
1529,Isabela Lima,48683.6833@email.com,70797,Sim,Nao,Sim,VISA,Platinum,72,Sim,64,M,Autonomo,15000,1529,20541371,20541-371,RJ,RIO DE JANEIRO,VILA ISABEL,RUA,BARAO DE SAO FRANCISCO - DE 305 AO FIM - LADO IMPAR,-23.466265843749614,-48.149715136535185,86a802487ffffff,88a8024813fffff
1530,Eduardo Gomes,49057.0577@email.com,101231,Sim,Sim,Sim,Mastercard,Infinite,113,Sim,22,M,Aposentado,null,null,null,null,null,null,null,null,null,null,null,null,null
1531,Patricia Pereira,49805.8050@email.com,98244,Sim,Sim,Sim,VISA,DUX,90,Nao,61,F,Prof Liberal,null,null,null,null,null,null,null,null,null,null,null,null,null
1532,Ana Moreira,ana.9905@email.com,63226,Sim,Nao,Sim,Mastercard,Platinum,124,Sim,35,M,Prof Liberal,null,null,null,null,null,null,null,null,null,null,null,null,null
1533,Jorge Moreira,50213.2133@email.com,63786.5,Sim,Sim,Sim,VISA,Infinite,111,Nao,30,M,Prof Liberal,null,null,null,null,null,null,null,null,null,null,null,null,null
1534,Simone Rodrigues,50492.4925@email.com,119873,Nao,Sim,Sim,null,null,52,Nao,58,M,Prof Liberal,null,null,null,null,null,null,null,null,null,null,null,null,null
1535,Beatriz Moreira,50688.6883@email.com,175948,Sim,Nao,Sim,VISA,DUX,77,Sim,53,M,Prof Liberal,null,null,null,null,null,null,null,null,null,null,null,null,null
1536,Priscila Oliveira,51285.2858@email.com,186061.5,Sim,Nao,Sim,VISA,Infinite,42,Sim,68,F,Prof Liberal,null,null,null,null,null,null,null,null,null,null,null,null,null
1537,Patricia Carvalho,51619.6192@email.com,189575,Sim,Nao,Nao,Mastercard,Gold,123,Sim,65,M,Prof Liberal,null,null,null,null,null,null,null,null,null,null,null,null,null
1538,Beatriz Lima,51656.6563@email.com,91207,Nao,Sim,Sim,null,null,37,Nao,32,M,Prof Liberal,null,null,null,null,null,null,null,null,null,null,null,null,null
1539,Fernanda Carvalho,52708.7084@email.com,50977.5,Nao,Sim,Sim,null,null,145,Sim,42,M,Prof Liberal,14000,1539,20550040,20550-040,RJ,RIO DE JANEIRO,TIJUCA,RUA,ALMIRANTE COCHRANE,-25.23745388389881,-52.8131332659187,86a82c08fffffff,88a82c0887fffff
1540,Claudia Barbosa,52763.7634@email.com,38154,Sim,Sim,Sim,Mastercard,Gold,84,Sim,56,M,Prof Liberal,null,null,null,null,null,null,null,null,null,null,null,null,null
1541,Juliana Rodrigues,53090.0906@email.com,199962,Nao,Sim,Nao,null,null,115,Sim,28,M,Funcionario Publico,3000,1541,20550060,20550-060,RJ,RIO DE JANEIRO,TIJUCA,RUA,GENERAL MARCELINO,-22.277728731245144,-50.660653410998066,86a80e08fffffff,88a80e08bbfffff
1542,Diego Ferreira,53165.1658@email.com,174355,Nao,Sim,Sim,null,null,74,Sim,55,M,Estudante,null,null,null,null,null,null,null,null,null,null,null,null,null
1543,Pedro Lima,53194.1949@email.com,22743,Nao,Sim,Nao,null,null,17,Nao,69,M,Prof Liberal,null,null,null,null,null,null,null,null,null,null,null,null,null
1544,Tatiana Moreira,53600.6002@email.com,770,Sim,Sim,Nao,VISA,Platinum,69,Sim,71,M,Prof Liberal,null,null,null,null,null,null,null,null,null,null,null,null,null
1545,Vitor Gomes,53642.6427@email.com,141783.5,Sim,Sim,Sim,VISA,Platinum,134,Sim,50,M,Autonomo,null,null,null,null,null,null,null,null,null,null,null,null,null
1546,Maria Martins,53762.7624@email.com,38701,Sim,Sim,Sim,Mastercard,Connect,142,Sim,18,M,Prof Liberal,5000,1546,20550110,20550-110,RJ,RIO DE JANEIRO,TIJUCA,RUA,FERNANDES FIGUEIRA,-24.20526860224642,-47.58132904074175,86a81518fffffff,88a81518bdfffff
1547,Larissa Pereira,53801.8011@email.com,166432.5,Sim,Sim,Sim,Mastercard,DUX,57,Sim,74,M,Autonomo,null,null,null,null,null,null,null,null,null,null,null,null,null
1548,Larissa Araujo,54594.5943@email.com,166306,Sim,Nao,Nao,Mastercard,Platinum,107,Sim,86,M,Autonomo,null,null,null,null,null,null,null,null,null,null,null,null,null
1549,Fernanda Almeida,55245.2454@email.com,19963,Sim,Nao,Sim,VISA,Infinite,64,Sim,87,M,Funcionario Publico,null,null,null,null,null,null,null,null,null,null,null,null,null
1550,Renata Ferreira,55453.4530@email.com,51832,Sim,Sim,Nao,Mastercard,Connect,97,Sim,44,M,Estudante,null,null,null,null,null,null,null,null,null,null,null,null,null
1551,Renato Lima,55797.7977@email.com,39897,Sim,Sim,Sim,VISA,Infinite,61,Sim,84,M,Funcionario Publico,null,null,null,null,null,null,null,null,null,null,null,null,null
1552,Claudia Gomes,55801.8016@email.com,78554,Sim,Sim,Sim,VISA,Platinum,59,Sim,74,M,Autonomo,null,null,null,null,null,null,null,null,null,null,null,null,null
1553,Juliana Rodrigues,56091.0917@email.com,157642,Sim,Nao,Nao,Mastercard,Platinum,28,Sim,53,M,Estudante,null,null,null,null,null,null,null,null,null,null,null,null,null
1554,Renata Santos,56925.9254@email.com,9632,Sim,Sim,Sim,Mastercard,Connect,20,Sim,65,M,Prof Liberal,null,null,null,null,null,null,null,null,null,null,null,null,null
1555,Juliana Santos,57418.4183@email.com,32122,Sim,Sim,Sim,VISA,Platinum,121,Nao,67,M,Prof Liberal,null,null,null,null,null,null,null,null,null,null,null,null,null
1556,Patricia Nascimento,58291.2918@email.com,65504,Sim,Sim,Sim,VISA,Connect,107,Sim,72,M,Autonomo,null,null,null,null,null,null,null,null,null,null,null,null,null
1557,Camila Carvalho,58514.5149@email.com,140246.5,Nao,Sim,Sim,null,null,75,Nao,28,F,Funcionario Publico,null,null,null,null,null,null,null,null,null,null,null,null,null
1558,Maria Araujo,58822.8228@email.com,172958.5,Sim,Nao,Sim,VISA,DUX,84,Sim,36,M,Estudante,null,null,null,null,null,null,null,null,null,null,null,null,null
1559,Helena Martins,59174.1745@email.com,87711,Nao,Nao,Sim,null,null,11,Sim,47,M,Autonomo,null,null,null,null,null,null,null,null,null,null,null,null,null
1560,Rafael Lima,59321.3219@email.com,153736.5,Nao,Sim,Nao,null,null,89,Sim,44,M,Funcionario Publico,null,null,null,null,null,null,null,null,null,null,null,null,null
1561,Ana Costa,ana.3326@email.com,117620,Sim,Sim,Sim,Mastercard,Connect,118,Sim,67,M,Aposentado,null,null,null,null,null,null,null,null,null,null,null,null,null
1562,Bruno Souza,59581.5811@email.com,158665,Sim,Sim,Nao,VISA,Connect,8,Sim,49,M,Autonomo,5000,1562,20551031,20551-031,RJ,RIO DE JANEIRO,VILA ISABEL,BOULEVARD,VINTE E OITO DE SETEMBRO - ATE 134 - LADO PAR,-25.27110255677067,-52.35077723131554,86a82c487ffffff,88a82c485dfffff
1563,Beatriz Melo,59765.7652@email.com,96167,Nao,Sim,Nao,null,null,52,Nao,22,F,Prof Liberal,20000,1563,20551040,20551-040,RJ,RIO DE JANEIRO,VILA ISABEL,RUA,HIPOLITO DA COSTA,-20.902372989315424,-47.366777435034386,86a81a097ffffff,88a81a0923fffff
1564,Carolina Barbosa,59783.7833@email.com,70118,Sim,Sim,Sim,VISA,Infinite,145,Sim,36,F,Prof Liberal,null,null,null,null,null,null,null,null,null,null,null,null,null
1565,Maria Oliveira,60090.0902@email.com,8555.5,Nao,Sim,Sim,null,null,127,Nao,53,M,Funcionario Publico,null,null,null,null,null,null,null,null,null,null,null,null,null
1566,Isabela Rodrigues,60153.1532@email.com,142490.5,Sim,Sim,Nao,VISA,Platinum,27,Sim,41,F,Funcionario Publico,null,null,null,null,null,null,null,null,null,null,null,null,null
1567,Diego Santos,60754.7543@email.com,195495,Sim,Sim,Sim,VISA,Gold,94,Nao,79,M,Prof Liberal,null,null,null,null,null,null,null,null,null,null,null,null,null
1568,Natalia Nascimento,61456.4568@email.com,91039,Sim,Nao,Sim,Mastercard,Connect,122,Sim,59,M,Prof Liberal,null,null,null,null,null,null,null,null,null,null,null,null,null
1569,Gustavo Moreira,61665.6650@email.com,90056,Sim,Sim,Sim,VISA,Connect,132,Sim,51,F,Aposentado,null,null,null,null,null,null,null,null,null,null,null,null,null
1570,Carolina Silva,62171.1717@email.com,36485,Sim,Sim,Sim,Mastercard,DUX,129,Sim,60,M,Prof Liberal,null,null,null,null,null,null,null,null,null,null,null,null,null
1571,Tatiana Moreira,62398.3988@email.com,51323.5,Sim,Sim,Sim,VISA,Infinite,136,Sim,20,M,Estudante,null,null,null,null,null,null,null,null,null,null,null,null,null
1572,Rafael Lima,62808.8087@email.com,133686,Nao,Sim,Nao,null,null,24,Sim,77,M,Funcionario Publico,null,null,null,null,null,null,null,null,null,null,null,null,null
1573,Vitor Oliveira,62884.8842@email.com,172935.5,Nao,Sim,Sim,null,null,107,Sim,67,M,Prof Liberal,null,null,null,null,null,null,null,null,null,null,null,null,null
1574,Priscila Silva,63351.3517@email.com,155182.5,Sim,Nao,Sim,Mastercard,Gold,118,Sim,24,F,Autonomo,null,null,null,null,null,null,null,null,null,null,null,null,null
1575,Fernanda Oliveira,63452.4528@email.com,198263,Sim,Sim,Nao,VISA,Infinite,64,Nao,36,M,Prof Liberal,null,null,null,null,null,null,null,null,null,null,null,null,null
1576,Tatiana Santos,63828.8285@email.com,123929.5,Sim,Sim,Nao,Mastercard,Platinum,28,Sim,60,M,Funcionario Publico,null,null,null,null,null,null,null,null,null,null,null,null,null
1577,Carlos Moreira,carlos.2282@email.com,63758,Nao,Sim,Nao,null,null,140,Sim,38,M,Prof Liberal,null,null,null,null,null,null,null,null,null,null,null,null,null
1578,Renata Rodrigues,65762.7628@email.com,62653,Sim,Nao,Sim,VISA,DUX,118,Sim,39,M,Autonomo,null,null,null,null,null,null,null,null,null,null,null,null,null
1579,Isabela Martins,66015.0150@email.com,137237,Sim,Sim,Sim,VISA,Platinum,88,Sim,67,M,Prof Liberal,null,null,null,null,null,null,null,null,null,null,null,null,null
1580,Patricia Almeida,66503.5036@email.com,166724,Sim,Nao,Sim,VISA,Platinum,99,Sim,38,M,Autonomo,null,null,null,null,null,null,null,null,null,null,null,null,null
1581,Tatiana Lima,66712.7124@email.com,154530,Sim,Nao,Sim,VISA,Gold,43,Nao,77,F,Funcionario Publico,null,null,null,null,null,null,null,null,null,null,null,null,null
1582,Diego Lima,66769.7692@email.com,198375,Sim,Sim,Sim,VISA,Connect,73,Nao,47,F,Autonomo,null,null,null,null,null,null,null,null,null,null,null,null,null
1583,Lucas Ribeiro,67110.1104@email.com,108284,Sim,Sim,Sim,Mastercard,Infinite,55,Sim,31,M,Prof Liberal,null,null,null,null,null,null,null,null,null,null,null,null,null
1584,Matheus Ferreira,68234.2343@email.com,71527,Nao,Nao,Nao,null,null,15,Sim,34,F,Aposentado,null,null,null,null,null,null,null,null,null,null,null,null,null
1585,Beatriz Nascimento,68404.4044@email.com,187197,Sim,Sim,Sim,Mastercard,Infinite,26,Sim,45,M,Prof Liberal,null,null,null,null,null,null,null,null,null,null,null,null,null
1586,Camila Pereira,69303.3037@email.com,7585,Sim,Sim,Sim,VISA,Connect,53,Sim,87,M,Autonomo,null,null,null,null,null,null,null,null,null,null,null,null,null
1587,Gabriela Melo,69513.5130@email.com,80344.5,Sim,Sim,Sim,Mastercard,Infinite,94,Sim,77,M,Prof Liberal,null,null,null,null,null,null,null,null,null,null,null,null,null
1588,Maria Costa,70910.9102@email.com,34601,Nao,Sim,Nao,null,null,95,Sim,61,F,Prof Liberal,null,null,null,null,null,null,null,null,null,null,null,null,null
1589,Camila Ribeiro,71025.0257@email.com,113080.5,Sim,Sim,Sim,VISA,DUX,84,Sim,82,M,Funcionario Publico,null,null,null,null,null,null,null,null,null,null,null,null,null
1590,Simone Almeida,71131.1319@email.com,197413,Sim,Sim,Sim,VISA,Platinum,52,Sim,76,M,Estudante,null,null,null,null,null,null,null,null,null,null,null,null,null
1591,Bruno Costa,71153.1536@email.com,12691.5,Sim,Sim,Nao,VISA,Gold,130,Sim,29,M,Prof Liberal,null,null,null,null,null,null,null,null,null,null,null,null,null
1592,Maria Pereira,71750.7507@email.com,20521,Sim,Sim,Sim,Mastercard,DUX,148,Sim,78,M,Funcionario Publico,null,null,null,null,null,null,null,null,null,null,null,null,null
1593,Tatiana Lima,71826.8260@email.com,116455,Nao,Nao,Sim,null,null,38,Sim,65,M,Funcionario Publico,null,null,null,null,null,null,null,null,null,null,null,null,null
1594,Pedro Melo,72454.4540@email.com,4363,Sim,Nao,Sim,VISA,Infinite,106,Sim,22,M,Prof Liberal,null,null,null,null,null,null,null,null,null,null,null,null,null
1595,Carolina Gomes,72888.8889@email.com,92970,Sim,Sim,Sim,VISA,DUX,103,Sim,34,F,Prof Liberal,null,null,null,null,null,null,null,null,null,null,null,null,null
1596,Natalia Silva,72902.9025@email.com,127785,Sim,Nao,Nao,Mastercard,Connect,113,Sim,51,M,Prof Liberal,null,null,null,null,null,null,null,null,null,null,null,null,null
1597,Tatiana Santos,73142.1420@email.com,198310,Nao,Sim,Nao,null,null,119,Sim,31,M,Funcionario Publico,21000,1597,20551380,20551-380,RJ,RIO DE JANEIRO,VILA ISABEL,TRAVESSA,CAMINHO DO ALTO,-23.751020086014638,-50.88525188805788,86a8018afffffff,88a8018a95fffff
1598,Larissa Rodrigues,73198.1984@email.com,101049,Nao,Sim,Sim,null,null,62,Sim,28,F,Autonomo,null,null,null,null,null,null,null,null,null,null,null,null,null
1599,Natalia Ribeiro,73635.6354@email.com,9379,Sim,Sim,Nao,VISA,Platinum,120,Sim,77,M,Prof Liberal,null,null,null,null,null,null,null,null,null,null,null,null,null
1600,Denise Ferreira,74621.6213@email.com,128508.5,Nao,Sim,Sim,null,null,37,Nao,42,M,Autonomo,11000,1600,20551410,20551-410,RJ,RIO DE JANEIRO,VILA ISABEL,RUA,DEVALDO DE SOUZA VIEIRA,-22.965755474712548,-51.4944347661647,86a80ccdfffffff,88a80ccdb9fffff
1601,Patricia Ferreira,74646.6466@email.com,32333,Sim,Sim,Nao,VISA,Platinum,32,Sim,43,M,Autonomo,null,null,null,null,null,null,null,null,null,null,null,null,null
1602,Tatiana Silva,74832.8328@email.com,18770,Nao,Sim,Sim,null,null,68,Sim,54,M,Autonomo,null,null,null,null,null,null,null,null,null,null,null,null,null
1603,Tatiana Almeida,74941.9418@email.com,117990,Nao,Sim,Sim,null,null,48,Sim,36,M,Prof Liberal,null,null,null,null,null,null,null,null,null,null,null,null,null
1604,Carolina Teixeira,75217.2174@email.com,101766,Sim,Sim,Sim,VISA,DUX,81,Sim,20,F,Autonomo,null,null,null,null,null,null,null,null,null,null,null,null,null
1605,Maria Teixeira,75577.5774@email.com,139832,Nao,Nao,Sim,null,null,121,Sim,59,M,Prof Liberal,null,null,null,null,null,null,null,null,null,null,null,null,null
1606,Larissa Araujo,75760.7600@email.com,186846,Sim,Sim,Sim,Mastercard,Platinum,149,Sim,23,F,Prof Liberal,null,null,null,null,null,null,null,null,null,null,null,null,null
1607,Andre Ribeiro,76335.3350@email.com,26041,Sim,Sim,Sim,VISA,DUX,77,Sim,28,F,Aposentado,null,null,null,null,null,null,null,null,null,null,null,null,null
1608,Matheus Araujo,77037.0379@email.com,149098,Sim,Sim,Sim,Mastercard,Connect,72,Sim,48,M,Funcionario Publico,null,null,null,null,null,null,null,null,null,null,null,null,null
1609,Simone Pereira,77063.0633@email.com,117433,Sim,Nao,Sim,Mastercard,DUX,77,Sim,29,M,Funcionario Publico,null,null,null,null,null,null,null,null,null,null,null,null,null
1610,Diego Souza,77184.1845@email.com,6115,Nao,Nao,Sim,null,null,59,Nao,53,M,Estudante,null,null,null,null,null,null,null,null,null,null,null,null,null
1611,Simone Araujo,77236.2366@email.com,19533,Sim,Sim,Sim,VISA,Infinite,119,Sim,28,M,Prof Liberal,null,null,null,null,null,null,null,null,null,null,null,null,null
1612,Matheus Nascimento,77271.2712@email.com,69338,Sim,Nao,Sim,Mastercard,Platinum,82,Sim,50,M,Estudante,null,null,null,null,null,null,null,null,null,null,null,null,null
1613,Vitor Costa,77584.5843@email.com,103036,Nao,Nao,Sim,null,null,147,Sim,37,M,Aposentado,null,null,null,null,null,null,null,null,null,null,null,null,null
1614,Andre Barbosa,77624.6243@email.com,113501,Sim,Nao,Nao,Mastercard,Infinite,103,Sim,30,M,Funcionario Publico,null,null,null,null,null,null,null,null,null,null,null,null,null
1615,Larissa Melo,77879.8795@email.com,61186,Nao,Sim,Sim,null,null,117,Sim,66,M,Estudante,null,null,null,null,null,null,null,null,null,null,null,null,null
1616,Matheus Araujo,77896.8966@email.com,113318,Sim,Sim,Sim,VISA,Gold,51,Sim,21,M,Aposentado,null,null,null,null,null,null,null,null,null,null,null,null,null
1617,Ana Melo,ana.3055@email.com,83462.5,Nao,Nao,Sim,null,null,35,Sim,33,F,Funcionario Publico,null,null,null,null,null,null,null,null,null,null,null,null,null
1618,Simone Nascimento,78380.3800@email.com,180333,Sim,Sim,Nao,Mastercard,Connect,37,Sim,44,M,Aposentado,11000,1618,20551590,20551-590,RJ,RIO DE JANEIRO,VILA ISABEL,RUA,OSVALDO SAMPAIO,-20.229923688028382,-46.6391161827258,86a8a9397ffffff,88a8a93917fffff
1619,Leonardo Araujo,78435.4351@email.com,122359,Sim,Nao,Nao,Mastercard,Infinite,61,Sim,45,M,Prof Liberal,null,null,null,null,null,null,null,null,null,null,null,null,null
1620,Isabela Silva,78906.9060@email.com,90130,Sim,Sim,Nao,Mastercard,Connect,27,Sim,70,M,Prof Liberal,null,null,null,null,null,null,null,null,null,null,null,null,null
1621,Rafael Costa,81463.4634@email.com,53566.5,Nao,Sim,Sim,null,null,34,Sim,81,F,Funcionario Publico,null,null,null,null,null,null,null,null,null,null,null,null,null
1622,Simone Teixeira,81519.5194@email.com,75993,Sim,Sim,Sim,Mastercard,DUX,69,Sim,51,M,Funcionario Publico,null,null,null,null,null,null,null,null,null,null,null,null,null
1623,Maria Souza,81919.9194@email.com,143861,Nao,Nao,Sim,null,null,147,Sim,82,F,Prof Liberal,null,null,null,null,null,null,null,null,null,null,null,null,null
1624,Larissa Teixeira,82546.5464@email.com,49964.5,Sim,Sim,Sim,VISA,DUX,10,Sim,55,F,Estudante,20000,1624,20551650,20551-650,RJ,RIO DE JANEIRO,VILA ISABEL,RUA,PRESIDENTE AURINO GOMES DA SILVA,-24.64597017438325,-45.84476651118718,86a81682fffffff,88a8168299fffff
1625,Vitor Ferreira,82625.6258@email.com,141741,Sim,Sim,Sim,VISA,Gold,81,Sim,31,M,Aposentado,null,null,null,null,null,null,null,null,null,null,null,null,null
1626,Ana Silva,ana.1895@email.com,175732,Sim,Sim,Sim,Mastercard,Connect,125,Sim,28,F,Prof Liberal,null,null,null,null,null,null,null,null,null,null,null,null,null
1627,Carolina Souza,84696.6961@email.com,109595.5,Nao,Nao,Nao,null,null,105,Sim,63,M,Funcionario Publico,null,null,null,null,null,null,null,null,null,null,null,null,null
1628,Juliana Costa,84871.8717@email.com,142774,Sim,Sim,Sim,VISA,Connect,91,Sim,26,F,Funcionario Publico,null,null,null,null,null,null,null,null,null,null,null,null,null
1629,Beatriz Santos,85706.7062@email.com,58907,Sim,Sim,Sim,VISA,Connect,8,Sim,40,M,Prof Liberal,14000,1629,20551700,20551-700,RJ,RIO DE JANEIRO,VILA ISABEL,RUA,DA VILA,-23.335463364783667,-50.11577705980503,86a801497ffffff,88a8014921fffff
1630,Camila Ferreira,85859.8598@email.com,70445,Nao,Sim,Sim,null,null,148,Sim,77,M,Autonomo,null,null,null,null,null,null,null,null,null,null,null,null,null
1631,Thiago Costa,86022.0226@email.com,5748,Nao,Nao,Sim,null,null,79,Sim,72,M,Aposentado,null,null,null,null,null,null,null,null,null,null,null,null,null
1632,Beatriz Araujo,86028.0289@email.com,181987,Sim,Sim,Sim,VISA,Infinite,123,Sim,28,M,Autonomo,null,null,null,null,null,null,null,null,null,null,null,null,null
1633,Bruno Araujo,86120.1205@email.com,13653,Sim,Nao,Sim,Mastercard,DUX,3,Nao,27,M,Funcionario Publico,null,null,null,null,null,null,null,null,null,null,null,null,null
1634,Lucas Costa,86551.5512@email.com,196324,Sim,Nao,Sim,Mastercard,Gold,93,Sim,62,M,Prof Liberal,17000,1634,20560020,20560-020,RJ,RIO DE JANEIRO,VILA ISABEL,PRACA,BARAO DE DRUMOND,-21.926276700867817,-51.75739109041595,86a80811fffffff,88a80811cbfffff
1635,Isabela Martins,86887.8871@email.com,14397,Sim,Sim,Sim,Mastercard,Gold,82,Sim,73,M,Autonomo,null,null,null,null,null,null,null,null,null,null,null,null,null
1636,Patricia Teixeira,87353.3530@email.com,105884,Sim,Sim,Sim,Mastercard,Infinite,109,Sim,78,M,Autonomo,null,null,null,null,null,null,null,null,null,null,null,null,null
1637,Helena Costa,87375.3750@email.com,70819,Sim,Sim,Sim,VISA,DUX,81,Sim,81,F,Funcionario Publico,14000,1637,20560050,20560-050,RJ,RIO DE JANEIRO,VILA ISABEL,RUA,MENDES TAVARES,-23.669430631448005,-45.39149942707241,86a812d77ffffff,88a812d743fffff
1638,Fabio Ferreira,87674.6745@email.com,125905.5,Sim,Sim,Sim,Mastercard,DUX,16,Sim,31,M,Funcionario Publico,15000,1638,20560070,20560-070,RJ,RIO DE JANEIRO,VILA ISABEL,RUA,VIANA DRUMOND,-21.575121114710615,-50.98057386913024,86a80a85fffffff,88a80a85a9fffff
1639,Samuel Carvalho,88167.1675@email.com,110714,Sim,Sim,Sim,Mastercard,DUX,133,Sim,59,M,Prof Liberal,17000,1639,20560080,20560-080,RJ,RIO DE JANEIRO,VILA ISABEL,RUA,BARAO DE COTEGIPE - DE 1 AO FIM - LADO IMPAR,-23.011849398555952,-47.2125511678923,86a81141fffffff,88a8114191fffff
1640,Renata Martins,88167.1677@email.com,92305.5,Sim,Sim,Nao,VISA,Connect,116,Sim,84,M,Funcionario Publico,null,null,null,null,null,null,null,null,null,null,null,null,null
1641,Maria Martins,89182.1821@email.com,149126.5,Sim,Nao,Nao,VISA,Platinum,70,Sim,23,F,Autonomo,null,null,null,null,null,null,null,null,null,null,null,null,null
1642,Fernanda Gomes,89323.3230@email.com,151083,Nao,Sim,Sim,null,null,93,Sim,35,M,Funcionario Publico,null,null,null,null,null,null,null,null,null,null,null,null,null
1643,Diego Oliveira,90773.7737@email.com,42928.5,Nao,Nao,Nao,null,null,10,Sim,49,M,Estudante,22000,1643,20560120,20560-120,RJ,RIO DE JANEIRO,VILA ISABEL,RUA,VISCONDE DE SANTA ISABEL - ATE 275/276,-24.746660581900755,-52.56268728391402,86a828d1fffffff,88a828d1e7fffff
1644,Patricia Pereira,90830.8309@email.com,168582.5,Nao,Sim,Sim,null,null,18,Sim,21,M,Estudante,null,null,null,null,null,null,null,null,null,null,null,null,null
1645,Ana Gomes,ana.1175@email.com,68301.5,Nao,Sim,Nao,null,null,32,Sim,78,M,Estudante,null,null,null,null,null,null,null,null,null,null,null,null,null
1646,Ana Oliveira,ana.5059@email.com,162540,Nao,Nao,Sim,null,null,40,Sim,75,M,Funcionario Publico,null,null,null,null,null,null,null,null,null,null,null,null,null
1647,Tatiana Gomes,91657.6577@email.com,125030,Sim,Sim,Sim,Mastercard,DUX,97,Sim,73,M,Prof Liberal,null,null,null,null,null,null,null,null,null,null,null,null,null
1648,Denise Moreira,92428.4288@email.com,30095,Sim,Nao,Sim,Mastercard,DUX,84,Sim,68,M,Autonomo,null,null,null,null,null,null,null,null,null,null,null,null,null
1649,Camila Lima,92854.8543@email.com,139506,Nao,Sim,Nao,null,null,100,Sim,52,M,Funcionario Publico,null,null,null,null,null,null,null,null,null,null,null,null,null
1650,Juliana Nascimento,92926.9264@email.com,142102,Sim,Sim,Sim,VISA,Connect,53,Sim,44,M,Funcionario Publico,17000,1650,20560170,20560-170,RJ,RIO DE JANEIRO,GRAJAU,PRACA,DEMOCRITO LINHARES,-19.90177155984469,-49.524641146967205,86a8e61afffffff,88a8e61ae5fffff
1651,Vanessa Araujo,93051.0516@email.com,34822,Sim,Nao,Sim,Mastercard,Gold,13,Sim,37,M,Prof Liberal,null,null,null,null,null,null,null,null,null,null,null,null,null
1652,Bruno Barbosa,93452.4528@email.com,178285,Sim,Sim,Sim,VISA,DUX,35,Sim,36,M,Autonomo,null,null,null,null,null,null,null,null,null,null,null,null,null
1653,Carolina Rodrigues,93541.5414@email.com,3738,Nao,Sim,Sim,null,null,97,Sim,47,M,Aposentado,null,null,null,null,null,null,null,null,null,null,null,null,null
1654,Simone Pereira,93742.7421@email.com,113427,Sim,Sim,Sim,VISA,Infinite,80,Nao,25,F,Autonomo,null,null,null,null,null,null,null,null,null,null,null,null,null
1655,Renata Rodrigues,93852.8525@email.com,185548.5,Nao,Nao,Sim,null,null,55,Nao,20,M,Autonomo,null,null,null,null,null,null,null,null,null,null,null,null,null
1656,Jorge Carvalho,94590.5904@email.com,168394.5,Sim,Sim,Nao,Mastercard,Platinum,129,Nao,54,M,Aposentado,null,null,null,null,null,null,null,null,null,null,null,null,null
1657,Helena Moreira,94795.7958@email.com,140671,Nao,Sim,Sim,null,null,82,Sim,77,F,Autonomo,null,null,null,null,null,null,null,null,null,null,null,null,null
1658,Vanessa Melo,94815.8159@email.com,113687.5,Nao,Sim,Nao,null,null,118,Sim,77,M,Aposentado,null,null,null,null,null,null,null,null,null,null,null,null,null
1659,Ana Melo,ana.1865@email.com,49250,Sim,Sim,Sim,VISA,DUX,67,Sim,46,M,Prof Liberal,null,null,null,null,null,null,null,null,null,null,null,null,null
1660,Claudia Pereira,95616.6168@email.com,14179.5,Nao,Sim,Nao,null,null,140,Sim,27,M,Funcionario Publico,null,null,null,null,null,null,null,null,null,null,null,null,null
1661,Larissa Souza,95624.6242@email.com,10359,Nao,Sim,Nao,null,null,123,Sim,81,F,Prof Liberal,13000,1661,20561040,20561-040,RJ,RIO DE JANEIRO,GRAJAU,PRACA,MALVINO REIS,-23.559573396112746,-49.30076878623148,86a802a47ffffff,88a802a429fffff
1662,Carlos Teixeira,carlos.8381@email.com,176180,Nao,Sim,Sim,null,null,146,Nao,19,M,Autonomo,null,null,null,null,null,null,null,null,null,null,null,null,null
1663,Maria Moreira,96074.0740@email.com,156799,Sim,Sim,Sim,VISA,Gold,96,Sim,35,M,Funcionario Publico,null,null,null,null,null,null,null,null,null,null,null,null,null
1664,Carolina Costa,96281.2815@email.com,134173.5,Sim,Sim,Sim,Mastercard,Gold,49,Sim,58,M,Autonomo,null,null,null,null,null,null,null,null,null,null,null,null,null
1665,Carlos Gomes,carlos.0530@email.com,28080,Sim,Nao,Sim,VISA,DUX,45,Sim,49,M,Funcionario Publico,null,null,null,null,null,null,null,null,null,null,null,null,null
1666,Priscila Gomes,98149.1497@email.com,80996,Sim,Sim,Sim,Mastercard,DUX,55,Sim,18,M,Funcionario Publico,null,null,null,null,null,null,null,null,null,null,null,null,null
1667,Simone Souza,98691.6912@email.com,101313,Nao,Sim,Sim,null,null,104,Sim,30,M,Prof Liberal,null,null,null,null,null,null,null,null,null,null,null,null,null
1668,Vitor Gomes,98753.7535@email.com,10796,Nao,Sim,Sim,null,null,93,Sim,45,M,Autonomo,null,null,null,null,null,null,null,null,null,null,null,null,null
1669,Larissa Santos,99117.1172@email.com,9726,Sim,Sim,Sim,Mastercard,Platinum,29,Sim,25,M,Funcionario Publico,null,null,null,null,null,null,null,null,null,null,null,null,null
1670,Diego Melo,10389.3896@email.com,10875,Sim,Sim,Sim,VISA,Platinum,20,Sim,29,M,Funcionario Publico,null,null,null,null,null,null,null,null,null,null,null,null,null
1671,Fernanda Ribeiro,11854.8546@email.com,168983,Nao,Sim,Sim,null,null,71,Sim,78,M,Prof Liberal,9000,1671,20561140,20561-140,RJ,RIO DE JANEIRO,GRAJAU,RUA,GRAJAU - ATE 106 - LADO PAR,-25.269819606543447,-47.88442973520394,86a833147ffffff,88a8331439fffff
1672,Tatiana Santos,13115.1155@email.com,105930,Sim,Sim,Sim,Mastercard,DUX,11,Sim,60,M,Prof Liberal,7000,1672,20561150,20561-150,RJ,RIO DE JANEIRO,GRAJAU,RUA,ALFREDO MAGIOLI,-20.40643104655274,-48.92770832947208,86a81ba87ffffff,88a81ba84bfffff
1673,Juliana Costa,13321.3215@email.com,71862,Sim,Sim,Sim,Mastercard,Connect,120,Sim,51,M,Prof Liberal,null,null,null,null,null,null,null,null,null,null,null,null,null
1674,Ricardo Rodrigues,13339.3396@email.com,24670,Sim,Nao,Sim,VISA,Platinum,55,Sim,38,M,Estudante,null,null,null,null,null,null,null,null,null,null,null,null,null
1675,Thiago Oliveira,13701.7015@email.com,24233.5,Sim,Sim,Sim,VISA,Infinite,90,Sim,51,M,Funcionario Publico,2000,1675,20561180,20561-180,RJ,RIO DE JANEIRO,GRAJAU,RUA,PROFESSORA JUREMA MACHADO,-22.816356283826412,-46.324878827663404,86a813cc7ffffff,88a813cc1dfffff
1676,Tatiana Araujo,13828.8289@email.com,67433.5,Nao,Sim,Sim,null,null,77,Sim,59,F,Funcionario Publico,null,null,null,null,null,null,null,null,null,null,null,null,null
1677,Gabriela Nascimento,14539.5399@email.com,94808,Sim,Sim,Sim,Mastercard,Connect,32,Sim,20,M,Estudante,null,null,null,null,null,null,null,null,null,null,null,null,null
1678,Fernanda Moreira,15789.7894@email.com,211615.5,Sim,Sim,Sim,VISA,DUX,33,Sim,40,M,Prof Liberal,null,null,null,null,null,null,null,null,null,null,null,null,null
1679,Renata Araujo,16469.4692@email.com,195292,Sim,Nao,Sim,Mastercard,Platinum,113,Nao,86,M,Prof Liberal,null,null,null,null,null,null,null,null,null,null,null,null,null
1680,Fernanda Silva,16815.8159@email.com,109595,Nao,Sim,Sim,null,null,135,Sim,39,M,Aposentado,null,null,null,null,null,null,null,null,null,null,null,null,null
1681,Carolina Santos,17430.4301@email.com,50539.5,Sim,Nao,Nao,VISA,Gold,76,Sim,83,F,Prof Liberal,1000,1681,20561240,20561-240,RJ,RIO DE JANEIRO,GRAJAU,RUA,UBERABA,-20.568066445156354,-51.247696132958104,86a80b4f7ffffff,88a80b4f3bfffff
1682,Juliana Ferreira,17792.7924@email.com,173701.5,Nao,Nao,Nao,null,null,61,Sim,86,M,Autonomo,null,null,null,null,null,null,null,null,null,null,null,null,null
1683,Rafael Carvalho,19314.3149@email.com,9826,Nao,Sim,Sim,null,null,38,Sim,71,M,Estudante,null,null,null,null,null,null,null,null,null,null,null,null,null
1684,Priscila Ferreira,20439.4398@email.com,34779.5,Sim,Sim,Nao,Mastercard,Platinum,38,Sim,34,M,Estudante,null,null,null,null,null,null,null,null,null,null,null,null,null
1685,Fernando Costa,20836.8368@email.com,57762,Sim,Nao,Sim,VISA,Platinum,118,Sim,42,M,Funcionario Publico,null,null,null,null,null,null,null,null,null,null,null,null,null
1686,Samuel Pereira,21088.0885@email.com,123954,Nao,Sim,Sim,null,null,77,Sim,73,F,Prof Liberal,null,null,null,null,null,null,null,null,null,null,null,null,null
1687,Carolina Nascimento,21234.2349@email.com,44578,Sim,Nao,Sim,VISA,DUX,54,Sim,66,M,Prof Liberal,null,null,null,null,null,null,null,null,null,null,null,null,null
1688,Andre Oliveira,21620.6202@email.com,81589,Sim,Nao,Nao,Mastercard,DUX,33,Sim,27,M,Prof Liberal,null,null,null,null,null,null,null,null,null,null,null,null,null
1689,Claudia Rodrigues,21691.6919@email.com,46114,Nao,Sim,Nao,null,null,91,Nao,48,M,Autonomo,null,null,null,null,null,null,null,null,null,null,null,null,null
1690,Maria Nascimento,21970.9708@email.com,129701,Nao,Sim,Sim,null,null,43,Nao,81,M,Funcionario Publico,null,null,null,null,null,null,null,null,null,null,null,null,null
1691,Renata Moreira,22232.2328@email.com,156859,Nao,Sim,Nao,null,null,45,Sim,69,M,Funcionario Publico,null,null,null,null,null,null,null,null,null,null,null,null,null
1692,Patricia Lima,22507.5076@email.com,18164,Sim,Sim,Sim,Mastercard,Platinum,101,Sim,27,M,Estudante,22000,1692,20710040,20710-040,RJ,RIO DE JANEIRO,MEIER,TRAVESSA,PROPRIA,-22.896884367427067,-47.960440547851825,86a81131fffffff,88a8113193fffff
1693,Patricia Pereira,23315.3153@email.com,68544,Nao,Sim,Sim,null,null,61,Sim,23,F,Funcionario Publico,null,null,null,null,null,null,null,null,null,null,null,null,null
1694,Renato Gomes,23399.3998@email.com,124458,Sim,Nao,Sim,VISA,Platinum,95,Sim,30,M,Prof Liberal,null,null,null,null,null,null,null,null,null,null,null,null,null
1695,Beatriz Santos,23494.4944@email.com,117567,Nao,Sim,Nao,null,null,111,Nao,44,M,Autonomo,null,null,null,null,null,null,null,null,null,null,null,null,null
1696,Diego Santos,24245.2454@email.com,46144,Sim,Sim,Sim,Mastercard,Infinite,1,Nao,40,M,Aposentado,null,null,null,null,null,null,null,null,null,null,null,null,null
1697,Larissa Araujo,24268.2686@email.com,100086,Sim,Sim,Sim,Mastercard,DUX,33,Sim,81,F,Autonomo,null,null,null,null,null,null,null,null,null,null,null,null,null
1698,Vanessa Carvalho,24611.6111@email.com,89609,Nao,Sim,Sim,null,null,132,Sim,78,F,Prof Liberal,12000,1698,20710100,20710-100,RJ,RIO DE JANEIRO,MEIER,RUA,IBIQUERA,-22.831359499216404,-45.60651351541539,86a812667ffffff,88a8126653fffff
1699,Isabela Rodrigues,25086.0868@email.com,170677,Sim,Sim,Nao,VISA,Connect,79,Sim,63,F,Autonomo,null,null,null,null,null,null,null,null,null,null,null,null,null
1700,Priscila Carvalho,26892.8925@email.com,204237,Sim,Sim,Sim,Mastercard,DUX,144,Sim,24,F,Prof Liberal,null,null,null,null,null,null,null,null,null,null,null,null,null
1701,Jorge Martins,28479.4794@email.com,116073.5,Sim,Sim,Sim,VISA,Connect,71,Sim,30,M,Funcionario Publico,null,null,null,null,null,null,null,null,null,null,null,null,null
1702,Natalia Carvalho,28978.9781@email.com,87184.5,Sim,Nao,Sim,VISA,Gold,35,Sim,63,M,Funcionario Publico,null,null,null,null,null,null,null,null,null,null,null,null,null
1703,Simone Silva,29130.1304@email.com,24973,Sim,Nao,Nao,Mastercard,Gold,67,Sim,39,M,Prof Liberal,null,null,null,null,null,null,null,null,null,null,null,null,null
1704,Renata Pereira,30031.0317@email.com,91362.5,Sim,Nao,Sim,Mastercard,Connect,45,Sim,56,M,Aposentado,null,null,null,null,null,null,null,null,null,null,null,null,null
1705,Denise Ribeiro,30180.1802@email.com,24575,Sim,Sim,Sim,Mastercard,Platinum,133,Sim,64,M,Prof Liberal,null,null,null,null,null,null,null,null,null,null,null,null,null
1706,Ricardo Lima,30446.4462@email.com,93570,Nao,Nao,Sim,null,null,102,Sim,31,F,Prof Liberal,21000,1706,20710180,20710-180,RJ,RIO DE JANEIRO,ENGENHO NOVO,RUA,CAIAPO,-20.01321107832885,-50.9804270524643,86a8e4227ffffff,88a8e4226bfffff
1707,Isabela Lima,31131.1315@email.com,33337,Sim,Sim,Sim,Mastercard,Infinite,76,Sim,47,M,Prof Liberal,null,null,null,null,null,null,null,null,null,null,null,null,null
1708,Natalia Costa,31631.6315@email.com,106419,Nao,Sim,Sim,null,null,102,Nao,61,F,Prof Liberal,null,null,null,null,null,null,null,null,null,null,null,null,null
1709,Ana Teixeira,ana.3146@email.com,9740,Nao,Sim,Sim,null,null,99,Sim,30,M,Prof Liberal,null,null,null,null,null,null,null,null,null,null,null,null,null
1710,Helena Souza,32424.4248@email.com,75331,Sim,Sim,Sim,VISA,Infinite,46,Sim,19,M,Autonomo,5000,1710,20710220,20710-220,RJ,RIO DE JANEIRO,ENGENHO NOVO,RUA,PARAITINGA,-21.184313853703614,-46.705973985009095,86a8ad287ffffff,88a8ad2807fffff
1711,Andre Costa,32535.5350@email.com,193081,Sim,Nao,Sim,VISA,Connect,35,Sim,41,F,Prof Liberal,null,null,null,null,null,null,null,null,null,null,null,null,null
1712,Fernanda Teixeira,32547.5473@email.com,71483,Sim,Sim,Sim,Mastercard,Platinum,36,Sim,30,M,Autonomo,null,null,null,null,null,null,null,null,null,null,null,null,null
1713,Thiago Pereira,32587.5878@email.com,182548,Sim,Sim,Sim,Mastercard,Gold,45,Nao,69,F,Autonomo,7000,1713,20710260,20710-260,RJ,RIO DE JANEIRO,ENGENHO NOVO,RUA,MARIA ANTONIA,-24.205717071817766,-47.58962355102783,86a81518fffffff,88a81518b9fffff
1714,Jorge Carvalho,32601.6018@email.com,33673,Sim,Sim,Sim,Mastercard,Connect,43,Sim,63,M,Prof Liberal,null,null,null,null,null,null,null,null,null,null,null,null,null
1715,Ricardo Rodrigues,32823.8237@email.com,20690,Sim,Sim,Sim,VISA,Platinum,40,Sim,18,M,Funcionario Publico,null,null,null,null,null,null,null,null,null,null,null,null,null
1716,Renata Lima,34322.3221@email.com,108370.5,Nao,Nao,Nao,null,null,105,Sim,68,M,Prof Liberal,2000,1716,20710290,20710-290,RJ,RIO DE JANEIRO,ENGENHO NOVO,RUA,VERNA MAGALHAES,-21.233684560545804,-51.23181314021435,86a80aaefffffff,88a80aae95fffff
1717,Ana Ribeiro,ana.3471@email.com,159700,Sim,Sim,Sim,Mastercard,Gold,27,Sim,32,F,Funcionario Publico,null,null,null,null,null,null,null,null,null,null,null,null,null
1718,Andre Carvalho,34867.8672@email.com,81621,Nao,Sim,Sim,null,null,6,Sim,45,M,Aposentado,null,null,null,null,null,null,null,null,null,null,null,null,null
1719,Vanessa Silva,35199.1994@email.com,152489,Nao,Nao,Nao,null,null,20,Sim,19,F,Autonomo,null,null,null,null,null,null,null,null,null,null,null,null,null
1720,Carolina Ribeiro,35653.6538@email.com,119881.5,Sim,Nao,Sim,Mastercard,Infinite,95,Nao,44,M,Prof Liberal,null,null,null,null,null,null,null,null,null,null,null,null,null
1721,Rafael Moreira,36201.2012@email.com,126006,Nao,Sim,Nao,null,null,15,Sim,45,M,Aposentado,null,null,null,null,null,null,null,null,null,null,null,null,null
1722,Claudia Gomes,36338.3380@email.com,36574,Sim,Sim,Sim,Mastercard,Gold,87,Sim,54,M,Prof Liberal,null,null,null,null,null,null,null,null,null,null,null,null,null
1723,Matheus Costa,36418.4183@email.com,19258,Nao,Sim,Nao,null,null,145,Nao,83,F,Autonomo,null,null,null,null,null,null,null,null,null,null,null,null,null
1724,Natalia Santos,37407.4072@email.com,154619,Sim,Nao,Sim,Mastercard,Connect,66,Sim,39,M,Prof Liberal,null,null,null,null,null,null,null,null,null,null,null,null,null
1725,Eduardo Martins,37843.8433@email.com,196838.5,Sim,Nao,Sim,Mastercard,DUX,22,Sim,69,M,Aposentado,null,null,null,null,null,null,null,null,null,null,null,null,null
1726,Simone Ferreira,38158.1580@email.com,50568,Sim,Nao,Sim,VISA,Connect,110,Sim,73,M,Prof Liberal,null,null,null,null,null,null,null,null,null,null,null,null,null
1727,Simone Silva,38209.2093@email.com,63454.5,Sim,Nao,Sim,VISA,Platinum,141,Sim,54,M,Prof Liberal,10000,1727,20715003,20715-003,RJ,RIO DE JANEIRO,ENGENHO NOVO,RUA,BARAO DO BOM RETIRO - ATE 982 - LADO PAR,-22.300231504488572,-50.737732500950536,86a80e0f7ffffff,88a80e0f19fffff
1728,Leonardo Santos,38540.5405@email.com,138027.5,Nao,Sim,Sim,null,null,127,Sim,68,M,Aposentado,null,null,null,null,null,null,null,null,null,null,null,null,null
1729,Fernando Carvalho,38865.8654@email.com,104358.5,Nao,Sim,Sim,null,null,116,Sim,40,F,Funcionario Publico,null,null,null,null,null,null,null,null,null,null,null,null,null
1730,Pedro Araujo,39102.1023@email.com,147593,Sim,Sim,Sim,VISA,Gold,57,Sim,58,M,Prof Liberal,null,null,null,null,null,null,null,null,null,null,null,null,null
1731,Helena Araujo,39625.6251@email.com,108091,Nao,Sim,Sim,null,null,105,Sim,49,M,Autonomo,null,null,null,null,null,null,null,null,null,null,null,null,null
1732,Patricia Melo,40296.2969@email.com,76749.5,Sim,Nao,Sim,VISA,DUX,86,Sim,62,M,Prof Liberal,null,null,null,null,null,null,null,null,null,null,null,null,null
1733,Natalia Santos,40574.5745@email.com,159778.5,Sim,Sim,Sim,Mastercard,Gold,40,Nao,48,M,Funcionario Publico,null,null,null,null,null,null,null,null,null,null,null,null,null
1734,Samuel Melo,40885.8851@email.com,90394,Nao,Nao,Sim,null,null,72,Nao,25,M,Prof Liberal,null,null,null,null,null,null,null,null,null,null,null,null,null
1735,Camila Rodrigues,41183.1836@email.com,34187,Sim,Sim,Sim,Mastercard,Gold,104,Sim,73,M,Funcionario Publico,null,null,null,null,null,null,null,null,null,null,null,null,null
1736,Rafael Rodrigues,41603.6036@email.com,50499,Sim,Sim,Sim,VISA,Infinite,126,Nao,36,M,Autonomo,2000,1736,20715080,20715-080,RJ,RIO DE JANEIRO,ENGENHO NOVO,RUA,QUINTA DO SOL,-22.848339535684882,-50.09321027395799,86a80332fffffff,88a803328dfffff
1737,Bruno Gomes,42005.0058@email.com,37196,Sim,Sim,Sim,Mastercard,Platinum,49,Nao,32,M,Estudante,null,null,null,null,null,null,null,null,null,null,null,null,null
1738,Ricardo Costa,42398.3989@email.com,118190,Nao,Nao,Sim,null,null,90,Sim,29,M,Prof Liberal,null,null,null,null,null,null,null,null,null,null,null,null,null
1739,Maria Almeida,42780.7806@email.com,176361,Sim,Sim,Nao,VISA,DUX,17,Sim,84,M,Prof Liberal,null,null,null,null,null,null,null,null,null,null,null,null,null
1740,Claudia Oliveira,42872.8724@email.com,187494,Sim,Sim,Nao,VISA,Infinite,71,Sim,54,M,Prof Liberal,null,null,null,null,null,null,null,null,null,null,null,null,null
1741,Andre Pereira,42958.9582@email.com,135239,Sim,Sim,Sim,VISA,Infinite,39,Sim,19,M,Estudante,null,null,null,null,null,null,null,null,null,null,null,null,null
1742,Pedro Ribeiro,43695.6952@email.com,195663,Nao,Nao,Sim,null,null,71,Sim,85,M,Autonomo,null,null,null,null,null,null,null,null,null,null,null,null,null
1743,Natalia Moreira,43850.8503@email.com,175799,Sim,Sim,Sim,VISA,Connect,60,Sim,86,M,Prof Liberal,null,null,null,null,null,null,null,null,null,null,null,null,null
1744,Gustavo Oliveira,43941.9415@email.com,176479.5,Nao,Sim,Sim,null,null,66,Sim,73,M,Autonomo,15000,1744,20715155,20715-155,RJ,RIO DE JANEIRO,ENGENHO NOVO,RUA,TRINTA,-22.215862178435863,-51.18652305982621,86a80e367ffffff,88a80e3665fffff
1745,Carolina Pereira,44854.8543@email.com,174978,Sim,Sim,Sim,VISA,Gold,71,Sim,82,M,Funcionario Publico,null,null,null,null,null,null,null,null,null,null,null,null,null
1746,Beatriz Martins,45341.3410@email.com,80787,Nao,Sim,Sim,null,null,30,Sim,78,F,Aposentado,18000,1746,20715170,20715-170,RJ,RIO DE JANEIRO,ENGENHO NOVO,RUA,RAUL CARDOSO,-19.954638858268822,-44.3707412486867,86a88c997ffffff,88a88c9909fffff
1747,Isabela Rodrigues,45426.4263@email.com,122857,Sim,Sim,Sim,VISA,Platinum,54,Sim,46,M,Autonomo,null,null,null,null,null,null,null,null,null,null,null,null,null
1748,Larissa Gomes,47709.7092@email.com,191145,Nao,Sim,Sim,null,null,86,Sim,79,M,Prof Liberal,null,null,null,null,null,null,null,null,null,null,null,null,null
1749,Simone Ribeiro,47940.9404@email.com,5573,Nao,Sim,Sim,null,null,108,Nao,50,M,Prof Liberal,null,null,null,null,null,null,null,null,null,null,null,null,null
1750,Fernanda Ribeiro,48992.9920@email.com,94971,Nao,Nao,Sim,null,null,44,Nao,26,F,Prof Liberal,null,null,null,null,null,null,null,null,null,null,null,null,null
1751,Leonardo Teixeira,49658.6588@email.com,197589.5,Sim,Sim,Sim,Mastercard,Platinum,109,Sim,87,M,Autonomo,null,null,null,null,null,null,null,null,null,null,null,null,null
1752,Simone Santos,49974.9742@email.com,118842,Sim,Sim,Sim,VISA,Platinum,12,Sim,84,F,Aposentado,null,null,null,null,null,null,null,null,null,null,null,null,null
1753,Larissa Barbosa,50314.3146@email.com,168999.5,Nao,Sim,Sim,null,null,81,Sim,23,M,Funcionario Publico,null,null,null,null,null,null,null,null,null,null,null,null,null
1754,Diego Pereira,50729.7291@email.com,90182.5,Sim,Nao,Sim,VISA,Gold,75,Sim,50,M,Estudante,null,null,null,null,null,null,null,null,null,null,null,null,null
1755,Priscila Pereira,51099.0999@email.com,10776,Sim,Sim,Nao,VISA,Infinite,77,Sim,43,M,Estudante,21000,1755,20715250,20715-250,RJ,RIO DE JANEIRO,ENGENHO NOVO,RUA,MARTINS FONTES,-25.304396554414957,-50.273579192662574,86a804b27ffffff,88a804b049fffff
1756,Patricia Costa,51100.1007@email.com,93877,Nao,Nao,Sim,null,null,23,Sim,34,M,Autonomo,null,null,null,null,null,null,null,null,null,null,null,null,null
1757,Matheus Nascimento,52219.2196@email.com,54013.5,Sim,Sim,Sim,VISA,Platinum,61,Sim,20,M,Aposentado,null,null,null,null,null,null,null,null,null,null,null,null,null
1758,Fernando Silva,52308.3088@email.com,27182,Nao,Sim,Sim,null,null,119,Sim,37,M,Funcionario Publico,null,null,null,null,null,null,null,null,null,null,null,null,null
1759,Vanessa Almeida,52573.5733@email.com,187489,Sim,Nao,Sim,Mastercard,Infinite,102,Sim,52,M,Funcionario Publico,20000,1759,20715290,20715-290,RJ,RIO DE JANEIRO,ENGENHO NOVO,RUA,A,-20.46961988321754,-48.89691615612227,86a81bb9fffffff,88a81bb9b9fffff
1760,Marcos Gomes,53523.5231@email.com,168494.5,Sim,Sim,Sim,VISA,DUX,122,Sim,25,M,Funcionario Publico,null,null,null,null,null,null,null,null,null,null,null,null,null
1761,Isabela Gomes,53773.7730@email.com,91797,Nao,Nao,Sim,null,null,53,Sim,55,M,Aposentado,4000,1761,20715310,20715-310,RJ,RIO DE JANEIRO,ENGENHO NOVO,RUA,ARAUJO LEITAO,-19.97540251572648,-47.824486728453486,86a8f4b9fffffff,88a8f4b9a7fffff
1762,Fernanda Carvalho,54012.0121@email.com,164681,Sim,Sim,Sim,VISA,DUX,145,Sim,84,M,Autonomo,null,null,null,null,null,null,null,null,null,null,null,null,null
1763,Eduardo Costa,54365.3655@email.com,170691,Nao,Sim,Sim,null,null,58,Nao,50,F,Estudante,14000,1763,20715330,20715-330,RJ,RIO DE JANEIRO,ENGENHO NOVO,RUA,NELSON FARIA CASTRO,-21.93416431406334,-46.26622011549195,86a8adc37ffffff,88a8adc313fffff
1764,Patricia Costa,54684.6848@email.com,26715.5,Sim,Sim,Sim,VISA,DUX,121,Sim,57,M,Prof Liberal,null,null,null,null,null,null,null,null,null,null,null,null,null
1765,Fabio Oliveira,55248.2481@email.com,3472,Nao,Sim,Sim,null,null,27,Sim,20,M,Autonomo,14000,1765,20715350,20715-350,RJ,RIO DE JANEIRO,ENGENHO NOVO,RUA,BICUIBA,-22.454985370947306,-51.66855054582882,86a80c60fffffff,88a80c60e3fffff
1766,Priscila Santos,55551.5519@email.com,125136,Sim,Nao,Sim,Mastercard,DUX,135,Sim,36,F,Estudante,null,null,null,null,null,null,null,null,null,null,null,null,null
1767,Tatiana Costa,57218.2184@email.com,4010,Sim,Sim,Nao,Mastercard,Infinite,37,Nao,18,M,Prof Liberal,null,null,null,null,null,null,null,null,null,null,null,null,null
1768,Claudia Santos,57962.9620@email.com,99360,Sim,Sim,Nao,Mastercard,DUX,146,Sim,81,M,Prof Liberal,null,null,null,null,null,null,null,null,null,null,null,null,null
1769,Patricia Barbosa,58092.0924@email.com,180284,Sim,Sim,Sim,Mastercard,DUX,135,Sim,76,M,Prof Liberal,null,null,null,null,null,null,null,null,null,null,null,null,null
1770,Natalia Lima,58180.1800@email.com,17334,Sim,Sim,Sim,VISA,Infinite,23,Sim,83,F,Aposentado,null,null,null,null,null,null,null,null,null,null,null,null,null
1771,Beatriz Teixeira,58462.4627@email.com,57507,Sim,Sim,Sim,Mastercard,Infinite,103,Sim,69,M,Estudante,null,null,null,null,null,null,null,null,null,null,null,null,null
1772,Fernando Moreira,58570.5706@email.com,119052,Nao,Sim,Sim,null,null,18,Sim,28,M,Prof Liberal,null,null,null,null,null,null,null,null,null,null,null,null,null
1773,Claudia Costa,58578.5786@email.com,104894,Sim,Nao,Sim,VISA,Infinite,84,Sim,18,F,Prof Liberal,null,null,null,null,null,null,null,null,null,null,null,null,null
1774,Denise Teixeira,58738.7382@email.com,75715,Sim,Sim,Sim,VISA,DUX,63,Sim,74,F,Autonomo,null,null,null,null,null,null,null,null,null,null,null,null,null
1775,Thiago Melo,59271.2712@email.com,51308,Nao,Nao,Sim,null,null,48,Sim,60,M,Autonomo,null,null,null,null,null,null,null,null,null,null,null,null,null
1776,Bruno Melo,59974.9742@email.com,13965,Sim,Sim,Sim,Mastercard,Platinum,134,Sim,58,M,Prof Liberal,13000,1776,20715460,20715-460,RJ,RIO DE JANEIRO,LINS DE VASCONCELOS,RUA,SILVIO CAPANEMA,-22.21174206954892,-49.09809623544257,86a81c35fffffff,88a81c35b7fffff
1777,Rafael Gomes,60256.2569@email.com,193226,Nao,Sim,Sim,null,null,102,Sim,55,M,Prof Liberal,null,null,null,null,null,null,null,null,null,null,null,null,null
1778,Beatriz Carvalho,60312.3124@email.com,126307,Sim,Sim,Nao,VISA,Platinum,117,Nao,42,M,Autonomo,null,null,null,null,null,null,null,null,null,null,null,null,null
1779,Helena Moreira,60329.3292@email.com,176491,Sim,Sim,Sim,Mastercard,DUX,0,Sim,76,M,Funcionario Publico,null,null,null,null,null,null,null,null,null,null,null,null,null
1780,Larissa Ferreira,60970.9706@email.com,98186,Nao,Sim,Sim,null,null,116,Sim,28,M,Prof Liberal,null,null,null,null,null,null,null,null,null,null,null,null,null
1781,Ana Rodrigues,ana.0951@email.com,155560,Nao,Sim,Nao,null,null,62,Sim,36,M,Aposentado,null,null,null,null,null,null,null,null,null,null,null,null,null
1782,Juliana Rodrigues,61394.3940@email.com,158190.5,Sim,Sim,Sim,Mastercard,Connect,83,Sim,29,M,Funcionario Publico,null,null,null,null,null,null,null,null,null,null,null,null,null
1783,Diego Ferreira,61410.4108@email.com,169435,Sim,Sim,Sim,Mastercard,Infinite,51,Sim,20,M,Prof Liberal,null,null,null,null,null,null,null,null,null,null,null,null,null
1784,Larissa Teixeira,62228.2281@email.com,99526,Sim,Nao,Nao,Mastercard,DUX,21,Sim,41,M,Autonomo,null,null,null,null,null,null,null,null,null,null,null,null,null
1785,Juliana Carvalho,62242.2421@email.com,63062,Sim,Nao,Sim,VISA,Platinum,36,Sim,77,M,Prof Liberal,1000,1785,20720012,20720-012,RJ,RIO DE JANEIRO,MEIER,RUA,DIAS DA CRUZ - ATE 460 - LADO PAR,-23.875224360411718,-45.29617788361583,86a8166a7ffffff,88a8166a35fffff
1786,Maria Nascimento,63998.9981@email.com,54934,Nao,Sim,Nao,null,null,63,Sim,60,M,Prof Liberal,null,null,null,null,null,null,null,null,null,null,null,null,null
1787,Larissa Pereira,64897.8971@email.com,175737.5,Sim,Sim,Sim,VISA,Infinite,22,Sim,21,F,Prof Liberal,null,null,null,null,null,null,null,null,null,null,null,null,null
1788,Diego Ferreira,65059.0597@email.com,98395,Sim,Sim,Sim,Mastercard,DUX,142,Sim,67,M,Autonomo,null,null,null,null,null,null,null,null,null,null,null,null,null
1789,Helena Nascimento,66114.1146@email.com,11331,Nao,Sim,Sim,null,null,43,Sim,61,M,Prof Liberal,null,null,null,null,null,null,null,null,null,null,null,null,null
1790,Gabriela Pereira,66502.5024@email.com,109648,Sim,Nao,Sim,Mastercard,DUX,59,Sim,62,M,Funcionario Publico,11000,1790,20720040,20720-040,RJ,RIO DE JANEIRO,ENGENHO DE DENTRO,LARGO,MANUEL DE LIMA ABREU,-23.44148984062799,-48.54585909803919,86a802737ffffff,88a802735dfffff
1791,Fernanda Oliveira,67059.0598@email.com,20863,Nao,Sim,Nao,null,null,54,Sim,23,F,Prof Liberal,null,null,null,null,null,null,null,null,null,null,null,null,null
1792,Denise Lima,67655.6555@email.com,173535,Sim,Nao,Sim,VISA,DUX,32,Sim,76,M,Funcionario Publico,5000,1792,20720060,20720-060,RJ,RIO DE JANEIRO,MEIER,RUA,INTENDENTE CUNHA MENEZES,-20.447664036484152,-51.262722230994264,86a8e4b77ffffff,88a8e4b75bfffff
1793,Renato Oliveira,67681.6815@email.com,191313,Sim,Sim,Sim,Mastercard,Platinum,64,Nao,78,F,Funcionario Publico,null,null,null,null,null,null,null,null,null,null,null,null,null
1794,Larissa Nascimento,69800.8002@email.com,21243.5,Sim,Sim,Nao,VISA,DUX,121,Sim,19,M,Funcionario Publico,5000,1794,20720080,20720-080,RJ,RIO DE JANEIRO,MEIER,RUA,NIDA,-21.05214482303011,-47.012070343009256,86a81a5a7ffffff,88a81a5849fffff
1795,Helena Rodrigues,70047.0476@email.com,190931,Sim,Sim,Sim,VISA,Gold,133,Sim,82,M,Estudante,null,null,null,null,null,null,null,null,null,null,null,null,null
1796,Camila Costa,70107.1072@email.com,146565,Sim,Sim,Sim,Mastercard,DUX,14,Sim,56,M,Prof Liberal,null,null,null,null,null,null,null,null,null,null,null,null,null
1797,Tatiana Ferreira,70423.4237@email.com,42110,Sim,Nao,Sim,VISA,Infinite,69,Sim,49,M,Estudante,null,null,null,null,null,null,null,null,null,null,null,null,null
1798,Gustavo Ribeiro,70659.6596@email.com,124717,Sim,Sim,Sim,Mastercard,DUX,55,Sim,22,M,Prof Liberal,null,null,null,null,null,null,null,null,null,null,null,null,null
1799,Jorge Araujo,70699.6995@email.com,12343.5,Nao,Sim,Nao,null,null,72,Sim,79,M,Autonomo,null,null,null,null,null,null,null,null,null,null,null,null,null
1800,Gabriela Silva,70911.9114@email.com,74668,Sim,Sim,Sim,Mastercard,Gold,116,Nao,49,M,Aposentado,21000,1800,20720140,20720-140,RJ,RIO DE JANEIRO,MEIER,PRACA,AGRIPINO GRIECO,-20.112019632527684,-49.1071739973092,86a81b34fffffff,88a81b34c3fffff
1801,Helena Oliveira,71589.5897@email.com,187203.5,Nao,Sim,Nao,null,null,48,Sim,80,M,Prof Liberal,null,null,null,null,null,null,null,null,null,null,null,null,null
1802,Gabriela Melo,71825.8252@email.com,59408,Nao,Nao,Sim,null,null,104,Sim,83,M,Aposentado,null,null,null,null,null,null,null,null,null,null,null,null,null
1803,Priscila Gomes,71888.8888@email.com,79136,Sim,Sim,Nao,Mastercard,Gold,75,Sim,38,M,Prof Liberal,null,null,null,null,null,null,null,null,null,null,null,null,null
1804,Natalia Ferreira,72176.1768@email.com,22619,Sim,Sim,Nao,Mastercard,Platinum,72,Sim,44,M,Aposentado,null,null,null,null,null,null,null,null,null,null,null,null,null
1805,Andre Silva,72278.2785@email.com,10041,Sim,Nao,Sim,Mastercard,Connect,135,Sim,78,M,Funcionario Publico,null,null,null,null,null,null,null,null,null,null,null,null,null
1806,Vanessa Ferreira,72804.8045@email.com,89202.5,Nao,Sim,Sim,null,null,18,Sim,31,F,Prof Liberal,null,null,null,null,null,null,null,null,null,null,null,null,null
1807,Ana Moreira,ana.1867@email.com,164000,Sim,Nao,Sim,Mastercard,Connect,76,Nao,38,M,Aposentado,null,null,null,null,null,null,null,null,null,null,null,null,null
1808,Gabriela Souza,73277.2773@email.com,133468,Nao,Sim,Sim,null,null,143,Nao,78,M,Estudante,null,null,null,null,null,null,null,null,null,null,null,null,null
1809,Maria Souza,74715.7151@email.com,195523.5,Nao,Sim,Nao,null,null,49,Sim,41,M,Funcionario Publico,4000,1809,20720230,20720-230,RJ,RIO DE JANEIRO,MEIER,RUA,MARANHAO,-23.060609743347715,-49.748743786246294,86a803027ffffff,88a8030229fffff
1810,Gabriela Ribeiro,74936.9361@email.com,189528,Sim,Nao,Sim,Mastercard,Connect,127,Sim,36,M,Aposentado,14000,1810,20720240,20720-240,RJ,RIO DE JANEIRO,LINS DE VASCONCELOS,RUA,MARUMBI,-23.814061185440075,-44.961973889893066,86a8a5a1fffffff,88a8a5a1c7fffff
1811,Gabriela Almeida,75745.7456@email.com,195508,Sim,Sim,Sim,Mastercard,DUX,100,Sim,87,F,Aposentado,null,null,null,null,null,null,null,null,null,null,null,null,null
1812,Jorge Moreira,76228.2287@email.com,164213,Nao,Sim,Nao,null,null,70,Sim,83,M,Prof Liberal,3000,1812,20720244,20720-244,RJ,RIO DE JANEIRO,LINS DE VASCONCELOS,RUA,ERIVALDO LUZITANO CUNHA,-22.492773026025638,-48.71428225125405,86a81c00fffffff,88a81c00abfffff
1813,Beatriz Carvalho,76610.6108@email.com,96993,Sim,Sim,Sim,Mastercard,Infinite,21,Sim,82,M,Prof Liberal,10000,1813,20720246,20720-246,RJ,RIO DE JANEIRO,LINS DE VASCONCELOS,RUA,WALDOMIRO BITTENCOURT SILVEIRA,-23.65588472620202,-53.06253252496635,86a82b82fffffff,88a82b8287fffff
1814,Eduardo Silva,77533.5333@email.com,47075,Sim,Sim,Sim,Mastercard,Infinite,125,Sim,45,M,Prof Liberal,null,null,null,null,null,null,null,null,null,null,null,null,null
1815,Gabriela Pereira,77666.6663@email.com,89773.5,Nao,Sim,Sim,null,null,25,Sim,81,M,Estudante,null,null,null,null,null,null,null,null,null,null,null,null,null
1816,Patricia Moreira,78672.6721@email.com,85684,Nao,Sim,Sim,null,null,6,Sim,61,M,Prof Liberal,null,null,null,null,null,null,null,null,null,null,null,null,null
1817,Marcos Araujo,78872.8723@email.com,64758.5,Nao,Sim,Sim,null,null,74,Sim,74,M,Aposentado,null,null,null,null,null,null,null,null,null,null,null,null,null
1818,Patricia Pereira,79215.2153@email.com,136344,Sim,Nao,Sim,VISA,Connect,38,Sim,30,M,Prof Liberal,null,null,null,null,null,null,null,null,null,null,null,null,null
1819,Vitor Oliveira,79528.5282@email.com,153032,Sim,Nao,Sim,Mastercard,DUX,31,Sim,83,M,Prof Liberal,null,null,null,null,null,null,null,null,null,null,null,null,null
1820,Camila Rodrigues,79550.5508@email.com,21865,Sim,Sim,Nao,VISA,Infinite,37,Nao,41,M,Prof Liberal,null,null,null,null,null,null,null,null,null,null,null,null,null
1821,Beatriz Rodrigues,79811.8115@email.com,47284,Sim,Sim,Sim,VISA,Connect,83,Sim,37,M,Aposentado,null,null,null,null,null,null,null,null,null,null,null,null,null
1822,Gustavo Moreira,80436.4365@email.com,172809,Nao,Sim,Sim,null,null,15,Sim,84,F,Funcionario Publico,null,null,null,null,null,null,null,null,null,null,null,null,null
1823,Eduardo Barbosa,82204.2042@email.com,113811,Nao,Sim,Sim,null,null,68,Sim,72,M,Prof Liberal,null,null,null,null,null,null,null,null,null,null,null,null,null
1824,Renata Teixeira,82872.8722@email.com,167552,Nao,Sim,Nao,null,null,126,Sim,81,F,Estudante,null,null,null,null,null,null,null,null,null,null,null,null,null
1825,Claudia Melo,83070.0702@email.com,45921,Sim,Nao,Nao,Mastercard,Gold,114,Sim,45,M,Prof Liberal,null,null,null,null,null,null,null,null,null,null,null,null,null
1826,Priscila Costa,84435.4354@email.com,122744.5,Nao,Nao,Sim,null,null,48,Sim,67,M,Estudante,22000,1826,20720340,20720-340,RJ,RIO DE JANEIRO,LINS DE VASCONCELOS,RUA,RAMOS DA FONSECA,-24.734858665382646,-50.28540583990119,86a804267ffffff,88a804261dfffff
1827,Patricia Carvalho,85163.1639@email.com,43664,Nao,Nao,Sim,null,null,34,Sim,59,M,Prof Liberal,null,null,null,null,null,null,null,null,null,null,null,null,null
1828,Maria Teixeira,85678.6780@email.com,182561,Nao,Sim,Sim,null,null,3,Sim,59,M,Estudante,null,null,null,null,null,null,null,null,null,null,null,null,null
1829,Vitor Gomes,86903.9038@email.com,189956,Sim,Nao,Sim,VISA,Connect,105,Sim,37,M,Prof Liberal,null,null,null,null,null,null,null,null,null,null,null,null,null
1830,Gabriela Ribeiro,86912.9128@email.com,76928,Sim,Sim,Sim,VISA,Platinum,23,Sim,44,M,Aposentado,null,null,null,null,null,null,null,null,null,null,null,null,null
1831,Simone Oliveira,86975.9759@email.com,40914,Sim,Sim,Sim,Mastercard,Infinite,63,Sim,54,M,Prof Liberal,null,null,null,null,null,null,null,null,null,null,null,null,null
1832,Camila Teixeira,88114.1144@email.com,41385,Sim,Sim,Sim,Mastercard,Platinum,44,Sim,46,M,Prof Liberal,null,null,null,null,null,null,null,null,null,null,null,null,null
1833,Tatiana Costa,88258.2584@email.com,108150,Nao,Sim,Sim,null,null,108,Sim,25,F,Funcionario Publico,null,null,null,null,null,null,null,null,null,null,null,null,null
1834,Tatiana Ribeiro,88513.5130@email.com,155661,Nao,Sim,Sim,null,null,118,Sim,40,M,Prof Liberal,null,null,null,null,null,null,null,null,null,null,null,null,null
1835,Rafael Barbosa,89643.6432@email.com,199323,Sim,Nao,Nao,Mastercard,Infinite,131,Nao,53,F,Estudante,null,null,null,null,null,null,null,null,null,null,null,null,null
1836,Ana Araujo,ana.1308@email.com,202583.5,Sim,Nao,Sim,Mastercard,Infinite,135,Sim,58,M,Autonomo,null,null,null,null,null,null,null,null,null,null,null,null,null
1837,Carlos Ferreira,carlos.6424@email.com,24680,Sim,Nao,Sim,Mastercard,Infinite,30,Sim,81,M,Aposentado,null,null,null,null,null,null,null,null,null,null,null,null,null
1838,Claudia Souza,91077.0775@email.com,103034,Nao,Nao,Sim,null,null,23,Nao,79,M,Aposentado,null,null,null,null,null,null,null,null,null,null,null,null,null
1839,Natalia Pereira,91170.1700@email.com,176622.5,Sim,Sim,Sim,VISA,Gold,142,Sim,40,F,Prof Liberal,22000,1839,20725080,20725-080,RJ,RIO DE JANEIRO,LINS DE VASCONCELOS,RUA,HERACLITO GRACA,-24.236889799660723,-47.76385703483898,86a815157ffffff,88a8151529fffff
1840,Jorge Ferreira,91369.3695@email.com,169893,Sim,Sim,Sim,Mastercard,Infinite,116,Nao,47,M,Prof Liberal,8000,1840,20725090,20725-090,RJ,RIO DE JANEIRO,LINS DE VASCONCELOS,RUA,CESAR ZAMA,-20.51701888394739,-45.13081418867877,86a8abd37ffffff,88a8abd321fffff
1841,Denise Silva,91613.6135@email.com,108084.5,Sim,Sim,Sim,VISA,Infinite,14,Sim,52,M,Autonomo,4000,1841,20725100,20725-100,RJ,RIO DE JANEIRO,LINS DE VASCONCELOS,RUA,MARIA LUISA,-20.551514851123855,-44.940041213499185,86a8aaae7ffffff,88a8aaae51fffff
1842,Claudia Ferreira,91816.8167@email.com,107494,Sim,Sim,Sim,VISA,Gold,97,Sim,86,M,Autonomo,null,null,null,null,null,null,null,null,null,null,null,null,null
1843,Vitor Oliveira,92228.2288@email.com,54256,Nao,Sim,Sim,null,null,32,Nao,37,M,Aposentado,null,null,null,null,null,null,null,null,null,null,null,null,null
1844,Natalia Silva,92554.5542@email.com,125239,Sim,Sim,Sim,VISA,DUX,130,Nao,41,F,Autonomo,null,null,null,null,null,null,null,null,null,null,null,null,null
1845,Denise Ferreira,94510.5107@email.com,165026.5,Sim,Nao,Sim,Mastercard,Platinum,69,Sim,26,M,Prof Liberal,null,null,null,null,null,null,null,null,null,null,null,null,null
1846,Matheus Gomes,94765.7653@email.com,16049.5,Nao,Nao,Nao,null,null,0,Sim,66,F,Prof Liberal,null,null,null,null,null,null,null,null,null,null,null,null,null
1847,Camila Souza,96840.8402@email.com,106465,Sim,Sim,Sim,VISA,Platinum,58,Nao,23,M,Prof Liberal,null,null,null,null,null,null,null,null,null,null,null,null,null
1848,Pedro Araujo,96968.9685@email.com,122143,Nao,Sim,Sim,null,null,42,Sim,29,F,Estudante,null,null,null,null,null,null,null,null,null,null,null,null,null
1849,Fernanda Rodrigues,97441.4415@email.com,121083,Sim,Sim,Sim,Mastercard,Connect,127,Nao,51,F,Prof Liberal,null,null,null,null,null,null,null,null,null,null,null,null,null
1850,Eduardo Almeida,97705.7057@email.com,192000.5,Nao,Sim,Sim,null,null,147,Sim,76,M,Prof Liberal,null,null,null,null,null,null,null,null,null,null,null,null,null
1851,Jorge Lima,98169.1696@email.com,23133,Sim,Sim,Sim,VISA,DUX,32,Sim,57,M,Prof Liberal,null,null,null,null,null,null,null,null,null,null,null,null,null
1852,Jorge Ferreira,98312.3125@email.com,175005,Sim,Nao,Sim,Mastercard,Platinum,124,Sim,36,F,Prof Liberal,null,null,null,null,null,null,null,null,null,null,null,null,null
1853,Lucas Lima,99075.0756@email.com,180033,Sim,Sim,Sim,VISA,Connect,137,Sim,34,M,Prof Liberal,null,null,null,null,null,null,null,null,null,null,null,null,null
1854,Fernando Gomes,99109.1090@email.com,192171.5,Sim,Sim,Sim,VISA,Connect,98,Sim,62,F,Estudante,null,null,null,null,null,null,null,null,null,null,null,null,null
1855,Priscila Costa,99303.3038@email.com,37569,Nao,Sim,Nao,null,null,16,Sim,49,F,Prof Liberal,null,null,null,null,null,null,null,null,null,null,null,null,null
1856,Gabriela Costa,99559.5599@email.com,169468,Sim,Sim,Nao,Mastercard,DUX,76,Sim,31,M,Prof Liberal,null,null,null,null,null,null,null,null,null,null,null,null,null
1857,Carlos Rodrigues,carlos.7312@email.com,131848.5,Nao,Sim,Sim,null,null,10,Sim,68,M,Prof Liberal,null,null,null,null,null,null,null,null,null,null,null,null,null
1858,Carolina Martins,99972.9726@email.com,152346,Sim,Sim,Sim,VISA,DUX,95,Sim,36,F,Aposentado,null,null,null,null,null,null,null,null,null,null,null,null,null
47,Natalia Ribeiro,31148.1484@email.com,139177,Sim,Sim,Nao,VISA,DUX,128,Nao,86,M,Autonomo,2000,47,20021090,20021-090,RJ,RIO DE JANEIRO,CENTRO,PRACA,DEODORO,-22.065918064976252,-47.27573350864825,86a81e557ffffff,88a81e5503fffff
229,Claudia Silva,21481.4814@email.com,42514,Sim,Sim,Sim,VISA,Infinite,70,Nao,67,M,Aposentado,7000,229,20071002,20071-002,RJ,RIO DE JANEIRO,CENTRO,AVENIDA,PRESIDENTE VARGAS - DE 916 A 1304 - LADO PAR,-25.05613995437986,-46.121635548596494,86a98934fffffff,88a98934cbfffff
315,Camila Gomes,53646.6465@email.com,28205,Nao,Sim,Nao,null,null,28,Sim,76,M,Funcionario Publico,3000,315,20180004,20180-004,RJ,RIO DE JANEIRO,BAIA DE GUANABARA,ILHA,JURUBAIBA,-20.59759383899336,-46.10365923453404,86a8a9507ffffff,88a8a9500bfffff
501,Ana Lima,ana.9046@email.com,39420,Nao,Sim,Sim,null,null,53,Sim,34,M,Autonomo,5000,501,20221130,20221-130,RJ,RIO DE JANEIRO,GAMBOA,RUA,DO MONTE,-25.148753679528834,-47.10092353162065,86a8334b7ffffff,88a8334b57fffff
573,Patricia Silva,80812.8128@email.com,104084,Nao,Sim,Sim,null,null,94,Nao,37,M,Funcionario Publico,16000,573,20230195,20230-195,RJ,RIO DE JANEIRO,CENTRO,RUA,GENERAL CALDWELL - DE 254 AO FIM - LADO PAR,-22.59958141804644,-52.337835989439114,86a80dd9fffffff,88a80dd9a1fffff
610,Juliana Martins,98067.0672@email.com,149102,Sim,Sim,Sim,VISA,Gold,6,Sim,56,M,Estudante,8000,610,20231094,20231-094,RJ,RIO DE JANEIRO,CENTRO,RUA,DO RESENDE - ATE 56 - LADO PAR,-22.85258400078897,-49.53451443700126,86a803737ffffff,88a803736bfffff
682,Ana Ribeiro,ana.7531@email.com,155140,Sim,Nao,Nao,Mastercard,Gold,92,Sim,32,M,Prof Liberal,9000,682,20241266,20241-266,RJ,RIO DE JANEIRO,SANTA TERESA,RUA,ALMIRANTE ALEXANDRINO - DE 2960 AO FIM - LADO PAR,-22.870029953528014,-48.169672980494084,86a81136fffffff,88a81136b1fffff
692,Priscila Santos,42317.3174@email.com,11903.5,Sim,Sim,Sim,VISA,Infinite,144,Sim,87,M,Autonomo,15000,692,20241360,20241-360,RJ,RIO DE JANEIRO,SANTA TERESA,RUA,FALET,-20.876245375145558,-48.85152155266396,86a81b90fffffff,88a81b9099fffff
752,Thiago Martins,74740.7408@email.com,57348,Nao,Sim,Sim,null,null,5,Sim,33,F,Prof Liberal,11000,752,20250470,20250-470,RJ,RIO DE JANEIRO,RIO COMPRIDO,TRAVESSA,DA PAZ,-22.641827022786714,-51.976776803656534,86a80c3afffffff,88a80c3ae5fffff
845,Matheus Silva,22184.1842@email.com,158698,Sim,Nao,Nao,Mastercard,Gold,144,Sim,74,F,Aposentado,1000,845,20260190,20260-190,RJ,RIO DE JANEIRO,TIJUCA,RUA,TENENTE VILAS BOAS,-24.825445066625473,-46.987574841109925,86a814b8fffffff,88a814b8a7fffff
861,Thiago Martins,29301.3015@email.com,84672,Nao,Nao,Sim,null,null,41,Sim,84,M,Autonomo,4000,861,20261003,20261-003,RJ,RIO DE JANEIRO,RIO COMPRIDO,RUA,AURELIANO JOAQUIM SANTANA,-21.604898255606358,-51.325365178925594,86a8084c7ffffff,88a8084c03fffff
1007,Renato Santos,90721.7210@email.com,76361.5,Sim,Sim,Sim,Mastercard,DUX,44,Sim,56,M,Funcionario Publico,16000,1007,20396006,20396-006,RJ,RIO DE JANEIRO,PAQUETA,RUA,PINHEIRO FREIRE,-22.098412054172577,-52.87749338121045,86a80d0efffffff,88a80d0e9dfffff
1031,Larissa Pereira,10055.0557@email.com,18234,Sim,Sim,Sim,Mastercard,DUX,113,Sim,87,M,Prof Liberal,15000,1031,20396210,20396-210,RJ,RIO DE JANEIRO,PAQUETA,PRACA,EX-COMBATENTES,-21.119356460658647,-52.36230415673113,86a80940fffffff,88a80940c7fffff
1280,Samuel Silva,24270.2705@email.com,114333,Sim,Sim,Sim,Mastercard,Platinum,54,Sim,52,M,Prof Liberal,20000,1280,20530370,20530-370,RJ,RIO DE JANEIRO,TIJUCA,RUA,SANTA CAROLINA,-21.985289333957585,-49.111856789152746,86a81d587ffffff,88a81d5805fffff
1459,Vanessa Barbosa,15987.9872@email.com,95049,Sim,Sim,Sim,VISA,Platinum,99,Sim,18,M,Prof Liberal,18000,1459,20540090,20540-090,RJ,RIO DE JANEIRO,TIJUCA,RUA,SANTA SOFIA,-22.461646804756196,-44.3698612698791,86a8a170fffffff,88a8a170a9fffff
1470,Simone Moreira,20763.7637@email.com,35473,Sim,Sim,Sim,Mastercard,Infinite,27,Sim,65,M,Prof Liberal,8000,1470,20540200,20540-200,RJ,RIO DE JANEIRO,ANDARAI,RUA,ELIAS DIVANA,-21.90183224669547,-51.618899755408556,86a808187ffffff,88a808180dfffff
1523,Gabriela Almeida,44741.7417@email.com,110728,Sim,Sim,Sim,Mastercard,DUX,41,Sim,57,F,Autonomo,1000,1523,20541320,20541-320,RJ,RIO DE JANEIRO,ANDARAI,RUA,DIOGO,-22.509843903326075,-46.04543306411226,86a81348fffffff,88a81348c9fffff
1639,Samuel Carvalho,88167.1675@email.com,110714,Sim,Sim,Sim,Mastercard,DUX,133,Sim,59,M,Prof Liberal,5000,1639,20560080,20560-080,RJ,RIO DE JANEIRO,VILA ISABEL,RUA,BARAO DE COTEGIPE - DE 1 AO FIM - LADO IMPAR,-21.42529128617888,-49.88600593475317,86a81992fffffff,88a81992ebfffff
1661,Larissa Souza,95624.6242@email.com,10359,Nao,Sim,Nao,null,null,123,Sim,81,F,Prof Liberal,1000,1661,20561040,20561-040,RJ,RIO DE JANEIRO,GRAJAU,PRACA,MALVINO REIS,-24.465936202109752,-48.476148280436284,86a80644fffffff,88a80644a9fffff
1810,Gabriela Ribeiro,74936.9361@email.com,189528,Sim,Nao,Sim,Mastercard,Connect,127,Sim,36,M,Aposentado,9000,1810,20720240,20720-240,RJ,RIO DE JANEIRO,LINS DE VASCONCELOS,RUA,MARUMBI,-24.312599617421604,-44.18561823079234,86a8a5d37ffffff,88a8a5d369fffff
752,Thiago Martins,74740.7408@email.com,57348,Nao,Sim,Sim,null,null,5,Sim,33,F,Prof Liberal,18000,752,20250470,20250-470,RJ,RIO DE JANEIRO,RIO COMPRIDO,TRAVESSA,DA PAZ,-22.21769752505726,-44.900549755995684,86a8ac5b7ffffff,88a8ac5b39fffff
1639,Samuel Carvalho,88167.1675@email.com,110714,Sim,Sim,Sim,Mastercard,DUX,133,Sim,59,M,Prof Liberal,11000,1639,20560080,20560-080,RJ,RIO DE JANEIRO,VILA ISABEL,RUA,BARAO DE COTEGIPE - DE 1 AO FIM - LADO IMPAR,-21.894967935243432,-48.96268235000415,86a818947ffffff,88a8189431fffff
