data_transacao,id_cliente,id_parceiro,qde_pontos,tipo_transacao
2026-02-26,759,5,372,pontuação
2026-01-14,335,10,719,pontuação
2026-03-04,625,24,392,pontuação
2026-04-13,816,2,577,pontuação
2026-04-19,393,4,264,pontuação
2026-04-23,376,3,615,pontuação
2026-03-26,612,22,470,pontuação
2026-01-05,366,10,455,pontuação
2026-04-03,228,38,728,pontuação
2026-01-25,886,31,802,pontuação
2026-01-09,355,5,91,pontuação
2026-02-13,464,22,82,pontuação
2026-03-21,130,30,742,pontuação
2026-01-27,505,16,872,pontuação
2026-02-06,557,14,91,pontuação
2026-02-15,322,15,466,pontuação
2026-01-21,507,37,910,pontuação
2026-01-17,468,26,58,pontuação
2026-04-19,402,6,368,pontuação
2026-04-13,63,10,744,pontuação
2026-03-23,743,1,897,pontuação
2026-03-13,343,12,737,pontuação
2026-02-24,176,34,283,pontuação
2026-04-19,286,40,541,pontuação
2026-05-01,530,9,928,pontuação
2026-04-08,770,37,220,pontuação
2026-04-05,507,13,910,pontuação
2026-01-03,881,30,744,pontuação
2026-03-27,909,27,758,pontuação
2026-02-02,817,37,743,pontuação
2026-03-16,429,2,228,pontuação
2026-04-29,930,17,925,pontuação
2026-05-03,721,13,246,pontuação
2026-01-21,299,33,51,pontuação
2026-01-02,249,35,404,pontuação
2026-03-07,379,22,527,pontuação
2026-01-26,216,11,287,pontuação
2026-03-29,486,2,628,pontuação
2026-01-21,767,27,770,pontuação
2026-02-09,796,15,553,pontuação
2026-01-17,761,18,413,pontuação
2026-01-21,182,17,392,pontuação
2026-02-28,487,37,964,pontuação
2026-04-11,168,23,728,pontuação
2026-02-03,953,38,791,pontuação
2026-04-19,54,40,640,pontuação
2026-03-21,320,27,970,pontuação
2026-02-07,179,35,12,pontuação
2026-03-14,957,27,723,pontuação
2026-03-08,456,13,137,pontuação
2026-03-11,699,39,484,pontuação
2026-02-22,829,24,907,pontuação
2026-04-11,540,1,967,pontuação
2026-01-01,682,15,493,pontuação
2026-03-09,193,13,85,pontuação
2026-02-21,568,40,201,pontuação
2026-04-18,122,22,418,pontuação
2026-03-07,793,37,402,pontuação
2026-03-17,439,29,221,pontuação
2026-02-01,333,37,685,pontuação
2026-01-05,133,17,689,pontuação
2026-03-07,652,20,885,pontuação
2026-01-07,692,38,883,pontuação
2026-01-03,36,32,896,pontuação
2026-01-15,94,28,160,pontuação
2026-03-07,809,36,416,pontuação
2026-01-17,349,9,146,pontuação
2026-01-03,44,16,110,pontuação
2026-01-16,166,28,912,pontuação
2026-05-02,194,12,697,pontuação
2026-03-26,560,24,489,pontuação
2026-04-23,176,30,689,pontuação
2026-02-20,307,10,758,pontuação
2026-02-05,407,24,888,pontuação
2026-01-09,458,33,877,pontuação
2026-03-19,557,16,332,pontuação
2026-01-29,854,2,286,pontuação
2026-03-15,504,11,294,pontuação
2026-03-20,568,6,164,pontuação
2026-04-02,450,4,983,pontuação
2026-03-29,40,33,395,pontuação
2026-04-13,816,14,893,pontuação
2026-01-24,706,27,237,pontuação
2026-04-26,835,7,920,pontuação
2026-03-05,923,32,365,pontuação
2026-04-13,287,35,555,pontuação
2026-03-18,25,7,718,pontuação
2026-01-02,64,19,30,pontuação
2026-04-16,259,40,843,pontuação
2026-01-08,252,17,526,pontuação
2026-01-12,904,37,739,pontuação
2026-01-21,415,4,413,pontuação
2026-04-29,86,7,514,pontuação
2026-03-23,335,7,528,pontuação
2026-01-31,58,28,459,pontuação
2026-04-22,734,8,194,pontuação
2026-04-25,175,15,397,pontuação
2026-03-23,387,33,845,pontuação
2026-03-13,594,15,556,pontuação
2026-05-03,640,22,915,pontuação
2026-04-13,42,20,867,pontuação
2026-04-22,985,35,867,pontuação
2026-02-06,725,14,873,pontuação
2026-04-21,960,9,908,pontuação
2026-03-02,929,29,524,pontuação
2026-03-28,39,31,894,pontuação
2026-01-27,511,17,761,pontuação
2026-04-08,179,7,843,pontuação
2026-02-04,2,20,976,pontuação
2026-03-09,469,3,428,pontuação
2026-02-26,313,12,446,pontuação
2026-03-04,655,3,35,pontuação
2026-04-10,38,22,464,pontuação
2026-01-27,767,25,791,pontuação
2026-02-27,600,1,903,pontuação
2026-01-04,308,7,136,pontuação
2026-02-23,35,11,987,pontuação
2026-04-29,479,38,683,pontuação
2026-02-18,382,37,320,pontuação
2026-01-28,264,29,583,pontuação
2026-05-05,509,28,268,pontuação
2026-03-29,294,17,188,pontuação
2026-04-01,806,8,217,pontuação
2026-03-05,700,31,524,pontuação
2026-04-05,728,22,470,pontuação
2026-03-03,494,32,841,pontuação
2026-01-27,407,15,687,pontuação
2026-02-11,724,14,978,pontuação
2026-04-03,747,35,12,pontuação
2026-04-24,936,25,585,pontuação
2026-01-03,78,37,9,pontuação
2026-04-05,706,27,678,pontuação
2026-04-16,946,9,269,pontuação
2026-04-10,666,28,815,pontuação
2026-03-19,83,3,120,pontuação
2026-03-22,874,22,365,pontuação
2026-04-18,668,13,176,pontuação
2026-04-19,457,26,304,pontuação
2026-02-02,319,8,27,pontuação
2026-02-04,371,30,332,pontuação
2026-04-01,711,30,974,pontuação
2026-04-26,316,39,440,pontuação
2026-02-17,639,3,251,pontuação
2026-01-05,198,25,632,pontuação
2026-01-04,657,32,432,pontuação
2026-04-11,32,1,113,pontuação
2026-02-21,202,27,868,pontuação
2026-01-07,665,28,703,pontuação
2026-02-17,457,14,884,pontuação
2026-04-20,348,3,578,pontuação
2026-04-30,735,30,475,pontuação
2026-02-05,984,24,119,pontuação
2026-02-27,260,39,316,pontuação
2026-02-03,247,25,786,pontuação
2026-04-14,103,2,717,pontuação
2026-03-15,678,32,789,pontuação
2026-01-05,199,16,584,pontuação
2026-02-23,118,26,16,pontuação
2026-02-07,771,20,611,pontuação
2026-04-09,294,4,221,pontuação
2026-01-25,761,21,538,pontuação
2026-04-21,294,33,114,pontuação
2026-03-20,569,9,968,pontuação
2026-03-08,756,29,387,pontuação
2026-03-06,365,27,480,pontuação
2026-01-26,570,34,278,pontuação
2026-02-02,701,35,689,pontuação
2026-01-04,332,39,334,pontuação
2026-02-25,34,28,903,pontuação
2026-02-11,809,10,134,pontuação
2026-05-04,50,3,537,pontuação
2026-02-28,827,14,902,pontuação
2026-03-20,332,30,917,pontuação
2026-02-10,696,3,779,pontuação
2026-01-11,677,25,298,pontuação
2026-04-17,96,12,862,pontuação
2026-01-02,323,5,95,pontuação
2026-03-13,19,29,603,pontuação
2026-03-12,853,30,904,pontuação
2026-03-16,396,30,285,pontuação
2026-02-13,916,7,751,pontuação
2026-01-29,595,6,932,pontuação
2026-04-19,103,38,155,pontuação
2026-01-04,405,25,235,pontuação
2026-04-21,827,7,803,pontuação
2026-02-24,115,40,976,pontuação
2026-03-08,505,24,205,pontuação
2026-02-02,956,32,684,pontuação
2026-02-25,348,8,462,pontuação
2026-02-20,712,37,131,pontuação
2026-01-13,934,13,840,pontuação
2026-03-14,684,39,143,pontuação
2026-02-17,257,39,930,pontuação
2026-01-03,46,17,417,pontuação
2026-04-26,12,28,896,pontuação
2026-03-16,791,24,628,pontuação
2026-03-16,504,32,208,pontuação
2026-01-12,35,11,729,pontuação
2026-03-10,307,33,858,pontuação
2026-04-19,105,1,454,pontuação
2026-03-12,743,9,874,pontuação
2026-03-09,143,11,605,pontuação
2026-01-27,688,22,818,pontuação
2026-04-06,429,26,847,pontuação
2026-02-01,402,31,393,pontuação
2026-02-09,319,38,433,pontuação
2026-01-14,826,7,459,pontuação
2026-02-21,961,18,504,pontuação
2026-04-01,738,3,120,pontuação
2026-03-23,255,32,365,pontuação
2026-02-21,544,30,697,pontuação
2026-03-09,205,20,39,pontuação
2026-04-12,239,36,653,pontuação
2026-04-01,619,25,730,pontuação
2026-02-27,87,24,898,pontuação
2026-05-01,369,26,743,pontuação
2026-01-16,823,32,630,pontuação
2026-02-04,326,34,378,pontuação
2026-01-07,411,12,386,pontuação
2026-01-24,709,34,176,pontuação
2026-04-09,497,16,337,pontuação
2026-01-11,698,5,265,pontuação
2026-03-15,281,14,44,pontuação
2026-02-06,688,32,913,pontuação
2026-02-20,549,6,769,pontuação
2026-03-05,584,4,503,pontuação
2026-04-09,290,4,398,pontuação
2026-04-27,65,1,183,pontuação
2026-01-17,868,5,870,pontuação
2026-02-24,108,28,302,pontuação
2026-03-03,950,21,534,pontuação
2026-03-26,244,28,243,pontuação
2026-02-09,706,23,752,pontuação
2026-01-16,768,27,477,pontuação
2026-03-25,598,37,528,pontuação
2026-02-27,319,1,68,pontuação
2026-04-09,34,24,603,pontuação
2026-02-05,982,35,665,pontuação
2026-03-31,229,8,886,pontuação
2026-01-13,233,29,349,pontuação
2026-03-15,678,20,864,pontuação
2026-04-12,72,6,8,pontuação
2026-01-13,298,19,626,pontuação
2026-01-24,396,4,835,pontuação
2026-01-25,567,20,11,pontuação
2026-02-06,858,11,800,pontuação
2026-03-04,158,22,246,pontuação
2026-03-19,924,17,803,pontuação
2026-01-18,769,30,916,pontuação
2026-01-09,730,38,535,pontuação
2026-01-22,105,27,800,pontuação
2026-02-13,378,9,762,pontuação
2026-02-16,465,5,360,pontuação
2026-02-13,72,5,863,pontuação
2026-03-12,894,6,697,pontuação
2026-02-27,513,39,583,pontuação
2026-01-13,642,16,710,pontuação
2026-02-17,415,29,177,pontuação
2026-04-16,225,15,633,pontuação
2026-01-08,90,33,880,pontuação
2026-03-21,95,5,197,pontuação
2026-05-03,520,30,972,pontuação
2026-01-05,908,19,315,pontuação
2026-03-25,242,30,848,pontuação
2026-01-11,270,29,462,pontuação
2026-02-05,885,16,629,pontuação
2026-01-16,342,31,174,pontuação
2026-04-24,226,2,730,pontuação
2026-02-06,569,30,282,pontuação
2026-03-08,852,11,4,pontuação
2026-04-24,497,35,379,pontuação
2026-03-13,660,29,761,pontuação
2026-04-14,50,19,455,pontuação
2026-01-27,544,24,37,pontuação
2026-02-13,800,16,791,pontuação
2026-04-06,508,8,734,pontuação
2026-03-28,809,38,827,pontuação
2026-03-04,387,29,618,pontuação
2026-05-01,195,30,427,pontuação
2026-01-24,118,24,301,pontuação
2026-01-26,961,35,390,pontuação
2026-02-13,845,37,123,pontuação
2026-01-02,195,22,161,pontuação
2026-04-12,623,27,755,pontuação
2026-03-11,837,7,144,pontuação
2026-01-01,300,2,352,pontuação
2026-02-05,904,12,79,pontuação
2026-02-28,881,22,286,pontuação
2026-01-03,915,28,185,pontuação
2026-04-24,722,5,61,pontuação
2026-05-03,832,20,964,pontuação
2026-01-10,908,16,692,pontuação
2026-03-01,43,4,87,pontuação
2026-02-04,894,16,978,pontuação
2026-03-05,852,3,795,pontuação
2026-05-01,462,14,52,pontuação
2026-02-14,707,5,195,pontuação
2026-03-01,455,18,895,pontuação
2026-04-11,749,31,74,pontuação
2026-04-24,40,10,175,pontuação
2026-04-24,467,4,873,pontuação
2026-03-18,988,15,487,pontuação
2026-03-25,680,23,8,pontuação
2026-02-01,31,38,502,pontuação
2026-01-17,189,6,114,pontuação
2026-02-16,666,11,507,pontuação
2026-03-24,274,12,293,pontuação
2026-01-12,210,11,706,pontuação
2026-02-02,351,23,172,pontuação
2026-01-24,748,25,358,pontuação
2026-01-27,264,21,295,pontuação
2026-02-12,40,2,480,pontuação
2026-02-03,580,31,25,pontuação
2026-01-31,356,1,407,pontuação
2026-01-06,311,16,944,pontuação
2026-04-03,521,32,816,pontuação
2026-03-22,484,10,561,pontuação
2026-04-04,481,32,997,pontuação
2026-02-17,87,33,523,pontuação
2026-04-04,392,38,677,pontuação
2026-03-25,47,17,348,pontuação
2026-01-27,174,6,863,pontuação
2026-01-23,828,28,860,pontuação
2026-01-03,595,13,83,pontuação
2026-03-06,116,5,714,pontuação
2026-04-29,217,23,503,pontuação
2026-02-14,257,24,130,pontuação
2026-01-09,795,35,526,pontuação
2026-04-05,951,3,677,pontuação
2026-02-16,322,11,149,pontuação
2026-05-04,233,24,573,pontuação
2026-02-08,637,4,83,pontuação
2026-02-12,455,30,936,pontuação
2026-04-25,125,13,144,pontuação
2026-03-14,493,1,989,pontuação
2026-01-21,156,36,791,pontuação
2026-02-28,409,2,733,pontuação
2026-02-28,793,8,911,pontuação
2026-04-09,615,1,759,pontuação
2026-03-11,430,32,610,pontuação
2026-04-23,14,31,914,pontuação
2026-02-20,51,37,195,pontuação
2026-02-03,664,21,508,pontuação
2026-02-13,119,11,816,pontuação
2026-04-01,62,36,927,pontuação
2026-01-01,859,40,947,pontuação
2026-02-08,41,40,234,pontuação
2026-03-26,16,24,745,pontuação
2026-04-23,336,13,783,pontuação
2026-02-18,741,22,28,pontuação
2026-01-06,716,25,906,pontuação
2026-01-22,123,25,622,pontuação
2026-01-01,193,7,283,pontuação
2026-01-16,984,29,898,pontuação
2026-03-17,382,36,52,pontuação
2026-02-20,31,15,610,pontuação
2026-01-02,853,15,886,pontuação
2026-01-28,554,2,601,pontuação
2026-01-14,64,29,841,pontuação
2026-03-18,589,6,336,pontuação
2026-02-18,592,17,682,pontuação
2026-01-03,583,9,631,pontuação
2026-04-19,357,12,515,pontuação
2026-04-29,956,15,883,pontuação
2026-03-06,919,1,828,pontuação
2026-03-08,698,10,739,pontuação
2026-03-08,788,11,803,pontuação
2026-04-30,96,21,630,pontuação
2026-01-26,812,23,696,pontuação
2026-04-10,323,6,328,pontuação
2026-02-15,769,20,125,pontuação
2026-02-05,750,37,414,pontuação
2026-01-20,263,35,701,pontuação
2026-03-04,305,14,853,pontuação
2026-03-02,204,20,965,pontuação
2026-02-28,661,6,155,pontuação
2026-02-02,709,30,475,pontuação
2026-04-16,860,12,562,pontuação
2026-05-01,128,9,809,pontuação
2026-01-03,621,16,516,pontuação
2026-04-26,400,19,577,pontuação
2026-02-06,894,21,993,pontuação
2026-02-19,654,12,405,pontuação
2026-04-02,491,7,148,pontuação
2026-01-22,410,34,445,pontuação
2026-02-10,217,22,859,pontuação
2026-04-21,123,17,935,pontuação
2026-01-11,907,30,769,pontuação
2026-04-06,759,24,648,pontuação
2026-03-30,12,28,370,pontuação
2026-03-18,588,36,877,pontuação
2026-02-15,813,26,700,pontuação
2026-02-12,110,21,789,pontuação
2026-02-07,215,18,536,pontuação
2026-04-02,653,29,949,pontuação
2026-04-03,321,23,412,pontuação
2026-03-15,555,37,613,pontuação
2026-02-07,122,34,759,pontuação
2026-04-12,280,8,568,pontuação
2026-01-26,649,37,365,pontuação
2026-03-04,331,30,958,pontuação
2026-03-05,633,36,820,pontuação
2026-04-25,363,6,658,pontuação
2026-03-17,39,7,667,pontuação
2026-04-26,663,10,190,pontuação
2026-03-16,19,8,412,pontuação
2026-02-09,746,27,493,pontuação
2026-03-04,651,37,85,pontuação
2026-01-09,551,22,706,pontuação
2026-05-01,21,20,533,pontuação
2026-01-02,910,14,485,pontuação
2026-04-11,369,3,561,pontuação
2026-01-27,32,29,849,pontuação
2026-01-17,340,9,377,pontuação
2026-01-25,708,4,485,pontuação
2026-03-01,357,28,625,pontuação
2026-03-03,334,40,370,pontuação
2026-03-30,355,30,838,pontuação
2026-03-30,395,37,222,pontuação
2026-02-09,993,17,96,pontuação
2026-03-05,388,37,140,pontuação
2026-02-24,957,31,382,pontuação
2026-03-04,681,17,925,pontuação
2026-02-18,475,6,988,pontuação
2026-03-05,366,16,400,pontuação
2026-03-13,942,37,845,pontuação
2026-02-08,687,11,105,pontuação
2026-01-12,22,28,832,pontuação
2026-01-15,259,23,236,pontuação
2026-01-26,322,1,656,pontuação
2026-02-13,517,4,661,pontuação
2026-04-29,77,8,506,pontuação
2026-04-24,37,5,369,pontuação
2026-03-23,259,18,76,pontuação
2026-05-04,583,17,241,pontuação
2026-04-06,343,28,226,pontuação
2026-02-25,589,32,532,pontuação
2026-01-26,35,14,355,pontuação
2026-03-04,986,4,779,pontuação
2026-03-25,791,17,574,pontuação
2026-02-02,467,39,952,pontuação
2026-04-22,659,1,61,pontuação
2026-02-08,13,8,705,pontuação
2026-04-02,8,13,306,pontuação
2026-01-01,457,11,436,pontuação
2026-04-13,220,29,468,pontuação
2026-03-29,226,16,155,pontuação
2026-03-21,380,6,218,pontuação
2026-03-29,109,22,615,pontuação
2026-01-03,102,34,594,pontuação
2026-03-20,760,24,844,pontuação
2026-01-07,645,37,512,pontuação
2026-03-11,674,35,706,pontuação
2026-01-16,481,26,358,pontuação
2026-04-26,144,15,968,pontuação
2026-03-16,294,26,980,pontuação
2026-03-23,343,4,1,pontuação
2026-03-24,358,28,410,pontuação
2026-02-21,382,38,601,pontuação
2026-03-11,131,13,784,pontuação
2026-03-10,276,6,941,pontuação
2026-04-23,508,34,330,pontuação
2026-02-05,108,27,593,pontuação
2026-03-02,89,29,793,pontuação
2026-01-29,690,4,247,pontuação
2026-02-16,337,28,307,pontuação
2026-03-24,305,24,896,pontuação
2026-04-18,21,17,229,pontuação
2026-03-13,182,19,100,pontuação
2026-01-17,623,25,874,pontuação
2026-02-12,494,19,553,pontuação
2026-04-04,796,22,841,pontuação
2026-03-14,541,7,730,pontuação
2026-01-03,491,2,978,pontuação
2026-04-15,293,40,382,pontuação
2026-02-18,458,13,963,pontuação
2026-02-17,538,2,155,pontuação
2026-04-05,823,9,468,pontuação
2026-04-19,944,1,457,pontuação
2026-01-11,627,13,575,pontuação
2026-02-25,560,21,967,pontuação
2026-03-30,445,5,76,pontuação
2026-01-15,754,24,110,pontuação
2026-03-13,573,11,927,pontuação
2026-03-28,518,24,245,pontuação
2026-03-31,116,26,98,pontuação
2026-03-04,387,40,95,pontuação
2026-02-25,617,18,371,pontuação
2026-03-28,135,21,676,pontuação
2026-05-05,303,24,282,pontuação
2026-04-10,577,25,915,pontuação
2026-03-24,588,30,803,pontuação
2026-04-24,595,39,937,pontuação
2026-03-19,205,33,876,pontuação
2026-04-04,191,6,128,pontuação
2026-02-22,73,18,516,pontuação
2026-03-19,539,16,209,pontuação
2026-02-24,284,13,393,pontuação
2026-01-20,476,34,565,pontuação
2026-01-04,134,29,318,pontuação
2026-02-09,560,10,472,pontuação
2026-03-22,818,7,419,pontuação
2026-02-12,999,2,28,pontuação
2026-02-17,936,2,494,pontuação
2026-02-02,685,7,880,pontuação
2026-02-25,633,26,704,pontuação
2026-01-24,31,3,987,pontuação
2026-04-13,506,27,557,pontuação
2026-03-10,800,13,91,pontuação
2026-02-02,231,35,859,pontuação
2026-04-05,86,7,217,pontuação
2026-05-04,428,32,768,pontuação
2026-01-01,624,10,889,pontuação
2026-01-04,964,40,194,pontuação
2026-04-26,892,27,105,pontuação
2026-02-03,849,6,84,pontuação
2026-02-11,618,19,821,pontuação
2026-01-17,800,11,652,pontuação
2026-03-11,340,16,560,pontuação
2026-04-26,590,16,525,pontuação
2026-02-03,183,8,865,pontuação
2026-01-10,480,36,299,pontuação
2026-02-11,852,17,98,pontuação
2026-01-15,516,25,980,pontuação
2026-04-05,593,30,322,pontuação
2026-01-28,534,14,567,pontuação
2026-04-21,165,28,654,pontuação
2026-04-30,579,25,80,pontuação
2026-05-05,375,32,239,pontuação
2026-05-02,732,38,278,pontuação
2026-04-17,744,23,140,pontuação
2026-04-27,84,9,112,pontuação
2026-03-15,272,12,663,pontuação
2026-04-16,15,18,499,pontuação
2026-01-03,922,37,580,pontuação
2026-03-29,836,16,905,pontuação
2026-02-03,493,14,949,pontuação
2026-05-02,844,12,453,pontuação
2026-02-09,371,6,893,pontuação
2026-01-28,758,21,219,pontuação
2026-02-28,698,26,145,pontuação
2026-02-07,230,39,15,pontuação
2026-01-21,715,17,45,pontuação
2026-04-01,482,10,489,pontuação
2026-02-07,24,27,219,pontuação
2026-03-02,389,31,838,pontuação
2026-03-17,922,12,342,pontuação
2026-03-31,174,17,658,pontuação
2026-04-23,553,30,521,pontuação
2026-02-11,95,22,753,pontuação
2026-03-19,614,10,94,pontuação
2026-04-10,572,27,480,pontuação
2026-03-05,769,21,384,pontuação
2026-01-17,330,16,917,pontuação
2026-02-10,589,26,741,pontuação
2026-01-19,805,27,871,pontuação
2026-02-19,932,9,249,pontuação
2026-03-09,734,17,95,pontuação
2026-01-18,653,5,809,pontuação
2026-02-25,45,31,822,pontuação
2026-03-16,834,5,17,pontuação
2026-03-02,714,16,613,pontuação
2026-02-26,334,40,735,pontuação
2026-02-22,497,35,931,pontuação
2026-01-30,9,12,607,pontuação
2026-02-15,809,39,738,pontuação
2026-01-09,168,18,681,pontuação
2026-01-26,511,5,840,pontuação
2026-03-29,367,11,834,pontuação
2026-03-05,28,23,693,pontuação
2026-03-12,15,22,961,pontuação
2026-01-03,842,36,721,pontuação
2026-03-25,136,7,825,pontuação
2026-03-01,462,8,70,pontuação
2026-03-14,325,1,575,pontuação
2026-01-07,216,1,488,pontuação
2026-01-16,194,3,124,pontuação
2026-02-16,415,30,146,pontuação
2026-02-13,332,25,673,pontuação
2026-01-06,387,28,607,pontuação
2026-03-02,116,28,558,pontuação
2026-03-16,651,29,489,pontuação
2026-01-14,916,40,462,pontuação
2026-01-06,811,22,202,pontuação
2026-01-17,749,9,681,pontuação
2026-01-12,154,35,293,pontuação
2026-01-27,297,27,189,pontuação
2026-01-22,930,27,658,pontuação
2026-02-14,704,40,343,pontuação
2026-05-03,946,22,63,pontuação
2026-04-12,736,27,352,pontuação
2026-01-21,785,31,81,pontuação
2026-04-20,946,19,495,pontuação
2026-01-06,97,17,657,pontuação
2026-02-19,183,38,223,pontuação
2026-03-05,367,13,770,pontuação
2026-02-10,563,6,885,pontuação
2026-01-30,83,37,172,pontuação
2026-03-22,156,38,92,pontuação
2026-04-15,668,10,343,pontuação
2026-02-27,870,28,665,pontuação
2026-03-07,974,39,854,pontuação
2026-04-25,165,39,388,pontuação
2026-01-12,851,16,260,pontuação
2026-02-11,241,40,292,pontuação
2026-01-29,824,9,30,pontuação
2026-02-07,698,13,968,pontuação
2026-03-09,386,37,271,pontuação
2026-03-21,460,31,296,pontuação
2026-03-28,754,16,31,pontuação
2026-01-06,101,4,433,pontuação
2026-02-26,231,20,771,pontuação
2026-04-03,897,34,627,pontuação
2026-01-02,919,6,233,pontuação
2026-02-08,702,6,273,pontuação
2026-03-23,358,20,92,pontuação
2026-04-01,551,39,353,pontuação
2026-03-31,483,17,619,pontuação
2026-02-17,170,8,8,pontuação
2026-03-24,31,29,562,pontuação
2026-01-08,825,26,375,pontuação
2026-02-14,239,3,721,pontuação
2026-04-13,418,15,281,pontuação
2026-02-18,214,11,513,pontuação
2026-03-20,939,28,721,pontuação
2026-04-19,271,23,418,pontuação
2026-03-18,317,34,6,pontuação
2026-03-12,439,15,523,pontuação
2026-03-19,31,34,710,pontuação
2026-01-10,352,15,802,pontuação
2026-05-02,111,31,287,pontuação
2026-02-12,245,1,861,pontuação
2026-01-22,349,37,945,pontuação
2026-04-29,362,8,284,pontuação
2026-02-28,717,14,789,pontuação
2026-02-05,51,2,494,pontuação
2026-03-22,384,38,656,pontuação
2026-02-02,124,24,136,pontuação
2026-04-21,995,30,655,pontuação
2026-01-28,940,6,38,pontuação
2026-01-11,466,14,405,pontuação
2026-02-05,454,31,946,pontuação
2026-03-19,709,4,851,pontuação
2026-01-11,363,7,716,pontuação
2026-01-01,116,17,516,pontuação
2026-02-06,124,17,817,pontuação
2026-03-20,95,37,41,pontuação
2026-03-11,237,20,739,pontuação
2026-02-02,406,13,906,pontuação
2026-01-10,702,18,703,pontuação
2026-02-14,912,34,703,pontuação
2026-02-05,237,34,502,pontuação
2026-04-13,685,39,176,pontuação
2026-05-04,888,20,957,pontuação
2026-04-06,357,10,211,pontuação
2026-03-21,338,18,660,pontuação
2026-02-09,289,9,912,pontuação
2026-05-04,77,9,48,pontuação
2026-02-20,480,9,49,pontuação
2026-04-07,847,37,457,pontuação
2026-02-20,275,25,157,pontuação
2026-02-24,351,10,400,pontuação
2026-01-31,596,18,144,pontuação
2026-04-24,207,36,627,pontuação
2026-02-20,794,14,937,pontuação
2026-01-22,1,24,461,pontuação
2026-01-30,699,33,547,pontuação
2026-01-24,828,18,833,pontuação
2026-02-10,444,19,514,pontuação
2026-02-10,988,33,481,pontuação
2026-04-07,111,27,339,pontuação
2026-03-07,119,30,876,pontuação
2026-04-12,847,39,801,pontuação
2026-01-21,449,19,905,pontuação
2026-03-13,387,34,698,pontuação
2026-01-09,617,26,839,pontuação
2026-04-03,704,10,958,pontuação
2026-04-07,475,31,961,pontuação
2026-01-04,45,40,493,pontuação
2026-04-22,864,32,927,pontuação
2026-05-02,841,38,770,pontuação
2026-01-30,923,25,805,pontuação
2026-01-15,802,32,679,pontuação
2026-02-08,238,24,8,pontuação
2026-01-04,38,26,811,pontuação
2026-01-04,905,15,534,pontuação
2026-01-22,832,4,992,pontuação
2026-02-05,474,34,766,pontuação
2026-04-02,25,36,784,pontuação
2026-02-08,996,2,495,pontuação
2026-03-26,18,5,157,pontuação
2026-04-09,5,39,934,pontuação
2026-02-26,632,13,645,pontuação
2026-03-07,879,13,553,pontuação
2026-03-22,298,7,880,pontuação
2026-05-03,589,32,287,pontuação
2026-01-06,954,10,302,pontuação
2026-02-19,333,30,445,pontuação
2026-01-14,969,16,396,pontuação
2026-01-20,887,9,967,pontuação
2026-03-08,338,37,749,pontuação
2026-01-19,7,27,873,pontuação
2026-01-31,267,33,236,pontuação
2026-02-24,818,5,202,pontuação
2026-03-04,159,3,459,pontuação
2026-01-20,374,16,759,pontuação
2026-04-12,625,26,192,pontuação
2026-04-20,520,37,711,pontuação
2026-01-18,642,26,741,pontuação
2026-04-02,632,33,949,pontuação
2026-04-10,739,31,128,pontuação
2026-02-25,717,26,887,pontuação
2026-02-13,419,39,559,pontuação
2026-01-20,103,10,715,pontuação
2026-04-09,11,35,460,pontuação
2026-01-28,117,10,382,pontuação
2026-03-16,151,2,990,pontuação
2026-01-10,813,4,583,pontuação
2026-01-11,972,17,582,pontuação
2026-02-05,243,23,846,pontuação
2026-04-12,275,15,124,pontuação
2026-04-13,583,22,388,pontuação
2026-02-15,4,37,502,pontuação
2026-04-07,742,1,384,pontuação
2026-02-13,868,4,668,pontuação
2026-01-07,887,19,972,pontuação
2026-04-08,68,21,232,pontuação
2026-02-17,790,22,783,pontuação
2026-05-05,701,32,988,pontuação
2026-01-19,177,22,594,pontuação
2026-01-17,151,13,266,pontuação
2026-03-08,702,22,660,pontuação
2026-04-23,782,39,571,pontuação
2026-03-22,144,31,950,pontuação
2026-03-08,867,29,578,pontuação
2026-04-26,187,28,458,pontuação
2026-03-22,58,4,181,pontuação
2026-04-08,624,6,708,pontuação
2026-04-01,927,12,153,pontuação
2026-04-18,50,2,678,pontuação
2026-01-04,537,32,60,pontuação
2026-04-20,422,13,555,pontuação
2026-02-28,260,23,31,pontuação
2026-02-22,254,14,802,pontuação
2026-02-24,726,29,587,pontuação
2026-04-23,420,30,94,pontuação
2026-03-01,167,30,156,pontuação
2026-03-19,419,36,107,pontuação
2026-03-29,198,11,748,pontuação
2026-05-04,677,11,338,pontuação
2026-04-10,226,21,172,pontuação
2026-02-04,794,30,1000,pontuação
2026-04-08,74,19,614,pontuação
2026-01-12,151,3,192,pontuação
2026-01-17,622,21,401,pontuação
2026-03-03,688,23,532,pontuação
2026-05-03,390,10,777,pontuação
2026-02-22,822,7,40,pontuação
2026-01-25,202,21,893,pontuação
2026-03-27,120,25,482,pontuação
2026-01-16,647,17,365,pontuação
2026-01-18,724,9,513,pontuação
2026-01-03,835,3,375,pontuação
2026-01-27,220,3,782,pontuação
2026-04-19,318,12,814,pontuação
2026-02-19,387,19,541,pontuação
2026-02-01,588,20,353,pontuação
2026-03-15,494,5,47,pontuação
2026-02-06,719,29,50,pontuação
2026-02-15,663,21,77,pontuação
2026-03-02,812,32,406,pontuação
2026-01-13,651,16,712,pontuação
2026-01-05,457,8,128,pontuação
2026-01-18,807,17,221,pontuação
2026-01-11,503,12,925,pontuação
2026-02-21,82,33,567,pontuação
2026-02-25,611,25,629,pontuação
2026-01-10,894,24,48,pontuação
2026-02-23,178,21,176,pontuação
2026-02-15,476,2,511,pontuação
2026-03-31,907,25,354,pontuação
2026-05-04,383,3,130,pontuação
2026-04-25,90,36,552,pontuação
2026-04-14,287,4,986,pontuação
2026-03-07,412,2,909,pontuação
2026-01-06,704,31,599,pontuação
2026-02-07,793,21,347,pontuação
2026-04-18,916,38,869,pontuação
2026-02-06,701,16,808,pontuação
2026-01-13,212,13,614,pontuação
2026-02-05,982,27,197,pontuação
2026-04-12,588,8,555,pontuação
2026-02-19,2,15,614,pontuação
2026-02-05,791,36,270,pontuação
2026-04-22,13,20,566,pontuação
2026-02-14,807,6,595,pontuação
2026-02-06,584,23,476,pontuação
2026-02-15,649,39,285,pontuação
2026-01-11,735,1,312,pontuação
2026-03-18,227,20,532,pontuação
2026-01-07,522,7,127,pontuação
2026-02-23,584,7,337,pontuação
2026-03-19,74,13,430,pontuação
2026-03-03,496,5,505,pontuação
2026-04-30,19,18,29,pontuação
2026-03-30,97,4,482,pontuação
2026-03-24,332,12,489,pontuação
2026-03-18,374,40,788,pontuação
2026-03-01,678,15,932,pontuação
2026-03-04,259,9,967,pontuação
2026-02-17,295,17,195,pontuação
2026-04-29,989,18,675,pontuação
2026-02-24,453,38,484,pontuação
2026-01-03,164,38,621,pontuação
2026-03-24,76,39,738,pontuação
2026-01-03,625,38,31,pontuação
2026-01-22,537,34,963,pontuação
2026-04-28,125,2,174,pontuação
2026-01-09,58,37,285,pontuação
2026-03-13,829,18,377,pontuação
2026-02-12,111,38,371,pontuação
2026-02-09,514,14,78,pontuação
2026-02-15,458,25,55,pontuação
2026-04-18,950,10,606,pontuação
2026-02-12,695,17,365,pontuação
2026-01-05,310,10,847,pontuação
2026-02-05,773,7,898,pontuação
2026-02-25,451,4,291,pontuação
2026-02-03,831,28,518,pontuação
2026-04-17,929,23,493,pontuação
2026-03-24,835,40,206,pontuação
2026-04-24,450,36,75,pontuação
2026-02-08,971,34,398,pontuação
2026-02-03,918,26,371,pontuação
2026-04-16,284,13,267,pontuação
2026-01-04,1000,29,821,pontuação
2026-02-22,714,12,828,pontuação
2026-02-07,415,27,646,pontuação
2026-04-23,994,16,910,pontuação
2026-02-11,544,32,38,pontuação
2026-03-21,20,17,480,pontuação
2026-01-19,84,19,607,pontuação
2026-01-29,430,29,369,pontuação
2026-01-17,846,37,598,pontuação
2026-03-06,606,31,642,pontuação
2026-02-08,381,28,298,pontuação
2026-02-15,940,40,844,pontuação
2026-01-25,438,14,904,pontuação
2026-05-03,506,36,599,pontuação
2026-03-18,608,7,252,pontuação
2026-04-26,707,31,141,pontuação
2026-01-12,294,25,501,pontuação
2026-03-10,691,23,573,pontuação
2026-04-26,200,11,644,pontuação
2026-01-03,488,32,135,pontuação
2026-02-02,4,5,555,pontuação
2026-03-28,733,1,585,pontuação
2026-04-29,79,14,856,pontuação
2026-02-18,243,1,492,pontuação
2026-03-05,210,36,777,pontuação
2026-01-25,696,7,902,pontuação
2026-03-31,706,13,261,pontuação
2026-03-31,491,28,288,pontuação
2026-03-09,413,9,129,pontuação
2026-03-31,876,7,981,pontuação
2026-04-20,692,29,1,pontuação
2026-01-14,545,2,673,pontuação
2026-02-24,580,5,92,pontuação
2026-04-07,495,37,922,pontuação
2026-03-29,417,34,717,pontuação
2026-01-21,777,14,699,pontuação
2026-03-27,158,8,365,pontuação
2026-02-07,213,22,507,pontuação
2026-02-11,147,2,420,pontuação
2026-04-19,725,10,804,pontuação
2026-04-17,201,32,604,pontuação
2026-01-24,127,4,825,pontuação
2026-01-28,547,25,209,pontuação
2026-02-06,153,5,200,pontuação
2026-01-08,310,21,230,pontuação
2026-02-26,987,33,340,pontuação
2026-05-02,343,9,81,pontuação
2026-02-14,159,18,601,pontuação
2026-04-15,31,33,375,pontuação
2026-01-30,485,11,6,pontuação
2026-03-12,100,19,902,pontuação
2026-03-31,21,15,302,pontuação
2026-01-11,130,10,766,pontuação
2026-02-14,818,22,714,pontuação
2026-02-26,762,1,490,pontuação
2026-03-16,783,10,615,pontuação
2026-03-24,915,3,711,pontuação
2026-01-18,222,38,890,pontuação
2026-04-18,600,33,836,pontuação
2026-03-09,474,24,61,pontuação
2026-02-20,406,7,382,pontuação
2026-05-01,778,30,573,pontuação
2026-01-04,743,28,752,pontuação
2026-04-25,498,9,520,pontuação
2026-04-29,671,35,271,pontuação
2026-01-30,612,15,653,pontuação
2026-03-05,255,32,573,pontuação
2026-04-02,926,14,744,pontuação
2026-03-20,110,23,43,pontuação
2026-03-25,552,34,258,pontuação
2026-01-18,55,16,143,pontuação
2026-02-13,368,23,266,pontuação
2026-02-14,796,15,7,pontuação
2026-01-30,408,37,445,pontuação
2026-02-12,612,38,954,pontuação
2026-03-23,627,39,729,pontuação
2026-04-25,261,20,58,pontuação
2026-03-29,313,28,480,pontuação
2026-04-06,451,2,219,pontuação
2026-04-08,589,31,138,pontuação
2026-03-20,256,3,292,pontuação
2026-02-16,965,15,975,pontuação
2026-01-10,991,12,626,pontuação
2026-03-20,635,22,300,pontuação
2026-03-29,87,5,425,pontuação
2026-03-10,213,37,56,pontuação
2026-04-28,128,4,732,pontuação
2026-01-28,426,15,27,pontuação
2026-04-19,116,33,789,pontuação
2026-02-18,129,9,586,pontuação
2026-04-23,270,15,231,pontuação
2026-03-17,78,21,273,pontuação
2026-01-16,864,24,950,pontuação
2026-04-01,624,26,148,pontuação
2026-03-28,274,14,876,pontuação
2026-04-24,576,40,451,pontuação
2026-02-19,988,19,925,pontuação
2026-02-06,687,18,160,pontuação
2026-01-28,793,23,397,pontuação
2026-01-28,798,36,627,pontuação
2026-01-17,35,13,581,pontuação
2026-03-16,543,38,2,pontuação
2026-01-14,118,29,624,pontuação
2026-01-31,659,40,152,pontuação
2026-03-12,541,25,19,pontuação
2026-01-23,377,30,494,pontuação
2026-04-15,484,23,923,pontuação
2026-04-23,686,4,567,pontuação
2026-02-02,483,3,679,pontuação
2026-01-05,780,3,413,pontuação
2026-03-11,169,31,179,pontuação
2026-04-06,813,28,292,pontuação
2026-02-19,560,4,432,pontuação
2026-03-16,742,4,979,pontuação
2026-01-19,441,6,823,pontuação
2026-04-06,320,37,685,pontuação
2026-03-14,57,22,175,pontuação
2026-02-01,851,11,412,pontuação
2026-01-13,556,10,817,pontuação
2026-03-05,572,27,566,pontuação
2026-04-27,286,18,281,pontuação
2026-02-07,334,29,727,pontuação
2026-01-24,570,13,87,pontuação
2026-03-01,715,34,164,pontuação
2026-01-31,728,40,816,pontuação
2026-04-28,698,3,911,pontuação
2026-03-15,663,34,622,pontuação
2026-03-24,509,3,785,pontuação
2026-03-09,35,10,587,pontuação
2026-02-09,56,24,487,pontuação
2026-02-27,72,32,344,pontuação
2026-02-13,277,38,178,pontuação
2026-03-29,984,32,971,pontuação
2026-03-17,640,14,296,pontuação
2026-01-21,470,14,909,pontuação
2026-02-07,333,21,705,pontuação
2026-04-01,336,12,913,pontuação
2026-04-02,633,19,969,pontuação
2026-01-04,814,6,788,pontuação
2026-02-03,290,5,933,pontuação
2026-03-10,316,38,693,pontuação
2026-04-20,200,3,204,pontuação
2026-05-03,284,17,328,pontuação
2026-02-22,415,4,194,pontuação
2026-01-17,54,30,832,pontuação
2026-03-06,519,1,445,pontuação
2026-01-30,894,32,34,pontuação
2026-02-06,519,14,13,pontuação
2026-02-24,935,4,989,pontuação
2026-04-21,705,5,971,pontuação
2026-02-20,779,32,937,pontuação
2026-04-22,929,34,995,pontuação
2026-04-07,269,37,815,pontuação
2026-02-18,722,9,734,pontuação
2026-05-02,951,21,789,pontuação
2026-05-04,763,5,965,pontuação
2026-03-20,48,15,525,pontuação
2026-02-02,793,11,495,pontuação
2026-01-18,525,38,757,pontuação
2026-04-08,78,9,664,pontuação
2026-03-23,875,6,357,pontuação
2026-03-06,346,13,938,pontuação
2026-03-06,29,20,478,pontuação
2026-04-22,436,7,285,pontuação
2026-01-12,335,9,203,pontuação
2026-01-29,235,5,496,pontuação
2026-04-15,440,8,576,pontuação
2026-02-04,121,38,478,pontuação
2026-02-08,145,3,433,pontuação
2026-03-08,850,13,535,pontuação
2026-01-29,19,2,236,pontuação
2026-03-10,513,27,254,pontuação
2026-01-29,484,6,326,pontuação
2026-04-11,704,1,417,pontuação
2026-01-31,817,26,25,pontuação
2026-01-20,127,34,353,pontuação
2026-01-10,752,18,613,pontuação
2026-01-26,305,5,707,pontuação
2026-03-25,18,34,887,pontuação
2026-01-19,412,32,272,pontuação
2026-03-13,880,35,306,pontuação
2026-01-25,396,27,448,pontuação
2026-01-01,879,39,200,pontuação
2026-03-05,705,33,86,pontuação
2026-04-29,984,34,416,pontuação
2026-03-22,164,6,1000,pontuação
2026-04-24,118,14,827,pontuação
2026-03-24,668,29,641,pontuação
2026-01-20,838,10,128,pontuação
2026-04-12,640,23,414,pontuação
2026-03-08,23,24,335,pontuação
2026-01-24,124,40,465,pontuação
2026-02-09,135,1,743,pontuação
2026-01-03,310,23,686,pontuação
2026-01-18,458,13,944,pontuação
2026-04-24,445,27,957,pontuação
2026-02-08,971,11,11,pontuação
2026-03-05,899,38,522,pontuação
2026-03-21,177,27,314,pontuação
2026-01-14,569,24,50,pontuação
2026-01-18,324,8,456,pontuação
2026-01-10,417,17,449,pontuação
2026-04-18,563,3,967,pontuação
2026-01-17,258,38,536,pontuação
2026-01-08,570,29,999,pontuação
2026-05-04,795,3,191,pontuação
2026-04-19,958,2,24,pontuação
2026-03-12,458,3,674,pontuação
2026-01-24,212,3,449,pontuação
2026-05-02,871,33,241,pontuação
2026-01-15,290,24,899,pontuação
2026-04-22,450,24,566,pontuação
2026-03-01,101,16,410,pontuação
2026-03-04,65,11,469,pontuação
2026-04-01,539,15,836,pontuação
2026-04-29,52,36,966,pontuação
2026-02-18,368,20,792,pontuação
2026-01-17,792,23,433,pontuação
2026-04-04,927,27,417,pontuação
2026-02-10,288,3,895,pontuação
2026-03-18,188,35,369,pontuação
2026-01-26,587,30,761,pontuação
2026-01-14,421,24,719,pontuação
2026-03-28,796,23,446,pontuação
2026-03-07,274,3,769,pontuação
2026-02-10,912,25,626,pontuação
2026-03-12,231,37,394,pontuação
2026-01-27,734,29,630,pontuação
2026-04-12,693,19,882,pontuação
2026-04-18,868,5,866,pontuação
2026-04-07,520,26,759,pontuação
2026-02-05,108,36,994,pontuação
2026-04-09,196,6,903,pontuação
2026-04-30,337,7,724,pontuação
2026-04-04,484,2,927,pontuação
2026-02-07,240,14,986,pontuação
2026-03-24,756,25,144,pontuação
2026-04-07,644,12,561,pontuação
2026-03-27,251,16,114,pontuação
2026-03-21,576,34,745,pontuação
2026-04-14,420,2,296,pontuação
2026-02-17,455,19,140,pontuação
2026-01-24,843,38,528,pontuação
2026-04-08,145,1,55,pontuação
2026-03-31,907,40,54,pontuação
2026-01-08,479,12,212,pontuação
2026-02-20,534,22,659,pontuação
2026-01-31,760,8,707,pontuação
2026-02-25,583,13,867,pontuação
2026-04-12,516,19,258,pontuação
2026-02-11,542,9,359,pontuação
2026-01-12,498,30,408,pontuação
2026-04-19,614,39,133,pontuação
2026-04-01,519,27,160,pontuação
2026-05-05,901,24,851,pontuação
2026-04-16,62,1,652,pontuação
2026-01-01,92,22,315,pontuação
2026-04-22,656,40,487,pontuação
2026-04-06,759,22,665,pontuação
2026-01-16,403,35,728,pontuação
2026-01-03,890,9,309,pontuação
2026-01-09,784,2,862,pontuação
2026-01-13,120,37,578,pontuação
2026-02-27,369,20,89,pontuação
2026-01-24,874,29,900,pontuação
2026-02-02,371,6,551,pontuação
2026-04-07,175,32,798,pontuação
2026-04-03,203,13,886,pontuação
2026-02-03,798,36,270,pontuação
2026-03-07,649,35,39,pontuação
2026-01-10,29,14,19,pontuação
2026-01-28,437,34,359,pontuação
2026-03-31,933,27,362,pontuação
2026-03-10,722,35,853,pontuação
2026-02-16,547,32,473,pontuação
2026-01-21,101,34,131,pontuação
2026-05-04,998,6,348,pontuação
2026-04-07,403,7,292,pontuação
2026-02-24,484,1,770,pontuação
2026-01-20,194,8,165,pontuação
2026-01-16,463,21,570,pontuação
2026-03-20,796,3,51,pontuação
2026-04-05,841,10,153,pontuação
2026-02-25,32,6,338,pontuação
2026-02-08,671,11,136,pontuação
2026-04-17,44,7,964,pontuação
2026-05-03,617,16,771,pontuação
2026-04-29,460,29,72,pontuação
2026-04-07,496,26,721,pontuação
2026-01-14,172,33,182,pontuação
2026-01-03,714,4,707,pontuação
2026-02-18,885,17,475,pontuação
2026-01-02,459,33,299,pontuação
2026-03-21,686,40,193,pontuação
2026-02-05,812,22,799,pontuação
2026-02-14,753,19,791,pontuação
2026-03-10,337,10,188,pontuação
2026-02-16,432,10,968,pontuação
2026-03-22,409,15,740,pontuação
2026-02-16,398,24,710,pontuação
2026-04-13,260,4,284,pontuação
2026-04-07,230,21,432,pontuação
2026-03-04,97,9,541,pontuação
2026-03-27,163,22,297,pontuação
2026-01-16,262,24,332,pontuação
2026-03-20,975,13,162,pontuação
2026-01-22,362,20,227,pontuação
2026-01-02,307,16,859,pontuação
2026-03-05,10,12,883,pontuação
2026-01-14,208,26,900,pontuação
2026-03-18,847,20,519,pontuação
2026-03-21,491,26,72,pontuação
2026-03-19,215,37,872,pontuação
2026-04-14,662,29,41,pontuação
2026-04-21,64,10,363,pontuação
2026-03-31,585,7,72,pontuação
2026-03-02,803,33,865,pontuação
2026-01-01,913,7,707,pontuação
2026-03-17,8,19,391,pontuação
2026-02-24,106,2,34,pontuação
2026-05-01,510,31,636,pontuação
2026-02-13,47,13,418,pontuação
2026-03-24,986,4,757,pontuação
2026-02-26,856,35,948,pontuação
2026-03-10,974,33,124,pontuação
2026-02-05,244,37,653,pontuação
2026-01-29,239,34,396,pontuação
2026-04-20,243,32,943,pontuação
2026-03-01,757,4,788,pontuação
2026-04-13,234,37,778,pontuação
2026-01-08,619,21,376,pontuação
2026-02-12,302,23,501,pontuação
2026-01-27,995,40,54,pontuação
2026-03-13,889,17,926,pontuação
2026-01-25,667,10,955,pontuação
2026-04-20,676,21,352,pontuação
2026-02-13,509,34,841,pontuação
2026-03-17,609,26,412,pontuação
2026-03-04,918,27,879,pontuação
2026-04-16,666,35,661,pontuação
2026-03-21,309,31,114,pontuação
2026-02-03,739,18,189,pontuação
2026-01-17,167,6,711,pontuação
2026-03-20,1000,30,377,pontuação
2026-01-09,369,5,68,pontuação
2026-03-14,984,28,647,pontuação
2026-01-09,717,7,235,pontuação
2026-03-29,163,16,216,pontuação
2026-01-05,453,2,776,pontuação
2026-03-07,697,38,803,pontuação
2026-03-13,357,23,512,pontuação
2026-02-16,946,14,866,pontuação
2026-04-29,541,39,113,pontuação
2026-02-25,911,21,551,pontuação
2026-01-14,908,10,769,pontuação
2026-04-24,395,33,394,pontuação
2026-02-05,103,27,329,pontuação
2026-04-11,256,28,165,pontuação
2026-04-08,722,16,119,pontuação
2026-03-03,476,8,747,pontuação
2026-02-18,73,18,905,pontuação
2026-03-16,185,34,719,pontuação
2026-05-04,427,18,37,pontuação
2026-02-11,596,40,493,pontuação
2026-04-21,876,15,233,pontuação
2026-01-12,501,38,403,pontuação
2026-01-29,544,31,656,pontuação
2026-02-10,575,37,610,pontuação
2026-02-17,261,29,197,pontuação
2026-02-06,819,26,998,pontuação
2026-02-16,363,8,166,pontuação
2026-04-07,786,23,247,pontuação
2026-03-28,33,3,990,pontuação
2026-03-21,427,39,916,pontuação
2026-05-01,572,18,66,pontuação
2026-01-06,976,18,835,pontuação
2026-03-09,977,38,318,pontuação
2026-04-07,995,18,278,pontuação
2026-01-07,732,25,555,pontuação
2026-03-16,677,7,846,pontuação
2026-04-21,420,19,732,pontuação
2026-04-21,717,35,499,pontuação
2026-02-13,600,36,96,pontuação
2026-02-11,264,4,797,pontuação
2026-03-16,888,26,960,pontuação
2026-02-05,766,15,696,pontuação
2026-01-22,715,39,87,pontuação
2026-01-28,398,5,785,pontuação
2026-01-30,279,21,985,pontuação
2026-01-12,379,19,40,pontuação
2026-03-23,383,13,582,pontuação
2026-04-18,61,3,974,pontuação
2026-01-13,814,15,98,pontuação
2026-03-05,533,26,880,pontuação
2026-02-05,419,25,246,pontuação
2026-01-10,387,32,978,pontuação
2026-03-14,778,15,317,pontuação
2026-03-06,876,4,21,pontuação
2026-03-26,560,3,54,pontuação
2026-03-23,264,15,981,pontuação
2026-04-20,722,5,358,pontuação
2026-03-22,561,28,92,pontuação
2026-04-05,450,21,773,pontuação
2026-04-17,16,37,804,pontuação
2026-01-10,390,13,830,pontuação
2026-02-23,656,14,324,pontuação
2026-02-16,521,3,925,pontuação
2026-01-02,522,6,851,pontuação
2026-02-12,68,38,429,pontuação
2026-01-12,57,5,374,pontuação
2026-02-03,859,23,767,pontuação
2026-01-18,797,13,4,pontuação
2026-03-19,464,15,695,pontuação
2026-01-31,221,8,71,pontuação
2026-01-05,385,7,788,pontuação
2026-02-24,432,15,108,pontuação
2026-04-21,505,17,337,pontuação
2026-04-02,572,40,77,pontuação
2026-03-09,264,16,376,pontuação
2026-03-30,237,6,629,pontuação
2026-03-08,618,16,194,pontuação
2026-02-22,125,20,490,pontuação
2026-03-18,516,33,594,pontuação
2026-03-31,143,29,434,pontuação
2026-04-07,179,38,683,pontuação
2026-05-03,761,5,375,pontuação
2026-03-10,179,9,460,pontuação
2026-01-23,681,14,435,pontuação
2026-02-20,809,31,971,pontuação
2026-01-15,554,40,38,pontuação
2026-01-25,256,4,720,pontuação
2026-02-07,337,3,970,pontuação
2026-02-13,101,10,151,pontuação
2026-01-28,758,29,625,pontuação
2026-04-06,880,10,886,pontuação
2026-04-02,728,8,425,pontuação
2026-03-21,197,40,458,pontuação
2026-03-22,375,32,284,pontuação
2026-04-02,799,2,207,pontuação
2026-02-22,780,21,568,pontuação
2026-03-05,340,18,893,pontuação
2026-02-20,686,9,700,pontuação
2026-01-30,332,9,338,pontuação
2026-01-06,47,35,446,pontuação
2026-01-23,162,38,673,pontuação
2026-01-14,806,10,277,pontuação
2026-03-03,381,14,683,pontuação
2026-03-25,920,19,539,pontuação
2026-04-02,18,20,608,pontuação
2026-04-07,79,4,641,pontuação
2026-03-15,997,18,794,pontuação
2026-04-06,669,17,29,pontuação
2026-02-19,89,20,845,pontuação
2026-01-05,97,35,390,pontuação
2026-04-24,210,5,738,pontuação
2026-01-03,223,40,690,pontuação
2026-01-01,358,39,400,pontuação
2026-04-28,235,19,256,pontuação
2026-01-23,561,17,57,pontuação
2026-01-16,106,32,897,pontuação
2026-01-14,793,28,591,pontuação
2026-03-25,860,17,886,pontuação
2026-03-30,821,23,779,pontuação
2026-02-25,203,40,711,pontuação
2026-03-18,254,15,748,pontuação
2026-05-05,758,12,519,pontuação
2026-01-06,891,30,994,pontuação
2026-02-22,858,35,801,pontuação
2026-02-03,679,38,580,pontuação
2026-01-27,961,8,681,pontuação
2026-03-15,768,7,621,pontuação
2026-03-19,375,27,210,pontuação
2026-03-12,117,22,175,pontuação
2026-02-05,819,21,889,pontuação
2026-02-11,760,38,370,pontuação
2026-03-21,154,2,638,pontuação
2026-04-07,15,22,906,pontuação
2026-02-18,99,27,55,pontuação
2026-04-01,841,5,349,pontuação
2026-02-26,549,1,937,pontuação
2026-01-05,982,38,436,pontuação
2026-04-20,911,36,907,pontuação
2026-02-19,158,11,423,pontuação
2026-02-13,4,19,995,pontuação
2026-02-14,932,33,618,pontuação
2026-04-29,476,34,295,pontuação
2026-05-01,222,13,211,pontuação
2026-02-07,222,35,23,pontuação
2026-01-31,108,20,321,pontuação
2026-01-09,97,37,687,pontuação
2026-04-03,223,8,578,pontuação
2026-03-13,890,34,573,pontuação
2026-03-23,999,23,125,pontuação
2026-01-03,205,3,499,pontuação
2026-02-25,273,20,559,pontuação
2026-01-26,971,22,246,pontuação
2026-03-06,565,33,391,pontuação
2026-02-18,42,39,171,pontuação
2026-02-22,101,15,940,pontuação
2026-02-28,689,4,149,pontuação
2026-04-08,507,21,414,pontuação
2026-02-27,338,29,51,pontuação
2026-05-03,860,33,120,pontuação
2026-03-02,106,22,671,pontuação
2026-03-09,548,24,245,pontuação
2026-04-21,340,15,240,pontuação
2026-03-29,291,29,465,pontuação
2026-04-11,650,26,3,pontuação
2026-01-07,806,7,314,pontuação
2026-03-16,683,7,477,pontuação
2026-03-03,408,5,98,pontuação
2026-02-27,996,37,168,pontuação
2026-01-07,398,19,133,pontuação
2026-03-28,897,4,78,pontuação
2026-01-04,261,37,944,pontuação
2026-03-23,508,39,998,pontuação
2026-04-06,325,1,241,pontuação
2026-04-29,768,8,695,pontuação
2026-02-10,98,37,901,pontuação
2026-02-08,803,25,649,pontuação
2026-02-22,579,3,12,pontuação
2026-02-01,409,20,361,pontuação
2026-03-09,400,8,217,pontuação
2026-04-22,78,19,726,pontuação
2026-05-04,123,10,137,pontuação
2026-05-01,636,24,886,pontuação
2026-01-21,896,27,486,pontuação
2026-01-11,574,16,48,pontuação
2026-04-15,90,19,363,pontuação
2026-03-03,183,4,178,pontuação
2026-04-14,597,24,226,pontuação
2026-02-01,887,13,400,pontuação
2026-05-01,98,8,569,pontuação
2026-04-06,337,7,471,pontuação
2026-05-03,327,28,611,pontuação
2026-03-17,891,19,356,pontuação
2026-01-28,54,33,367,pontuação
2026-05-02,841,5,758,pontuação
2026-03-08,8,32,839,pontuação
2026-01-12,713,20,420,pontuação
2026-03-07,205,15,187,pontuação
2026-02-13,272,9,945,pontuação
2026-01-22,176,1,504,pontuação
2026-03-28,546,2,260,pontuação
2026-04-25,473,18,259,pontuação
2026-04-25,655,1,395,pontuação
2026-01-08,802,9,564,pontuação
2026-01-19,71,39,786,pontuação
2026-03-01,309,21,989,pontuação
2026-04-30,784,36,536,pontuação
2026-04-10,543,10,724,pontuação
2026-04-20,935,37,187,pontuação
2026-04-13,392,31,944,pontuação
2026-02-04,553,10,168,pontuação
2026-03-02,936,4,554,pontuação
2026-04-29,10,11,787,pontuação
2026-01-12,523,17,127,pontuação
2026-02-16,643,7,955,pontuação
2026-03-23,921,23,227,pontuação
2026-03-22,152,18,804,pontuação
2026-03-09,943,6,212,pontuação
2026-03-18,54,20,326,pontuação
2026-02-23,275,24,556,pontuação
2026-03-19,792,16,632,pontuação
2026-01-02,155,9,181,pontuação
2026-02-26,312,38,695,pontuação
2026-03-07,235,6,914,pontuação
2026-04-17,957,7,274,pontuação
2026-03-28,32,7,136,pontuação
2026-02-13,653,29,447,pontuação
2026-02-28,586,14,689,pontuação
2026-01-24,277,10,968,pontuação
2026-01-28,624,8,126,pontuação
2026-01-14,139,16,643,pontuação
2026-04-23,1000,6,176,pontuação
2026-04-08,102,29,814,pontuação
2026-03-05,635,39,471,pontuação
2026-02-21,425,14,745,pontuação
2026-02-13,227,38,191,pontuação
2026-04-05,113,26,440,pontuação
2026-04-20,948,36,446,pontuação
2026-03-10,884,2,977,pontuação
2026-04-27,47,10,204,pontuação
2026-01-10,714,18,369,pontuação
2026-01-31,957,38,155,pontuação
2026-04-08,874,15,116,pontuação
2026-01-20,564,39,552,pontuação
2026-01-19,46,31,732,pontuação
2026-02-04,693,15,97,pontuação
2026-03-11,203,10,591,pontuação
2026-03-01,466,20,86,pontuação
2026-03-03,684,10,442,pontuação
2026-01-22,930,24,228,pontuação
2026-01-09,284,31,816,pontuação
2026-01-07,435,3,651,pontuação
2026-03-29,946,30,755,pontuação
2026-01-09,464,24,282,pontuação
2026-01-07,2,37,540,pontuação
2026-02-25,714,23,968,pontuação
2026-01-12,280,29,375,pontuação
2026-01-08,803,18,760,pontuação
2026-02-09,110,35,860,pontuação
2026-02-15,193,30,801,pontuação
2026-03-07,369,19,926,pontuação
2026-03-18,326,23,238,pontuação
2026-01-23,795,20,239,pontuação
2026-04-27,55,6,778,pontuação
2026-03-13,436,33,654,pontuação
2026-03-03,793,15,619,pontuação
2026-03-26,154,29,514,pontuação
2026-01-13,146,7,864,pontuação
2026-02-14,747,1,684,pontuação
2026-01-13,758,15,506,pontuação
2026-04-06,469,6,405,pontuação
2026-03-29,756,27,308,pontuação
2026-03-15,424,26,13,pontuação
2026-02-18,54,32,160,pontuação
2026-03-03,575,2,496,pontuação
2026-01-20,427,2,792,pontuação
2026-03-29,534,5,703,pontuação
2026-03-31,4,32,370,pontuação
2026-04-18,89,19,981,pontuação
2026-05-03,716,38,653,pontuação
2026-02-20,863,21,408,pontuação
2026-03-19,442,19,160,pontuação
2026-01-21,968,28,748,pontuação
2026-04-12,616,8,286,pontuação
2026-01-05,886,32,448,pontuação
2026-01-13,933,12,440,pontuação
2026-03-20,650,1,528,pontuação
2026-04-11,455,4,287,pontuação
2026-01-27,285,3,145,pontuação
2026-03-07,813,31,600,pontuação
2026-03-20,69,4,885,pontuação
2026-01-27,646,32,423,pontuação
2026-01-31,715,35,17,pontuação
2026-04-09,781,32,578,pontuação
2026-04-25,912,16,832,pontuação
2026-02-03,645,40,296,pontuação
2026-04-26,698,36,732,pontuação
2026-03-27,852,38,99,pontuação
2026-02-22,826,36,698,pontuação
2026-01-10,802,40,427,pontuação
2026-03-02,193,4,445,pontuação
2026-03-04,367,34,630,pontuação
2026-01-20,714,14,697,pontuação
2026-02-20,591,11,529,pontuação
2026-02-10,860,26,233,pontuação
2026-03-01,658,19,112,pontuação
2026-03-26,863,1,308,pontuação
2026-03-29,864,24,963,pontuação
2026-01-22,40,39,882,pontuação
2026-02-05,676,39,655,pontuação
2026-03-09,417,1,186,pontuação
2026-03-09,358,9,695,pontuação
2026-04-16,229,40,197,pontuação
2026-01-02,588,27,198,pontuação
2026-03-03,624,30,852,pontuação
2026-01-05,693,39,606,pontuação
2026-04-22,178,30,339,pontuação
2026-01-05,893,34,633,pontuação
2026-03-10,363,12,770,pontuação
2026-02-25,455,20,676,pontuação
2026-02-15,780,27,445,pontuação
2026-03-10,82,7,955,pontuação
2026-03-01,687,8,796,pontuação
2026-02-21,812,15,371,pontuação
2026-02-07,588,36,909,pontuação
2026-04-21,271,11,839,pontuação
2026-02-01,500,27,152,pontuação
2026-03-07,264,12,566,pontuação
2026-04-09,163,24,280,pontuação
2026-03-15,474,35,447,pontuação
2026-03-01,44,34,256,pontuação
2026-01-25,785,18,457,pontuação
2026-02-08,433,12,662,pontuação
2026-02-17,440,33,346,pontuação
2026-01-12,560,9,734,pontuação
2026-04-19,625,15,217,pontuação
2026-02-06,895,23,907,pontuação
2026-01-19,12,13,215,pontuação
2026-04-12,346,35,922,pontuação
2026-02-27,434,11,600,pontuação
2026-02-05,815,30,608,pontuação
2026-03-07,17,11,364,pontuação
2026-04-20,449,2,971,pontuação
2026-01-07,270,12,304,pontuação
2026-03-16,549,17,128,pontuação
2026-04-29,588,37,190,pontuação
2026-02-23,402,4,468,pontuação
2026-02-20,211,26,666,pontuação
2026-04-25,702,22,442,pontuação
2026-01-09,633,36,382,pontuação
2026-02-10,728,16,106,pontuação
2026-04-12,16,15,178,pontuação
2026-03-02,154,10,599,pontuação
2026-03-02,908,19,97,pontuação
2026-04-20,434,2,542,pontuação
2026-01-23,263,9,396,pontuação
2026-04-24,901,17,959,pontuação
2026-04-01,747,27,297,pontuação
2026-02-22,337,36,16,pontuação
2026-01-06,903,27,36,pontuação
2026-03-07,246,16,212,pontuação
2026-02-01,93,18,190,pontuação
2026-05-02,868,18,718,pontuação
2026-02-02,997,20,442,pontuação
2026-04-19,129,35,346,pontuação
2026-01-01,844,37,10,pontuação
2026-02-09,955,31,161,pontuação
2026-04-22,699,31,166,pontuação
2026-04-07,293,4,393,pontuação
2026-03-16,951,17,382,pontuação
2026-03-15,676,9,2,pontuação
2026-03-22,197,19,77,pontuação
2026-04-27,525,34,755,pontuação
2026-01-02,899,31,185,pontuação
2026-03-10,647,15,876,pontuação
2026-03-25,448,39,293,pontuação
2026-04-01,447,39,376,pontuação
2026-04-25,404,27,116,pontuação
2026-04-29,541,30,780,pontuação
2026-02-16,983,27,240,pontuação
2026-04-26,188,4,844,pontuação
2026-02-09,204,15,130,pontuação
2026-04-18,675,36,491,pontuação
2026-05-02,989,27,292,pontuação
2026-01-02,817,1,740,pontuação
2026-01-29,810,16,561,pontuação
2026-02-01,368,19,295,pontuação
2026-02-08,176,3,804,pontuação
2026-01-27,565,36,211,pontuação
2026-04-03,938,8,2,pontuação
2026-04-28,643,39,20,pontuação
2026-02-08,613,28,793,pontuação
2026-03-02,749,21,781,pontuação
2026-02-09,175,17,948,pontuação
2026-03-31,895,6,42,pontuação
2026-01-05,869,28,205,pontuação
2026-03-11,778,40,891,pontuação
2026-04-09,71,16,809,pontuação
2026-04-02,343,18,402,pontuação
2026-04-27,300,26,443,pontuação
2026-03-24,784,4,496,pontuação
2026-05-02,483,12,149,pontuação
2026-01-15,446,18,675,pontuação
2026-02-13,240,5,842,pontuação
2026-02-27,222,22,348,pontuação
2026-04-18,494,4,892,pontuação
2026-01-29,972,22,543,pontuação
2026-04-12,200,8,840,pontuação
2026-04-10,280,30,246,pontuação
2026-01-07,634,1,818,pontuação
2026-03-14,79,34,295,pontuação
2026-04-10,924,20,870,pontuação
2026-01-03,5,29,633,pontuação
2026-03-20,456,23,868,pontuação
2026-04-15,594,9,634,pontuação
2026-05-03,276,10,425,pontuação
2026-04-29,893,2,397,pontuação
2026-02-09,736,1,674,pontuação
2026-01-31,654,21,238,pontuação
2026-01-12,492,1,309,pontuação
2026-01-21,78,23,641,pontuação
2026-01-23,702,3,221,pontuação
2026-04-17,8,26,495,pontuação
2026-03-05,312,26,831,pontuação
2026-04-08,370,7,480,pontuação
2026-02-14,733,35,774,pontuação
2026-04-11,590,1,718,pontuação
2026-02-26,826,25,582,pontuação
2026-04-09,128,26,630,pontuação
2026-04-11,903,39,13,pontuação
2026-02-28,398,27,923,pontuação
2026-01-01,682,2,471,pontuação
2026-01-13,371,27,680,pontuação
2026-05-04,607,38,836,pontuação
2026-02-11,335,13,946,pontuação
2026-01-19,455,23,908,pontuação
2026-01-28,566,28,441,pontuação
2026-03-08,251,31,418,pontuação
2026-02-26,435,1,291,pontuação
2026-02-23,570,30,383,pontuação
2026-02-05,274,25,707,pontuação
2026-01-03,646,7,965,pontuação
2026-04-03,806,19,577,pontuação
2026-04-18,149,3,169,pontuação
2026-05-01,194,38,92,pontuação
2026-04-02,332,29,23,pontuação
2026-02-20,695,29,885,pontuação
2026-02-19,573,34,602,pontuação
2026-01-09,161,35,339,pontuação
2026-01-18,508,16,349,pontuação
2026-04-10,333,35,617,pontuação
2026-03-16,315,1,157,pontuação
2026-03-30,380,2,660,pontuação
2026-03-02,638,14,130,pontuação
2026-01-28,567,19,705,pontuação
2026-02-24,847,38,569,pontuação
2026-02-20,455,37,194,pontuação
2026-02-25,87,3,760,pontuação
2026-03-14,874,4,128,pontuação
2026-01-28,3,36,349,pontuação
2026-01-07,835,2,647,pontuação
2026-03-07,332,1,484,pontuação
2026-01-23,22,19,742,pontuação
2026-04-25,232,11,365,pontuação
2026-02-16,908,22,538,pontuação
2026-04-16,394,8,955,pontuação
2026-04-08,505,14,370,pontuação
2026-04-26,571,36,595,pontuação
2026-02-14,301,3,236,pontuação
2026-04-20,131,18,167,pontuação
2026-04-04,904,30,942,pontuação
2026-02-27,31,3,768,pontuação
2026-02-02,901,13,164,pontuação
2026-02-02,966,39,284,pontuação
2026-01-28,478,16,227,pontuação
2026-01-26,307,9,371,pontuação
2026-04-04,755,16,122,pontuação
2026-03-12,416,27,581,pontuação
2026-01-15,627,36,372,pontuação
2026-01-13,369,15,423,pontuação
2026-02-24,251,16,661,pontuação
2026-03-01,525,16,115,pontuação
2026-03-05,348,23,28,pontuação
2026-01-07,566,34,487,pontuação
2026-01-24,951,1,855,pontuação
2026-05-02,939,1,756,pontuação
2026-04-20,430,37,298,pontuação
2026-03-20,300,24,627,pontuação
2026-03-08,7,16,608,pontuação
2026-01-01,879,23,885,pontuação
2026-04-01,952,29,148,pontuação
2026-03-09,213,11,399,pontuação
2026-01-10,378,11,839,pontuação
2026-04-04,731,37,428,pontuação
2026-03-16,576,19,195,pontuação
2026-03-24,101,33,514,pontuação
2026-01-03,911,14,506,pontuação
2026-02-12,308,40,875,pontuação
2026-03-05,244,35,973,pontuação
2026-05-04,428,12,513,pontuação
2026-04-15,976,26,454,pontuação
2026-02-22,87,29,588,pontuação
2026-05-05,149,32,895,pontuação
2026-03-16,418,15,642,pontuação
2026-02-16,505,26,491,pontuação
2026-02-23,919,28,28,pontuação
2026-04-29,272,13,111,pontuação
2026-02-16,175,21,133,pontuação
2026-02-28,185,1,939,pontuação
2026-04-23,725,37,468,pontuação
2026-01-09,339,40,390,pontuação
2026-02-18,192,6,272,pontuação
2026-01-22,82,40,130,pontuação
2026-01-30,712,35,407,pontuação
2026-01-25,808,37,965,pontuação
2026-03-23,888,3,944,pontuação
2026-01-01,155,17,987,pontuação
2026-04-06,500,9,172,pontuação
2026-02-18,356,28,5,pontuação
2026-03-29,551,36,843,pontuação
2026-01-08,937,14,854,pontuação
2026-04-16,336,36,110,pontuação
2026-03-27,399,20,9,pontuação
2026-01-22,159,4,168,pontuação
2026-02-08,217,4,219,pontuação
2026-04-26,272,22,401,pontuação
2026-02-08,374,1,946,pontuação
2026-01-17,70,15,413,pontuação
2026-01-31,626,22,829,pontuação
2026-02-03,783,19,731,pontuação
2026-02-08,862,30,414,pontuação
2026-02-16,508,34,807,pontuação
2026-03-30,924,11,961,pontuação
2026-04-24,795,37,987,pontuação
2026-01-02,149,15,451,pontuação
2026-02-09,106,3,100,pontuação
2026-01-01,190,9,307,pontuação
2026-01-10,512,7,704,pontuação
2026-01-05,494,10,850,pontuação
2026-02-20,500,10,590,pontuação
2026-02-17,261,27,997,pontuação
2026-01-22,752,31,183,pontuação
2026-02-17,195,30,39,pontuação
2026-01-29,107,32,777,pontuação
2026-02-27,558,37,773,pontuação
2026-03-06,720,3,101,pontuação
2026-04-03,512,33,611,pontuação
2026-02-26,795,20,544,pontuação
2026-03-08,844,24,242,pontuação
2026-04-29,275,32,935,pontuação
2026-02-08,680,14,591,pontuação
2026-01-03,85,20,542,pontuação
2026-03-01,571,25,420,pontuação
2026-03-05,780,2,728,pontuação
2026-02-07,492,8,401,pontuação
2026-03-28,903,37,313,pontuação
2026-03-27,206,3,483,pontuação
2026-03-07,592,11,563,pontuação
2026-04-19,423,22,251,pontuação
2026-01-04,674,6,745,pontuação
2026-03-05,347,13,775,pontuação
2026-01-07,51,27,585,pontuação
2026-01-23,840,10,412,pontuação
2026-02-26,712,17,645,pontuação
2026-03-29,479,28,635,pontuação
2026-01-15,637,18,596,pontuação
2026-02-26,640,5,389,pontuação
2026-01-07,456,13,581,pontuação
2026-04-02,942,6,506,pontuação
2026-03-22,573,3,42,pontuação
2026-01-06,539,2,543,pontuação
2026-04-10,87,28,653,pontuação
2026-02-06,78,29,182,pontuação
2026-03-20,759,35,676,pontuação
2026-04-15,338,24,111,pontuação
2026-04-18,462,40,512,pontuação
2026-04-06,506,37,717,pontuação
2026-04-09,377,11,300,pontuação
2026-01-22,718,5,885,pontuação
2026-03-17,82,26,788,pontuação
2026-02-01,206,34,724,pontuação
2026-05-05,880,9,781,pontuação
2026-03-25,490,7,57,pontuação
2026-03-05,53,23,61,pontuação
2026-04-19,402,33,299,pontuação
2026-04-17,395,21,965,pontuação
2026-03-31,794,4,829,pontuação
2026-01-06,579,18,637,pontuação
2026-03-09,253,35,812,pontuação
2026-04-20,716,40,185,pontuação
2026-01-04,407,17,472,pontuação
2026-01-10,574,16,719,pontuação
2026-02-24,987,39,106,pontuação
2026-03-21,210,40,839,pontuação
2026-01-02,220,40,410,pontuação
2026-04-11,390,39,953,pontuação
2026-04-28,453,22,492,pontuação
2026-04-19,929,38,891,pontuação
2026-04-25,921,23,791,pontuação
2026-04-07,488,39,10,pontuação
2026-01-02,16,4,32,pontuação
2026-03-17,141,21,225,pontuação
2026-03-01,95,20,753,pontuação
2026-03-19,142,29,560,pontuação
2026-01-20,337,1,239,pontuação
2026-03-20,326,39,477,pontuação
2026-04-12,306,29,225,pontuação
2026-03-14,887,32,961,pontuação
2026-02-17,875,5,285,pontuação
2026-03-05,386,23,367,pontuação
2026-05-04,165,14,735,pontuação
2026-04-17,474,30,30,pontuação
2026-01-29,858,14,203,pontuação
2026-02-22,454,16,569,pontuação
2026-03-31,57,15,85,pontuação
2026-04-13,582,16,515,pontuação
2026-02-06,100,35,397,pontuação
2026-04-18,234,21,827,pontuação
2026-03-06,985,19,221,pontuação
2026-02-04,361,25,267,pontuação
2026-04-19,233,37,938,pontuação
2026-01-09,224,20,402,pontuação
2026-02-12,931,29,836,pontuação
2026-02-22,180,11,646,pontuação
2026-04-25,888,9,786,pontuação
2026-03-21,558,25,894,pontuação
2026-03-10,255,16,494,pontuação
2026-02-02,617,37,412,pontuação
2026-01-07,860,38,57,pontuação
2026-02-16,408,11,161,pontuação
2026-02-07,900,35,119,pontuação
2026-03-26,824,27,199,pontuação
2026-01-17,558,28,912,pontuação
2026-05-01,102,37,356,pontuação
2026-03-16,605,13,736,pontuação
2026-04-27,862,20,684,pontuação
2026-04-20,876,10,464,pontuação
2026-02-09,138,33,75,pontuação
2026-03-01,895,35,221,pontuação
2026-04-13,538,39,724,pontuação
2026-01-22,171,7,328,pontuação
2026-04-08,279,8,219,pontuação
2026-04-03,343,28,678,pontuação
2026-01-27,528,26,84,pontuação
2026-03-28,204,40,114,pontuação
2026-03-31,763,8,470,pontuação
2026-04-23,505,12,744,pontuação
2026-03-30,334,1,822,pontuação
2026-02-09,762,40,180,pontuação
2026-03-31,486,14,197,pontuação
2026-01-15,947,14,783,pontuação
2026-03-19,681,4,80,pontuação
2026-04-10,147,7,452,pontuação
2026-01-28,671,4,218,pontuação
2026-04-27,11,18,451,pontuação
2026-02-12,519,36,777,pontuação
2026-03-07,895,8,955,pontuação
2026-03-28,160,14,62,pontuação
2026-03-18,302,9,565,pontuação
2026-01-31,722,39,689,pontuação
2026-02-17,888,39,985,pontuação
2026-03-30,958,6,320,pontuação
2026-02-21,401,29,536,pontuação
2026-01-25,867,6,488,pontuação
2026-02-17,492,5,532,pontuação
2026-04-27,77,38,186,pontuação
2026-02-18,973,24,925,pontuação
2026-02-24,276,22,576,pontuação
2026-03-01,461,10,632,pontuação
2026-02-21,36,19,554,pontuação
2026-01-23,271,40,792,pontuação
2026-02-25,597,32,974,pontuação
2026-03-13,155,22,825,pontuação
2026-02-26,614,31,856,pontuação
2026-04-21,13,8,602,pontuação
2026-04-30,791,13,94,pontuação
2026-01-02,24,33,800,pontuação
2026-03-06,555,33,410,pontuação
2026-01-15,744,6,437,pontuação
2026-03-18,315,15,969,pontuação
2026-04-13,420,35,583,pontuação
2026-01-19,988,8,186,pontuação
2026-02-22,95,21,106,pontuação
2026-04-02,687,34,381,pontuação
2026-02-08,533,13,361,pontuação
2026-05-01,254,17,760,pontuação
2026-03-12,807,39,568,pontuação
2026-01-24,365,25,385,pontuação
2026-01-16,670,10,139,pontuação
2026-01-17,680,21,727,pontuação
2026-03-11,968,16,755,pontuação
2026-02-22,69,40,933,pontuação
2026-03-15,127,29,935,pontuação
2026-03-24,596,19,979,pontuação
2026-04-16,713,32,483,pontuação
2026-02-02,242,39,642,pontuação
2026-03-07,647,29,164,pontuação
2026-04-21,559,39,86,pontuação
2026-04-21,522,18,660,pontuação
2026-02-16,334,1,275,pontuação
2026-02-18,819,34,184,pontuação
2026-02-17,305,29,464,pontuação
2026-01-22,340,12,373,pontuação
2026-02-09,18,35,165,pontuação
2026-04-15,783,13,718,pontuação
2026-02-09,428,37,148,pontuação
2026-04-16,978,8,802,pontuação
2026-04-11,199,14,647,pontuação
2026-04-13,330,21,16,pontuação
2026-01-04,171,28,765,pontuação
2026-01-24,644,33,103,pontuação
2026-03-13,934,14,537,pontuação
2026-01-14,794,8,162,pontuação
2026-05-04,988,1,731,pontuação
2026-03-29,964,36,525,pontuação
2026-01-30,967,2,828,pontuação
2026-01-23,130,4,900,pontuação
2026-01-21,733,25,788,pontuação
2026-04-28,620,30,93,pontuação
2026-03-08,601,24,96,pontuação
2026-04-04,261,12,719,pontuação
2026-04-20,451,14,758,pontuação
2026-05-01,507,5,97,pontuação
2026-03-01,81,10,510,pontuação
2026-02-18,33,17,690,pontuação
2026-04-05,698,29,765,pontuação
2026-01-13,394,40,509,pontuação
2026-04-09,472,14,998,pontuação
2026-02-28,136,13,746,pontuação
2026-03-11,301,26,271,pontuação
2026-03-25,205,36,170,pontuação
2026-03-29,253,8,855,pontuação
2026-01-08,927,32,662,pontuação
2026-04-01,220,35,957,pontuação
2026-03-05,355,25,280,pontuação
2026-01-13,524,15,993,pontuação
2026-03-11,398,36,4,pontuação
2026-03-25,933,12,874,pontuação
2026-02-13,103,3,278,pontuação
2026-02-23,732,33,137,pontuação
2026-02-23,461,8,667,pontuação
2026-03-25,397,22,300,pontuação
2026-03-17,461,39,664,pontuação
2026-02-09,315,19,465,pontuação
2026-01-24,298,8,494,pontuação
2026-05-03,154,33,442,pontuação
2026-04-07,37,38,720,pontuação
2026-03-03,512,13,611,pontuação
2026-02-04,786,31,589,pontuação
2026-04-20,599,27,442,pontuação
2026-02-02,126,5,348,pontuação
2026-03-22,850,26,476,pontuação
2026-04-03,917,12,644,pontuação
2026-03-07,803,16,165,pontuação
2026-03-18,462,7,444,pontuação
2026-01-28,521,35,994,pontuação
2026-03-19,664,31,530,pontuação
2026-03-10,486,25,881,pontuação
2026-04-25,320,15,336,pontuação
2026-02-22,919,9,857,pontuação
2026-01-27,987,15,909,pontuação
2026-03-04,956,24,272,pontuação
2026-03-17,57,1,801,pontuação
2026-02-26,100,14,225,pontuação
2026-04-18,545,38,396,pontuação
2026-03-21,842,26,166,pontuação
2026-01-27,788,39,99,pontuação
2026-02-11,853,17,600,pontuação
2026-02-21,174,10,77,pontuação
2026-01-06,469,25,8,pontuação
2026-01-03,586,7,279,pontuação
2026-01-18,318,15,378,pontuação
2026-03-06,432,14,813,pontuação
2026-01-01,572,21,365,pontuação
2026-03-08,517,21,729,pontuação
2026-03-23,855,19,78,pontuação
2026-02-14,293,28,835,pontuação
2026-04-24,841,38,705,pontuação
2026-02-14,830,18,577,pontuação
2026-03-23,930,2,875,pontuação
2026-04-30,620,8,548,pontuação
2026-03-22,492,36,253,pontuação
2026-01-01,866,27,89,pontuação
2026-01-20,342,8,858,pontuação
2026-01-14,159,2,400,pontuação
2026-04-08,637,16,17,pontuação
2026-03-26,567,21,639,pontuação
2026-05-01,21,24,405,pontuação
2026-03-06,643,29,855,pontuação
2026-01-22,757,40,931,pontuação
2026-04-25,987,2,196,pontuação
2026-03-09,967,29,133,pontuação
2026-01-07,23,26,259,pontuação
2026-04-08,960,26,663,pontuação
2026-04-27,909,16,505,pontuação
2026-02-24,641,28,189,pontuação
2026-01-11,4,32,432,pontuação
2026-04-18,60,22,833,pontuação
2026-04-03,436,11,320,pontuação
2026-03-30,258,37,35,pontuação
2026-01-22,806,10,318,pontuação
2026-01-28,707,3,252,pontuação
2026-01-26,478,1,96,pontuação
2026-04-19,987,23,470,pontuação
2026-01-02,532,13,912,pontuação
2026-04-28,946,38,334,pontuação
2026-01-04,122,3,542,pontuação
2026-01-12,33,20,354,pontuação
2026-05-05,596,13,20,pontuação
2026-04-18,605,38,25,pontuação
2026-04-02,226,24,293,pontuação
2026-04-22,914,3,402,pontuação
2026-04-13,434,28,50,pontuação
2026-04-25,873,39,395,pontuação
2026-05-05,989,20,764,pontuação
2026-05-03,38,29,433,pontuação
2026-01-25,94,6,224,pontuação
2026-01-13,254,6,597,pontuação
2026-01-24,884,5,932,pontuação
2026-01-07,856,30,702,pontuação
2026-01-29,388,13,54,pontuação
2026-01-16,864,1,983,pontuação
2026-03-01,66,16,397,pontuação
2026-03-05,457,28,247,pontuação
2026-05-05,990,38,900,pontuação
2026-04-26,674,3,32,pontuação
2026-03-01,342,25,564,pontuação
2026-01-15,427,25,737,pontuação
2026-02-17,243,9,724,pontuação
2026-04-04,884,9,191,pontuação
2026-03-18,793,18,225,pontuação
2026-03-25,250,13,959,pontuação
2026-05-01,456,11,936,pontuação
2026-03-08,92,37,824,pontuação
2026-01-07,455,33,104,pontuação
2026-02-16,270,19,912,pontuação
2026-02-01,176,26,317,pontuação
2026-01-11,283,39,298,pontuação
2026-03-09,757,39,182,pontuação
2026-03-30,471,5,444,pontuação
2026-03-27,231,34,618,pontuação
2026-04-16,958,20,627,pontuação
2026-03-24,58,9,731,pontuação
2026-05-04,957,23,533,pontuação
2026-03-29,375,25,334,pontuação
2026-04-12,938,40,192,pontuação
2026-03-29,236,37,26,pontuação
2026-03-08,1000,10,575,pontuação
2026-03-07,985,11,569,pontuação
2026-03-08,422,35,818,pontuação
2026-04-05,204,3,649,pontuação
2026-04-06,979,15,517,pontuação
2026-03-24,584,36,633,pontuação
2026-02-10,948,25,888,pontuação
2026-04-10,202,26,151,pontuação
2026-01-17,368,28,273,pontuação
2026-03-03,941,8,215,pontuação
2026-01-16,769,7,207,pontuação
2026-01-23,897,14,575,pontuação
2026-04-06,133,16,605,pontuação
2026-02-10,92,13,562,pontuação
2026-03-24,992,8,92,pontuação
2026-02-18,660,32,30,pontuação
2026-01-26,600,35,607,pontuação
2026-04-04,941,5,59,pontuação
2026-02-09,551,20,495,pontuação
2026-04-19,834,3,61,pontuação
2026-03-29,857,21,967,pontuação
2026-02-22,999,1,26,pontuação
2026-03-02,720,28,10,pontuação
2026-03-21,493,10,16,pontuação
2026-02-03,242,2,442,pontuação
2026-02-27,433,39,334,pontuação
2026-03-17,390,19,309,pontuação
2026-03-03,940,12,30,pontuação
2026-01-10,318,10,348,pontuação
2026-04-18,842,31,665,pontuação
2026-01-11,793,30,869,pontuação
2026-04-10,182,19,498,pontuação
2026-01-17,16,5,428,pontuação
2026-04-30,65,26,823,pontuação
2026-04-25,709,31,881,pontuação
2026-03-05,694,33,114,pontuação
2026-02-15,294,30,147,pontuação
2026-02-23,906,15,579,pontuação
2026-02-19,419,5,848,pontuação
2026-02-09,64,23,653,pontuação
2026-03-02,757,38,332,pontuação
2026-02-11,861,33,896,pontuação
2026-03-28,866,4,724,pontuação
2026-04-25,533,15,680,pontuação
2026-04-18,155,31,74,pontuação
2026-01-31,812,34,262,pontuação
2026-03-12,520,39,388,pontuação
2026-04-09,8,15,269,pontuação
2026-04-23,580,3,993,pontuação
2026-01-13,180,8,74,pontuação
2026-03-30,436,9,874,pontuação
2026-03-23,852,26,648,pontuação
2026-04-25,499,23,277,pontuação
2026-01-24,210,6,674,pontuação
2026-03-02,875,15,75,pontuação
2026-01-02,675,3,394,pontuação
2026-03-17,432,29,408,pontuação
2026-02-23,910,8,666,pontuação
2026-03-28,624,23,531,pontuação
2026-03-13,353,30,457,pontuação
2026-03-23,238,28,91,pontuação
2026-03-03,652,13,642,pontuação
2026-02-15,869,16,562,pontuação
2026-04-27,726,2,784,pontuação
2026-03-30,471,6,741,pontuação
2026-01-04,609,35,271,pontuação
2026-01-27,55,25,185,pontuação
2026-02-07,786,36,812,pontuação
2026-02-25,186,7,794,pontuação
2026-01-28,992,5,990,pontuação
2026-01-28,689,7,231,pontuação
2026-02-08,651,16,399,pontuação
2026-04-12,941,34,240,pontuação
2026-04-20,551,10,219,pontuação
2026-04-02,422,39,559,pontuação
2026-02-24,335,39,50,pontuação
2026-04-06,446,3,20,pontuação
2026-02-14,878,19,96,pontuação
2026-04-20,109,4,560,pontuação
2026-01-23,97,37,432,pontuação
2026-02-01,467,14,367,pontuação
2026-01-28,881,31,220,pontuação
2026-03-27,730,3,945,pontuação
2026-05-04,177,34,262,pontuação
2026-01-07,160,9,726,pontuação
2026-03-20,183,7,787,pontuação
2026-04-28,199,4,391,pontuação
2026-04-01,844,17,606,pontuação
2026-01-30,945,16,638,pontuação
2026-03-12,337,4,801,pontuação
2026-04-07,134,37,774,pontuação
2026-04-25,973,18,518,pontuação
2026-04-22,405,3,848,pontuação
2026-02-21,448,37,759,pontuação
2026-03-21,589,13,568,pontuação
2026-04-15,828,12,733,pontuação
2026-03-31,467,34,946,pontuação
2026-03-22,247,33,314,pontuação
2026-01-22,598,38,495,pontuação
2026-01-24,328,25,815,pontuação
2026-03-10,299,30,52,pontuação
2026-02-07,669,29,942,pontuação
2026-03-30,152,36,641,pontuação
2026-03-31,843,9,769,pontuação
2026-04-18,930,22,401,pontuação
2026-03-02,754,31,575,pontuação
2026-01-19,867,5,95,pontuação
2026-03-29,470,27,613,pontuação
2026-03-16,608,20,219,pontuação
2026-01-11,17,26,481,pontuação
2026-03-15,199,31,600,pontuação
2026-01-27,836,39,853,pontuação
2026-01-30,283,37,929,pontuação
2026-01-19,488,26,425,pontuação
2026-02-01,494,7,851,pontuação
2026-01-09,685,3,65,pontuação
2026-02-13,422,22,553,pontuação
2026-02-16,315,6,272,pontuação
2026-03-16,585,18,846,pontuação
2026-03-24,917,32,75,pontuação
2026-01-29,570,12,180,pontuação
2026-04-08,121,26,775,pontuação
2026-02-01,906,1,131,pontuação
2026-01-09,262,20,310,pontuação
2026-01-22,671,40,470,pontuação
2026-01-08,362,3,213,pontuação
2026-05-04,294,8,855,pontuação
2026-03-13,500,13,949,pontuação
2026-02-14,198,1,495,pontuação
2026-04-22,534,40,932,pontuação
2026-01-29,748,9,343,pontuação
2026-01-15,979,9,447,pontuação
2026-05-02,565,34,648,pontuação
2026-02-05,425,6,611,pontuação
2026-04-22,414,16,233,pontuação
2026-02-09,200,14,845,pontuação
2026-02-10,113,34,954,pontuação
2026-01-24,540,22,245,pontuação
2026-04-07,995,32,348,pontuação
2026-02-18,398,1,39,pontuação
2026-02-21,235,27,895,pontuação
2026-03-26,492,22,411,pontuação
2026-03-17,571,22,137,pontuação
2026-04-05,399,38,849,pontuação
2026-01-13,799,6,778,pontuação
2026-02-09,373,6,400,pontuação
2026-01-05,569,27,932,pontuação
2026-01-13,478,13,272,pontuação
2026-03-28,137,28,720,pontuação
2026-01-06,116,34,169,pontuação
2026-04-11,225,25,257,pontuação
2026-02-08,610,18,813,pontuação
2026-02-12,282,11,613,pontuação
2026-01-29,401,4,875,pontuação
2026-01-05,449,38,159,pontuação
2026-01-31,291,28,131,pontuação
2026-04-13,17,28,757,pontuação
2026-03-29,924,27,964,pontuação
2026-03-10,405,18,812,pontuação
2026-01-13,44,25,558,pontuação
2026-04-30,572,24,442,pontuação
2026-01-27,768,1,401,pontuação
2026-03-19,512,14,698,pontuação
2026-04-24,852,11,203,pontuação
2026-04-19,483,13,432,pontuação
2026-01-24,131,8,650,pontuação
2026-01-19,779,12,283,pontuação
2026-01-07,14,1,491,pontuação
2026-03-17,195,9,168,pontuação
2026-03-27,930,1,434,pontuação
2026-04-20,597,34,441,pontuação
2026-03-21,327,33,967,pontuação
2026-03-16,499,11,527,pontuação
2026-01-07,642,9,140,pontuação
2026-02-15,142,12,823,pontuação
2026-01-09,90,37,106,pontuação
2026-02-25,776,32,129,pontuação
2026-02-04,275,4,979,pontuação
2026-05-05,524,39,11,pontuação
2026-04-10,154,9,700,pontuação
2026-02-13,332,9,524,pontuação
2026-04-21,564,32,647,pontuação
2026-02-20,716,28,561,pontuação
2026-04-01,120,30,117,pontuação
2026-02-17,809,16,59,pontuação
2026-04-24,301,28,291,pontuação
2026-03-25,59,35,978,pontuação
2026-04-08,834,17,335,pontuação
2026-01-22,768,17,877,pontuação
2026-04-25,226,33,47,pontuação
2026-04-06,846,27,257,pontuação
2026-01-13,543,10,216,pontuação
2026-03-28,78,25,273,pontuação
2026-04-07,55,11,261,pontuação
2026-04-07,72,21,872,pontuação
2026-02-22,411,4,917,pontuação
2026-03-17,645,17,612,pontuação
2026-04-01,20,8,804,pontuação
2026-04-13,975,30,4,pontuação
2026-03-23,615,23,678,pontuação
2026-04-13,377,13,89,pontuação
2026-02-27,781,16,542,pontuação
2026-04-16,353,34,328,pontuação
2026-01-12,923,20,492,pontuação
2026-03-05,995,10,895,pontuação
2026-04-20,663,8,120,pontuação
2026-03-26,8,15,956,pontuação
2026-01-31,454,12,317,pontuação
2026-03-05,465,31,765,pontuação
2026-03-31,995,12,710,pontuação
2026-02-24,858,1,932,pontuação
2026-02-05,330,13,558,pontuação
2026-04-26,359,11,460,pontuação
2026-03-28,699,23,248,pontuação
2026-04-23,415,8,263,pontuação
2026-04-07,45,29,523,pontuação
2026-04-13,435,40,460,pontuação
2026-02-26,440,2,18,pontuação
2026-03-17,335,27,618,pontuação
2026-03-30,690,23,437,pontuação
2026-04-17,62,4,48,pontuação
2026-02-10,330,4,127,pontuação
2026-04-18,709,27,689,pontuação
2026-01-01,599,8,375,pontuação
2026-03-07,916,24,994,pontuação
2026-01-12,626,4,528,pontuação
2026-05-02,607,4,685,pontuação
2026-01-07,616,29,185,pontuação
2026-02-11,517,25,249,pontuação
2026-04-12,904,33,788,pontuação
2026-04-28,141,23,611,pontuação
2026-03-05,919,21,56,pontuação
2026-01-03,794,21,432,pontuação
2026-02-06,910,20,698,pontuação
2026-01-15,968,19,765,pontuação
2026-01-22,270,29,890,pontuação
2026-02-18,832,2,384,pontuação
2026-04-29,650,3,185,pontuação
2026-04-18,739,11,363,pontuação
2026-04-22,647,36,71,pontuação
2026-04-06,355,4,746,pontuação
2026-03-28,339,3,696,pontuação
2026-02-09,449,38,340,pontuação
2026-01-22,409,17,493,pontuação
2026-03-14,303,11,336,pontuação
2026-05-02,476,10,388,pontuação
2026-04-22,47,34,121,pontuação
2026-03-22,567,38,4,pontuação
2026-03-27,65,37,92,pontuação
2026-01-24,685,18,12,pontuação
2026-04-14,934,38,619,pontuação
2026-03-29,274,33,474,pontuação
2026-02-02,563,11,464,pontuação
2026-03-09,932,28,312,pontuação
2026-03-13,178,20,797,pontuação
2026-02-06,322,9,795,pontuação
2026-02-14,364,6,462,pontuação
2026-04-25,407,35,164,pontuação
2026-01-25,371,40,870,pontuação
2026-02-24,321,38,31,pontuação
2026-04-15,464,38,994,pontuação
2026-02-20,653,13,407,pontuação
2026-02-10,53,28,644,pontuação
2026-04-05,228,2,781,pontuação
2026-04-02,196,32,731,pontuação
2026-04-25,482,33,538,pontuação
2026-02-19,559,2,537,pontuação
2026-03-14,72,13,607,pontuação
2026-03-06,970,40,540,pontuação
2026-04-07,877,24,983,pontuação
2026-01-10,925,8,533,pontuação
2026-01-02,45,11,989,pontuação
2026-03-26,169,4,370,pontuação
2026-01-22,307,10,683,pontuação
2026-03-30,257,1,725,pontuação
2026-04-17,604,15,885,pontuação
2026-03-03,631,26,642,pontuação
2026-02-14,859,13,104,pontuação
2026-04-01,561,27,95,pontuação
2026-03-09,876,29,419,pontuação
2026-03-25,532,5,343,pontuação
2026-03-02,151,28,594,pontuação
2026-03-21,591,6,878,pontuação
2026-01-24,448,8,605,pontuação
2026-02-21,426,5,468,pontuação
2026-02-21,270,7,213,pontuação
2026-01-16,695,32,212,pontuação
2026-01-10,571,22,306,pontuação
2026-03-05,400,25,967,pontuação
2026-02-13,837,24,787,pontuação
2026-02-08,14,4,740,pontuação
2026-02-17,915,26,823,pontuação
2026-03-20,32,14,73,pontuação
2026-02-28,914,37,926,pontuação
2026-04-16,609,32,531,pontuação
2026-03-28,288,33,592,pontuação
2026-03-25,890,36,731,pontuação
2026-05-01,632,36,228,pontuação
2026-01-14,293,12,929,pontuação
2026-01-12,117,19,483,pontuação
2026-03-21,814,12,863,pontuação
2026-02-22,338,34,662,pontuação
2026-04-26,965,4,990,pontuação
2026-02-01,109,9,113,pontuação
2026-04-10,110,30,377,pontuação
2026-04-06,541,10,406,pontuação
2026-03-15,270,30,702,pontuação
2026-01-13,206,39,388,pontuação
2026-03-16,99,3,156,pontuação
2026-01-31,173,26,47,pontuação
2026-02-23,238,10,536,pontuação
2026-04-01,847,15,216,pontuação
2026-03-06,158,8,728,pontuação
2026-02-05,465,37,99,pontuação
2026-04-05,379,4,750,pontuação
2026-04-09,602,33,972,pontuação
2026-04-25,516,2,984,pontuação
2026-03-05,290,8,251,pontuação
2026-03-02,379,15,511,pontuação
2026-04-18,439,11,820,pontuação
2026-02-14,575,13,64,pontuação
2026-02-01,932,27,643,pontuação
2026-02-20,162,5,99,pontuação
2026-01-14,221,15,451,pontuação
2026-02-04,473,18,534,pontuação
2026-02-09,89,18,695,pontuação
2026-05-02,560,10,405,pontuação
2026-02-11,585,1,134,pontuação
2026-04-03,914,26,34,pontuação
2026-01-20,351,30,750,pontuação
2026-01-14,275,23,452,pontuação
2026-03-11,981,39,237,pontuação
2026-03-10,54,38,867,pontuação
2026-03-18,530,26,806,pontuação
2026-02-10,114,37,929,pontuação
2026-02-02,503,27,542,pontuação
2026-01-12,358,20,410,pontuação
2026-04-01,12,17,175,pontuação
2026-04-16,706,11,550,pontuação
2026-04-27,106,9,725,pontuação
2026-03-04,901,26,813,pontuação
2026-04-03,703,32,734,pontuação
2026-04-20,43,9,627,pontuação
2026-03-29,965,35,380,pontuação
2026-03-17,561,23,162,pontuação
2026-04-30,263,32,783,pontuação
2026-03-20,220,28,394,pontuação
2026-04-24,989,36,806,pontuação
2026-02-04,871,7,190,pontuação
2026-04-10,50,31,217,pontuação
2026-04-10,696,6,476,pontuação
2026-03-19,999,24,596,pontuação
2026-02-07,138,30,659,pontuação
2026-04-16,602,35,818,pontuação
2026-03-02,241,21,399,pontuação
2026-03-26,640,6,734,pontuação
2026-01-03,527,23,731,pontuação
2026-01-16,557,12,22,pontuação
2026-03-15,490,8,174,pontuação
2026-02-09,899,15,532,pontuação
2026-02-05,481,23,997,pontuação
2026-04-06,611,34,423,pontuação
2026-03-15,687,40,814,pontuação
2026-01-22,990,1,202,pontuação
2026-01-11,757,39,377,pontuação
2026-01-10,492,16,618,pontuação
2026-03-19,778,3,92,pontuação
2026-02-20,453,24,323,pontuação
2026-02-24,820,1,722,pontuação
2026-01-26,963,30,719,pontuação
2026-03-09,466,38,997,pontuação
2026-03-22,565,30,735,pontuação
2026-04-05,78,25,821,pontuação
2026-04-11,538,21,40,pontuação
2026-01-26,236,8,81,pontuação
2026-04-06,506,27,635,pontuação
2026-04-19,715,26,477,pontuação
2026-02-12,949,3,977,pontuação
2026-01-04,650,31,374,pontuação
2026-03-25,307,3,783,pontuação
2026-02-21,421,15,446,pontuação
2026-03-25,390,16,85,pontuação
2026-01-22,376,9,594,pontuação
2026-01-13,286,26,751,pontuação
2026-04-27,402,7,342,pontuação
2026-03-16,224,21,706,pontuação
2026-02-08,549,33,153,pontuação
2026-04-01,547,26,101,pontuação
2026-03-13,447,33,63,pontuação
2026-04-03,145,22,289,pontuação
2026-01-02,48,6,839,pontuação
2026-01-01,107,36,220,pontuação
2026-03-16,657,35,875,pontuação
2026-02-05,747,4,688,pontuação
2026-02-11,173,8,145,pontuação
2026-01-03,422,2,297,pontuação
2026-01-27,705,2,84,pontuação
2026-01-21,88,40,355,pontuação
2026-04-26,55,5,903,pontuação
2026-03-27,365,17,584,pontuação
2026-03-03,124,25,133,pontuação
2026-04-09,106,25,275,pontuação
2026-02-23,828,14,259,pontuação
2026-01-25,234,21,661,pontuação
2026-02-05,166,8,21,pontuação
2026-03-21,677,24,951,pontuação
2026-03-02,228,28,77,pontuação
2026-03-27,960,39,893,pontuação
2026-04-23,265,16,200,pontuação
2026-01-10,698,6,487,pontuação
2026-04-16,832,15,505,pontuação
2026-01-06,532,35,629,pontuação
2026-02-25,949,13,472,pontuação
2026-01-17,834,36,65,pontuação
2026-03-21,583,7,816,pontuação
2026-02-13,543,13,23,pontuação
2026-03-01,372,17,967,pontuação
2026-02-17,454,8,723,pontuação
2026-03-09,584,6,598,pontuação
2026-02-19,937,16,499,pontuação
2026-02-01,279,28,968,pontuação
2026-03-24,856,16,331,pontuação
2026-02-04,430,21,56,pontuação
2026-04-17,232,18,14,pontuação
2026-03-23,301,15,215,pontuação
2026-02-17,88,6,131,pontuação
2026-01-15,478,2,472,pontuação
2026-04-12,972,36,269,pontuação
2026-02-26,989,10,342,pontuação
2026-03-25,545,1,11,pontuação
2026-03-31,531,35,839,pontuação
2026-04-26,689,24,925,pontuação
2026-04-02,868,18,240,pontuação
2026-01-27,59,5,929,pontuação
2026-03-29,404,12,321,pontuação
2026-04-03,423,33,701,pontuação
2026-01-17,102,21,503,pontuação
2026-02-18,370,32,556,pontuação
2026-03-20,683,20,455,pontuação
2026-04-03,709,33,953,pontuação
2026-02-07,79,38,563,pontuação
2026-01-19,711,3,248,pontuação
2026-01-24,817,10,956,pontuação
2026-02-01,2,20,978,pontuação
2026-03-31,311,37,772,pontuação
2026-02-08,757,2,921,pontuação
2026-02-13,337,30,558,pontuação
2026-03-11,705,20,785,pontuação
2026-03-03,613,39,487,pontuação
2026-04-11,295,12,274,pontuação
2026-01-22,620,36,603,pontuação
2026-03-14,319,19,570,pontuação
2026-02-06,388,28,156,pontuação
2026-02-18,840,33,55,pontuação
2026-04-01,112,22,961,pontuação
2026-05-05,746,32,435,pontuação
2026-01-15,243,4,508,pontuação
2026-01-10,836,1,763,pontuação
2026-02-27,337,30,441,pontuação
2026-04-27,455,6,167,pontuação
2026-03-09,845,40,224,pontuação
2026-04-28,240,13,255,pontuação
2026-04-02,324,19,70,pontuação
2026-01-21,32,13,56,pontuação
2026-04-05,115,14,873,pontuação
2026-02-16,42,10,209,pontuação
2026-01-03,335,12,477,pontuação
2026-03-02,628,19,794,pontuação
2026-02-16,377,8,473,pontuação
2026-01-05,721,11,297,pontuação
2026-03-13,881,6,160,pontuação
2026-04-26,954,1,455,pontuação
2026-02-12,60,31,785,pontuação
2026-04-04,723,30,230,pontuação
2026-03-28,57,16,592,pontuação
2026-02-21,749,33,478,pontuação
2026-01-11,901,2,314,pontuação
2026-01-14,796,33,522,pontuação
2026-01-16,177,27,959,pontuação
2026-01-08,141,19,304,pontuação
2026-04-05,374,9,36,pontuação
2026-04-20,419,4,967,pontuação
2026-01-13,529,34,835,pontuação
2026-02-12,864,12,66,pontuação
2026-02-26,242,15,102,pontuação
2026-04-28,618,20,311,pontuação
2026-04-05,828,22,231,pontuação
2026-01-21,123,35,289,pontuação
2026-03-12,727,29,76,pontuação
2026-01-27,194,35,550,pontuação
2026-03-07,611,7,289,pontuação
2026-03-30,766,33,76,pontuação
2026-02-10,753,20,824,pontuação
2026-01-29,733,23,613,pontuação
2026-01-04,376,40,331,pontuação
2026-02-17,520,24,683,pontuação
2026-04-17,143,29,804,pontuação
2026-03-19,816,25,922,pontuação
2026-04-07,745,9,116,pontuação
2026-04-10,294,10,672,pontuação
2026-02-19,438,31,360,pontuação
2026-03-13,537,39,464,pontuação
2026-03-29,319,30,933,pontuação
2026-02-26,891,30,76,pontuação
2026-04-12,209,30,583,pontuação
2026-02-05,753,15,589,pontuação
2026-01-16,168,7,580,pontuação
2026-02-22,84,31,147,pontuação
2026-02-21,366,13,454,pontuação
2026-02-03,508,29,659,pontuação
2026-01-16,85,31,386,pontuação
2026-03-28,642,22,258,pontuação
2026-03-06,959,5,265,pontuação
2026-04-21,726,1,83,pontuação
2026-01-08,859,15,162,pontuação
2026-03-21,797,26,520,pontuação
2026-04-17,433,17,787,pontuação
2026-03-17,556,35,17,pontuação
2026-04-22,803,8,404,pontuação
2026-04-05,639,9,489,pontuação
2026-01-02,87,21,226,pontuação
2026-01-17,750,1,189,pontuação
2026-02-15,675,17,72,pontuação
2026-04-23,87,11,101,pontuação
2026-04-23,768,6,805,pontuação
2026-02-07,56,17,904,pontuação
2026-02-16,999,4,56,pontuação
2026-02-17,420,23,646,pontuação
2026-04-11,439,29,706,pontuação
2026-01-25,879,17,248,pontuação
2026-03-13,437,2,756,pontuação
2026-03-01,837,24,148,pontuação
2026-02-11,343,21,190,pontuação
2026-02-15,424,21,944,pontuação
2026-03-04,571,4,251,pontuação
2026-03-03,139,33,983,pontuação
2026-01-18,931,33,948,pontuação
2026-04-04,111,2,72,pontuação
2026-01-21,944,17,232,pontuação
2026-01-14,426,27,982,pontuação
2026-02-19,570,12,113,pontuação
2026-03-08,284,13,99,pontuação
2026-04-18,651,12,184,pontuação
2026-02-05,661,5,497,pontuação
2026-04-18,350,36,919,pontuação
2026-03-06,171,9,287,pontuação
2026-04-06,160,38,325,pontuação
2026-02-06,46,6,163,pontuação
2026-01-07,959,13,681,pontuação
2026-01-03,588,30,528,pontuação
2026-01-08,234,16,447,pontuação
2026-01-26,425,30,131,pontuação
2026-03-24,688,20,638,pontuação
2026-03-18,103,18,139,pontuação
2026-02-10,56,28,134,pontuação
2026-03-06,347,14,592,pontuação
2026-01-08,120,12,205,pontuação
2026-02-01,249,25,921,pontuação
2026-04-15,669,3,758,pontuação
2026-01-01,994,4,307,pontuação
2026-04-28,948,26,360,pontuação
2026-01-09,906,14,80,pontuação
2026-01-07,848,8,332,pontuação
2026-02-19,920,24,662,pontuação
2026-04-07,666,29,192,pontuação
2026-04-20,139,10,218,pontuação
2026-03-02,392,32,524,pontuação
2026-01-22,416,1,532,pontuação
2026-04-06,595,26,162,pontuação
2026-02-01,656,35,667,pontuação
2026-03-05,616,38,107,pontuação
2026-03-23,388,7,811,pontuação
2026-03-12,816,39,207,pontuação
2026-01-19,508,4,898,pontuação
2026-02-24,497,26,690,pontuação
2026-03-06,802,28,55,pontuação
2026-02-26,81,6,678,pontuação
2026-01-28,824,7,595,pontuação
2026-02-01,554,37,837,pontuação
2026-01-23,135,28,93,pontuação
2026-02-21,756,37,990,pontuação
2026-02-25,191,32,261,pontuação
2026-01-19,24,40,572,pontuação
2026-03-19,767,29,817,pontuação
2026-04-18,107,28,14,pontuação
2026-01-07,743,5,895,pontuação
2026-04-08,320,12,834,pontuação
2026-04-09,928,28,633,pontuação
2026-04-22,48,16,484,pontuação
2026-03-22,145,18,371,pontuação
2026-03-23,68,40,656,pontuação
2026-03-05,623,21,187,pontuação
2026-03-02,570,30,110,pontuação
2026-04-18,442,8,613,pontuação
2026-04-15,245,31,732,pontuação
2026-02-08,966,7,78,pontuação
2026-04-01,644,32,668,pontuação
2026-03-10,183,17,604,pontuação
2026-02-14,76,1,534,pontuação
2026-04-09,465,26,219,pontuação
2026-04-09,346,24,72,pontuação
2026-04-19,295,40,510,pontuação
2026-01-26,370,6,356,pontuação
2026-01-23,110,7,403,pontuação
2026-03-12,303,12,320,pontuação
2026-03-12,970,26,959,pontuação
2026-05-04,940,40,477,pontuação
2026-04-27,560,17,414,pontuação
2026-02-23,354,7,232,pontuação
2026-04-20,190,31,594,pontuação
2026-03-11,566,23,155,pontuação
2026-03-29,330,14,696,pontuação
2026-03-25,468,16,138,pontuação
2026-02-05,607,20,563,pontuação
2026-04-10,760,3,305,pontuação
2026-03-19,660,39,236,pontuação
2026-02-18,569,37,975,pontuação
2026-04-30,184,39,522,pontuação
2026-01-10,211,1,518,pontuação
2026-03-01,623,21,768,pontuação
2026-04-02,894,7,832,pontuação
2026-04-13,404,24,56,pontuação
2026-02-10,380,14,557,pontuação
2026-02-07,163,28,856,pontuação
2026-01-07,906,40,578,pontuação
2026-01-20,846,14,189,pontuação
2026-04-16,179,8,581,pontuação
2026-04-27,934,24,721,pontuação
2026-04-19,588,2,101,pontuação
2026-05-01,658,32,762,pontuação
2026-02-25,61,5,129,pontuação
2026-02-09,233,19,877,pontuação
2026-04-09,159,4,608,pontuação
2026-03-27,743,6,38,pontuação
2026-01-25,106,3,327,pontuação
2026-03-30,843,5,824,pontuação
2026-03-27,851,5,631,pontuação
2026-02-24,525,36,841,pontuação
2026-02-28,915,27,868,pontuação
2026-02-02,308,30,14,pontuação
2026-03-19,418,19,621,pontuação
2026-03-23,778,26,901,pontuação
2026-03-16,196,11,84,pontuação
2026-02-28,38,18,314,pontuação
2026-04-09,482,23,511,pontuação
2026-04-23,318,15,840,pontuação
2026-02-23,947,11,801,pontuação
2026-03-01,608,20,983,pontuação
2026-04-29,631,21,204,pontuação
2026-03-13,343,38,428,pontuação
2026-04-01,38,27,744,pontuação
2026-02-18,845,17,984,pontuação
2026-02-03,443,7,713,pontuação
2026-03-09,805,38,309,pontuação
2026-05-02,832,21,986,pontuação
2026-04-15,564,13,69,pontuação
2026-03-06,256,17,616,pontuação
2026-05-04,480,28,383,pontuação
2026-04-06,181,10,280,pontuação
2026-02-05,336,5,677,pontuação
2026-05-03,531,15,526,pontuação
2026-02-01,357,19,433,pontuação
2026-02-14,788,31,164,pontuação
2026-01-20,295,33,133,pontuação
2026-01-01,157,38,555,pontuação
2026-01-13,523,11,388,pontuação
2026-01-20,450,21,405,pontuação
2026-02-02,776,23,40,pontuação
2026-03-21,858,17,94,pontuação
2026-04-12,8,34,822,pontuação
2026-03-14,143,12,685,pontuação
2026-05-01,541,10,20,pontuação
2026-04-28,185,26,812,pontuação
2026-01-17,916,22,885,pontuação
2026-02-06,246,6,442,pontuação
2026-02-07,445,36,161,pontuação
2026-01-05,203,12,447,pontuação
2026-03-19,768,12,919,pontuação
2026-03-13,486,26,413,pontuação
2026-02-26,677,2,636,pontuação
2026-04-22,116,23,842,pontuação
2026-04-18,167,11,395,pontuação
2026-04-16,312,38,754,pontuação
2026-01-16,86,23,943,pontuação
2026-05-03,515,24,676,pontuação
2026-04-09,777,39,678,pontuação
2026-04-29,494,3,567,pontuação
2026-04-07,735,20,152,pontuação
2026-01-06,865,18,516,pontuação
2026-03-16,154,33,347,pontuação
2026-04-17,716,40,292,pontuação
2026-02-02,511,39,334,pontuação
2026-03-24,132,21,142,pontuação
2026-04-06,119,32,440,pontuação
2026-04-23,804,10,695,pontuação
2026-01-12,533,36,100,pontuação
2026-03-26,161,12,572,pontuação
2026-02-25,228,21,56,pontuação
2026-03-16,21,24,118,pontuação
2026-02-04,129,34,780,pontuação
2026-03-15,525,24,861,pontuação
2026-03-23,389,11,203,pontuação
2026-01-05,549,21,258,pontuação
2026-01-05,357,38,332,pontuação
2026-01-17,109,17,535,pontuação
2026-03-30,818,5,630,pontuação
2026-05-01,892,27,969,pontuação
2026-02-19,421,33,499,pontuação
2026-02-14,586,9,469,pontuação
2026-01-05,339,10,682,pontuação
2026-02-14,410,13,510,pontuação
2026-02-24,797,8,84,pontuação
2026-01-30,301,6,134,pontuação
2026-03-29,514,1,857,pontuação
2026-04-22,634,18,197,pontuação
2026-01-14,622,2,464,pontuação
2026-04-11,802,11,397,pontuação
2026-04-24,187,4,859,pontuação
2026-03-29,315,28,647,pontuação
2026-02-25,654,20,642,pontuação
2026-02-18,422,24,468,pontuação
2026-02-22,818,10,399,pontuação
2026-04-25,381,15,674,pontuação
2026-03-03,141,21,179,pontuação
2026-02-09,834,9,172,pontuação
2026-05-02,424,33,936,pontuação
2026-02-02,122,37,419,pontuação
2026-03-12,61,19,334,pontuação
2026-03-23,508,18,463,pontuação
2026-04-04,17,16,799,pontuação
2026-01-18,937,11,483,pontuação
2026-02-01,475,10,634,pontuação
2026-02-23,312,9,962,pontuação
2026-03-06,190,37,872,pontuação
2026-01-05,933,32,676,pontuação
2026-01-07,207,29,846,pontuação
2026-03-19,300,34,368,pontuação
2026-01-24,904,1,148,pontuação
2026-05-05,515,32,488,pontuação
2026-04-12,655,10,49,pontuação
2026-04-24,908,26,781,pontuação
2026-03-10,572,6,926,pontuação
2026-02-15,864,36,543,pontuação
2026-04-08,310,23,99,pontuação
2026-04-24,346,5,324,pontuação
2026-02-08,288,1,430,pontuação
2026-03-13,836,5,106,pontuação
2026-04-21,473,22,253,pontuação
2026-05-02,966,37,989,pontuação
2026-04-26,377,18,884,pontuação
2026-04-19,422,36,184,pontuação
2026-03-05,736,36,176,pontuação
2026-03-02,805,18,268,pontuação
2026-02-15,503,9,865,pontuação
2026-03-16,355,28,869,pontuação
2026-02-17,25,33,836,pontuação
2026-02-13,259,1,984,pontuação
2026-03-21,242,26,899,pontuação
2026-02-21,825,7,370,pontuação
2026-01-18,402,28,30,pontuação
2026-02-08,107,7,700,pontuação
2026-04-14,377,10,783,pontuação
2026-01-18,587,21,604,pontuação
2026-03-20,333,4,420,pontuação
2026-02-09,663,34,228,pontuação
2026-03-09,144,32,114,pontuação
2026-05-05,886,24,297,pontuação
2026-03-02,874,34,971,pontuação
2026-04-08,903,3,66,pontuação
2026-03-29,366,1,850,pontuação
2026-03-24,769,8,319,pontuação
2026-01-19,61,16,665,pontuação
2026-05-01,803,37,4,pontuação
2026-01-16,642,2,495,pontuação
2026-03-21,332,28,362,pontuação
2026-02-26,779,16,162,pontuação
2026-01-29,983,35,801,pontuação
2026-04-27,810,32,687,pontuação
2026-01-10,361,27,119,pontuação
2026-03-15,612,10,885,pontuação
2026-02-01,972,31,548,pontuação
2026-01-19,447,34,553,pontuação
2026-03-20,665,25,872,pontuação
2026-04-19,446,31,625,pontuação
2026-01-30,79,33,277,pontuação
2026-02-09,514,20,170,pontuação
2026-04-20,101,23,738,pontuação
2026-03-02,101,11,368,pontuação
2026-03-23,869,35,451,pontuação
2026-01-28,136,17,879,pontuação
2026-04-08,922,9,859,pontuação
2026-02-02,918,8,475,pontuação
2026-03-17,745,10,188,pontuação
2026-03-18,125,37,994,pontuação
2026-03-01,633,13,521,pontuação
2026-04-30,993,17,778,pontuação
2026-02-25,965,10,472,pontuação
2026-03-28,105,33,666,pontuação
2026-03-07,961,23,495,pontuação
2026-01-28,720,3,389,pontuação
2026-02-10,716,38,146,pontuação
2026-04-12,985,26,262,pontuação
2026-02-09,913,28,937,pontuação
2026-03-10,415,33,250,pontuação
2026-04-29,536,30,167,pontuação
2026-02-18,83,23,646,pontuação
2026-05-02,126,22,787,pontuação
2026-02-14,31,3,540,pontuação
2026-03-27,449,18,496,pontuação
2026-04-12,454,39,187,pontuação
2026-03-04,909,21,953,pontuação
2026-04-06,420,39,35,pontuação
2026-02-03,684,9,959,pontuação
2026-01-07,795,1,120,pontuação
2026-02-11,406,12,521,pontuação
2026-04-20,163,11,484,pontuação
2026-03-14,745,9,626,pontuação
2026-04-19,876,21,179,pontuação
2026-04-14,316,2,847,pontuação
2026-01-07,710,22,813,pontuação
2026-02-05,867,17,565,pontuação
2026-03-09,603,5,996,pontuação
2026-01-23,457,28,665,pontuação
2026-01-29,482,20,745,pontuação
2026-03-08,654,6,291,pontuação
2026-03-29,662,29,886,pontuação
2026-03-21,281,9,308,pontuação
2026-02-03,605,27,38,pontuação
2026-01-08,767,30,913,pontuação
2026-01-26,210,26,30,pontuação
2026-03-24,93,18,674,pontuação
2026-02-21,170,29,67,pontuação
2026-05-03,64,9,719,pontuação
2026-04-25,198,33,984,pontuação
2026-04-07,380,8,884,pontuação
2026-04-18,257,6,929,pontuação
2026-04-13,534,40,944,pontuação
2026-04-16,759,22,675,pontuação
2026-03-03,111,27,418,pontuação
2026-05-05,466,15,606,pontuação
2026-04-22,670,39,523,pontuação
2026-02-13,528,34,755,pontuação
2026-03-11,320,31,127,pontuação
2026-02-15,396,21,961,pontuação
2026-01-28,704,37,944,pontuação
2026-02-10,901,3,226,pontuação
2026-02-11,567,39,689,pontuação
2026-04-03,294,20,510,pontuação
2026-04-09,232,16,679,pontuação
2026-02-15,20,29,784,pontuação
2026-03-22,127,2,5,pontuação
2026-04-24,123,33,983,pontuação
2026-03-03,346,10,304,pontuação
2026-03-28,679,5,188,pontuação
2026-05-02,864,39,481,pontuação
2026-02-23,407,23,657,pontuação
2026-03-26,315,2,101,pontuação
2026-01-20,482,23,289,pontuação
2026-01-08,791,2,423,pontuação
2026-04-03,508,31,320,pontuação
2026-04-06,246,37,852,pontuação
2026-02-08,291,32,34,pontuação
2026-02-14,265,22,516,pontuação
2026-03-04,455,6,523,pontuação
2026-02-27,921,31,577,pontuação
2026-04-17,418,38,912,pontuação
2026-04-26,607,21,930,pontuação
2026-01-15,30,30,463,pontuação
2026-03-22,161,25,144,pontuação
2026-02-24,89,36,784,pontuação
2026-02-19,690,32,712,pontuação
2026-02-07,607,20,422,pontuação
2026-04-20,697,12,79,pontuação
2026-03-13,397,6,11,pontuação
2026-03-10,713,27,937,pontuação
2026-01-03,117,18,233,pontuação
2026-04-03,461,6,366,pontuação
2026-01-31,364,8,85,pontuação
2026-01-13,922,37,561,pontuação
2026-01-24,640,20,607,pontuação
2026-01-06,649,20,734,pontuação
2026-01-13,729,9,751,pontuação
2026-04-22,550,36,47,pontuação
2026-03-03,309,12,508,pontuação
2026-04-19,700,20,745,pontuação
2026-01-25,784,20,706,pontuação
2026-03-02,573,1,604,pontuação
2026-04-18,623,33,971,pontuação
2026-01-14,519,5,956,pontuação
2026-03-21,921,21,555,pontuação
2026-03-28,238,33,308,pontuação
2026-03-15,816,11,889,pontuação
2026-01-04,922,22,603,pontuação
2026-01-31,534,36,637,pontuação
2026-01-25,429,9,489,pontuação
2026-03-04,597,16,335,pontuação
2026-03-19,278,9,517,pontuação
2026-04-07,598,4,704,pontuação
2026-03-22,108,31,486,pontuação
2026-02-01,483,39,920,pontuação
2026-02-23,750,35,451,pontuação
2026-02-16,519,34,210,pontuação
2026-01-06,35,27,293,pontuação
2026-04-03,897,28,558,pontuação
2026-03-10,391,31,587,pontuação
2026-04-12,870,4,145,pontuação
2026-03-08,873,3,681,pontuação
2026-03-10,440,33,718,pontuação
2026-01-10,556,6,781,pontuação
2026-02-05,187,28,918,pontuação
2026-03-17,644,11,76,pontuação
2026-02-24,8,22,968,pontuação
2026-01-30,780,4,990,pontuação
2026-04-22,331,31,807,pontuação
2026-01-06,179,15,874,pontuação
2026-01-25,954,32,126,pontuação
2026-04-18,270,26,428,pontuação
2026-02-20,824,37,861,pontuação
2026-03-25,867,18,876,pontuação
2026-04-15,104,1,837,pontuação
2026-03-07,677,39,213,pontuação
2026-03-21,165,15,969,pontuação
2026-04-12,527,37,233,pontuação
2026-01-26,247,3,769,pontuação
2026-05-03,623,24,664,pontuação
2026-02-23,394,17,992,pontuação
2026-02-20,672,37,602,pontuação
2026-03-16,655,5,904,pontuação
2026-04-23,773,28,936,pontuação
2026-02-09,49,24,490,pontuação
2026-04-26,801,32,262,pontuação
2026-01-05,309,17,597,pontuação
2026-01-28,880,34,415,pontuação
2026-01-13,250,13,590,pontuação
2026-01-30,567,25,521,pontuação
2026-03-30,758,39,169,pontuação
2026-02-28,352,17,94,pontuação
2026-03-22,825,33,948,pontuação
2026-04-08,890,11,128,pontuação
2026-04-06,967,18,806,pontuação
2026-03-02,351,1,239,pontuação
2026-04-30,312,6,637,pontuação
2026-04-18,92,3,312,pontuação
2026-02-09,76,29,458,pontuação
2026-01-04,331,26,745,pontuação
2026-04-07,140,27,980,pontuação
2026-01-26,145,25,734,pontuação
2026-05-04,734,32,231,pontuação
2026-02-26,253,30,968,pontuação
2026-01-25,536,29,24,pontuação
2026-01-06,988,34,882,pontuação
2026-05-03,542,33,498,pontuação
2026-03-14,380,17,268,pontuação
2026-01-14,507,28,398,pontuação
2026-01-16,653,24,397,pontuação
2026-03-11,211,40,592,pontuação
2026-02-20,703,33,148,pontuação
2026-05-01,750,18,754,pontuação
2026-01-06,642,1,409,pontuação
2026-04-24,207,33,472,pontuação
2026-01-01,556,37,655,pontuação
2026-04-28,511,30,847,pontuação
2026-01-31,579,2,182,pontuação
2026-02-09,47,20,184,pontuação
2026-02-26,901,1,686,pontuação
2026-03-19,206,21,587,pontuação
2026-04-03,689,24,312,pontuação
2026-01-19,887,40,321,pontuação
2026-04-12,113,15,913,pontuação
2026-01-12,95,34,89,pontuação
2026-03-03,46,5,245,pontuação
2026-02-27,747,9,898,pontuação
2026-04-20,806,32,336,pontuação
2026-04-20,412,37,782,pontuação
2026-04-16,865,18,113,pontuação
2026-04-05,509,29,257,pontuação
2026-01-21,428,8,863,pontuação
2026-01-07,147,16,195,pontuação
2026-01-19,314,30,765,pontuação
2026-01-25,836,25,665,pontuação
2026-01-23,852,24,925,pontuação
2026-04-16,88,3,870,pontuação
2026-04-16,494,12,385,pontuação
2026-03-02,279,12,235,pontuação
2026-03-11,208,20,828,pontuação
2026-02-03,847,35,196,pontuação
2026-01-08,219,27,280,pontuação
2026-04-15,139,37,707,pontuação
2026-01-08,506,11,459,pontuação
2026-02-13,323,33,642,pontuação
2026-03-07,208,23,262,pontuação
2026-03-11,92,6,376,pontuação
2026-04-18,415,22,3,pontuação
2026-03-15,465,30,4,pontuação
2026-01-31,140,16,540,pontuação
2026-02-24,222,11,185,pontuação
2026-03-08,720,18,508,pontuação
2026-01-04,262,1,764,pontuação
2026-01-15,765,9,203,pontuação
2026-02-15,812,17,566,pontuação
2026-03-25,566,15,522,pontuação
2026-01-09,588,36,644,pontuação
2026-04-02,952,16,172,pontuação
2026-03-27,240,32,132,pontuação
2026-04-01,578,23,514,pontuação
2026-01-21,920,36,701,pontuação
2026-03-14,85,5,968,pontuação
2026-02-19,320,38,742,pontuação
2026-01-05,362,15,476,pontuação
2026-03-06,968,2,106,pontuação
2026-03-14,734,16,773,pontuação
2026-03-17,724,34,762,pontuação
2026-02-04,680,17,913,pontuação
2026-01-28,930,24,876,pontuação
2026-02-27,867,5,24,pontuação
2026-03-15,478,33,577,pontuação
2026-01-25,789,26,426,pontuação
2026-03-21,451,31,355,pontuação
2026-02-16,193,17,236,pontuação
2026-02-11,67,1,537,pontuação
2026-01-25,81,12,218,pontuação
2026-03-01,331,16,246,pontuação
2026-02-08,386,15,821,pontuação
2026-04-30,403,30,567,pontuação
2026-04-07,145,26,155,pontuação
2026-03-10,704,4,316,pontuação
2026-03-14,59,27,417,pontuação
2026-05-02,745,24,588,pontuação
2026-03-25,822,32,457,pontuação
2026-02-09,716,30,701,pontuação
2026-04-03,356,13,670,pontuação
2026-01-26,691,17,766,pontuação
2026-02-28,653,28,706,pontuação
2026-01-07,677,2,876,pontuação
2026-03-22,935,9,442,pontuação
2026-02-04,520,21,368,pontuação
2026-01-30,353,7,616,pontuação
2026-01-04,319,14,989,pontuação
2026-03-03,951,5,145,pontuação
2026-03-12,487,27,629,pontuação
2026-02-27,590,16,945,pontuação
2026-05-03,27,14,197,pontuação
2026-03-23,339,23,275,pontuação
2026-04-13,166,6,643,pontuação
2026-01-25,413,30,966,pontuação
2026-01-20,888,8,70,pontuação
2026-01-10,364,39,253,pontuação
2026-02-08,554,8,739,pontuação
2026-04-16,109,12,198,pontuação
2026-02-18,955,9,913,pontuação
2026-04-29,922,35,346,pontuação
2026-03-20,473,13,186,pontuação
2026-02-07,152,26,438,pontuação
2026-04-11,406,31,85,pontuação
2026-04-25,503,19,804,pontuação
2026-02-18,720,40,374,pontuação
2026-04-18,174,21,710,pontuação
2026-03-13,151,40,979,pontuação
2026-01-10,116,35,336,pontuação
2026-03-25,556,16,781,pontuação
2026-05-03,549,36,430,pontuação
2026-02-13,10,19,369,pontuação
2026-01-12,697,19,693,pontuação
2026-02-14,363,12,169,pontuação
2026-04-11,295,14,955,pontuação
2026-01-06,824,37,257,pontuação
2026-04-21,681,3,455,pontuação
2026-03-22,733,20,416,pontuação
2026-03-31,443,36,685,pontuação
2026-03-13,677,14,171,pontuação
2026-01-01,526,31,63,pontuação
2026-02-24,816,31,357,pontuação
2026-04-09,978,29,66,pontuação
2026-05-05,10,27,116,pontuação
2026-03-30,897,34,782,pontuação
2026-04-11,498,5,759,pontuação
2026-02-09,697,16,153,pontuação
2026-01-20,517,37,24,pontuação
2026-03-18,131,6,537,pontuação
2026-02-23,848,40,332,pontuação
2026-04-12,72,23,902,pontuação
2026-04-24,617,4,602,pontuação
2026-04-21,397,6,512,pontuação
2026-04-28,352,15,294,pontuação
2026-01-24,328,33,957,pontuação
2026-04-21,751,2,923,pontuação
2026-01-21,618,22,993,pontuação
2026-04-08,603,16,509,pontuação
2026-04-06,430,36,527,pontuação
2026-02-06,921,5,991,pontuação
2026-01-13,869,9,179,pontuação
2026-03-27,520,8,727,pontuação
2026-04-16,635,16,883,pontuação
2026-01-27,711,20,755,pontuação
2026-02-10,430,2,580,pontuação
2026-01-02,654,21,734,pontuação
2026-02-17,580,12,111,pontuação
2026-04-07,461,15,756,pontuação
2026-02-11,114,28,206,pontuação
2026-04-03,810,2,523,pontuação
2026-02-03,623,17,19,pontuação
2026-04-30,434,3,637,pontuação
2026-02-20,784,1,932,pontuação
2026-02-27,57,15,732,pontuação
2026-01-24,300,24,530,pontuação
2026-04-25,545,21,265,pontuação
2026-02-09,211,27,336,pontuação
2026-04-02,149,19,684,pontuação
2026-04-21,293,36,441,pontuação
2026-02-03,696,20,105,pontuação
2026-04-23,553,3,790,pontuação
2026-04-05,556,10,310,pontuação
2026-01-01,309,11,185,pontuação
2026-03-17,826,17,754,pontuação
2026-04-14,765,10,811,pontuação
2026-04-09,557,14,143,pontuação
2026-01-26,575,36,106,pontuação
2026-01-08,550,37,322,pontuação
2026-03-15,194,2,492,pontuação
2026-04-05,330,31,337,pontuação
2026-03-11,470,2,806,pontuação
2026-04-13,647,27,371,pontuação
2026-01-29,478,36,345,pontuação
2026-05-05,572,4,375,pontuação
2026-02-24,976,34,324,pontuação
2026-03-31,725,19,730,pontuação
2026-01-06,586,11,28,pontuação
2026-04-01,923,2,709,pontuação
2026-02-03,197,10,258,pontuação
2026-01-13,122,10,358,pontuação
2026-01-05,541,23,252,pontuação
2026-02-16,420,11,97,pontuação
2026-03-23,226,14,467,pontuação
2026-03-31,438,25,823,pontuação
2026-04-30,902,28,625,pontuação
2026-01-04,264,39,805,pontuação
2026-01-25,983,2,630,pontuação
2026-01-12,156,3,649,pontuação
2026-03-06,570,6,295,pontuação
2026-01-13,412,27,161,pontuação
2026-02-02,490,1,810,pontuação
2026-02-02,480,25,969,pontuação
2026-01-08,865,8,71,pontuação
2026-03-18,905,6,167,pontuação
2026-04-09,239,4,107,pontuação
2026-05-04,854,33,455,pontuação
2026-03-09,89,39,91,pontuação
2026-04-25,375,15,15,pontuação
2026-04-13,926,10,643,pontuação
2026-02-24,635,5,454,pontuação
2026-02-03,11,1,228,pontuação
2026-05-01,888,4,386,pontuação
2026-04-30,845,20,422,pontuação
2026-03-21,38,22,628,pontuação
2026-01-14,785,22,161,pontuação
2026-01-20,115,30,334,pontuação
2026-03-22,662,32,46,pontuação
2026-01-27,778,26,173,pontuação
2026-02-10,817,29,441,pontuação
2026-03-04,870,29,450,pontuação
2026-02-20,121,15,875,pontuação
2026-04-03,820,18,849,pontuação
2026-02-21,37,16,943,pontuação
2026-04-02,180,4,695,pontuação
2026-03-01,480,16,987,pontuação
2026-02-11,230,38,653,pontuação
2026-02-02,807,19,811,pontuação
2026-02-22,414,31,21,pontuação
2026-03-08,110,39,219,pontuação
2026-02-21,447,4,956,pontuação
2026-02-13,448,32,369,pontuação
2026-05-05,458,16,396,pontuação
2026-02-13,752,29,618,pontuação
2026-01-07,198,37,312,pontuação
2026-01-29,4,35,524,pontuação
2026-03-08,577,13,391,pontuação
2026-01-17,375,11,911,pontuação
2026-05-01,863,13,947,pontuação
2026-03-31,364,6,819,pontuação
2026-02-17,368,36,799,pontuação
2026-02-17,450,30,925,pontuação
2026-01-16,392,36,161,pontuação
2026-04-01,339,27,706,pontuação
2026-03-17,209,17,109,pontuação
2026-03-31,726,30,507,pontuação
2026-03-31,703,39,469,pontuação
2026-03-16,633,26,542,pontuação
2026-01-29,661,29,792,pontuação
2026-01-13,258,11,123,pontuação
2026-03-14,138,11,344,pontuação
2026-01-10,875,38,501,pontuação
2026-01-22,583,1,501,pontuação
2026-02-15,546,19,222,pontuação
2026-01-25,678,10,840,pontuação
2026-03-30,83,36,889,pontuação
2026-01-16,113,10,251,pontuação
2026-03-14,98,20,445,pontuação
2026-01-18,580,4,215,pontuação
2026-04-15,967,29,334,pontuação
2026-04-30,268,6,595,pontuação
2026-01-24,658,30,918,pontuação
2026-01-06,548,5,906,pontuação
2026-03-15,454,29,910,pontuação
2026-04-03,616,29,600,pontuação
2026-02-13,623,4,214,pontuação
2026-02-10,797,37,862,pontuação
2026-02-25,721,32,571,pontuação
2026-02-08,391,7,165,pontuação
2026-04-27,888,5,41,pontuação
2026-02-23,158,7,280,pontuação
2026-01-07,778,40,179,pontuação
2026-05-05,449,22,845,pontuação
2026-01-16,469,11,339,pontuação
2026-03-27,922,38,264,pontuação
2026-01-24,356,34,18,pontuação
2026-01-31,664,39,898,pontuação
2026-02-14,774,14,286,pontuação
2026-04-27,218,2,772,pontuação
2026-01-21,447,11,908,pontuação
2026-05-04,732,4,682,pontuação
2026-03-11,327,22,645,pontuação
2026-03-11,584,8,503,pontuação
2026-03-04,345,17,982,pontuação
2026-01-03,840,4,919,pontuação
2026-02-08,71,19,997,pontuação
2026-05-02,809,37,48,pontuação
2026-03-26,452,40,687,pontuação
2026-01-02,356,31,558,pontuação
2026-03-25,125,23,667,pontuação
2026-02-17,275,26,703,pontuação
2026-05-05,436,30,846,pontuação
2026-02-25,490,23,161,pontuação
2026-03-28,3,30,574,pontuação
2026-02-24,807,30,839,pontuação
2026-04-11,532,2,442,pontuação
2026-03-28,886,8,784,pontuação
2026-03-30,881,33,801,pontuação
2026-03-04,448,13,630,pontuação
2026-04-10,931,22,356,pontuação
2026-01-24,226,14,313,pontuação
2026-03-28,415,7,416,pontuação
2026-01-11,693,1,220,pontuação
2026-03-19,225,36,426,pontuação
2026-04-30,216,7,72,pontuação
2026-03-01,20,8,975,pontuação
2026-04-20,456,19,125,pontuação
2026-01-11,816,39,92,pontuação
2026-04-17,796,25,346,pontuação
2026-01-09,265,11,156,pontuação
2026-03-21,439,2,798,pontuação
2026-03-07,55,8,337,pontuação
2026-02-18,999,9,103,pontuação
2026-02-26,211,5,210,pontuação
2026-02-01,638,34,785,pontuação
2026-04-30,626,28,820,pontuação
2026-03-23,665,37,847,pontuação
2026-02-04,134,35,221,pontuação
2026-04-30,446,18,824,pontuação
2026-03-12,349,4,895,pontuação
2026-02-07,118,25,1000,pontuação
2026-02-04,22,40,738,pontuação
2026-03-12,154,21,596,pontuação
2026-05-01,150,13,681,pontuação
2026-04-18,3,20,650,pontuação
2026-03-28,664,14,969,pontuação
2026-03-17,732,12,554,pontuação
2026-03-13,414,19,453,pontuação
2026-02-12,712,12,803,pontuação
2026-02-12,941,28,554,pontuação
2026-04-14,389,22,407,pontuação
2026-04-23,326,10,435,pontuação
2026-02-17,198,34,503,pontuação
2026-02-14,115,17,949,pontuação
2026-02-28,825,20,397,pontuação
2026-02-16,68,15,477,pontuação
2026-04-02,540,2,324,pontuação
2026-03-14,575,19,554,pontuação
2026-03-20,14,22,450,pontuação
2026-04-05,969,5,204,pontuação
2026-01-15,315,22,760,pontuação
2026-04-26,460,15,23,pontuação
2026-03-15,72,15,660,pontuação
2026-03-05,766,4,983,pontuação
2026-02-06,685,36,990,pontuação
2026-04-07,62,34,660,pontuação
2026-04-28,31,16,322,pontuação
2026-05-01,166,33,427,pontuação
2026-01-10,125,37,342,pontuação
2026-03-23,697,28,389,pontuação
2026-01-25,322,28,929,pontuação
2026-02-03,799,24,254,pontuação
2026-04-13,887,22,534,pontuação
2026-04-16,10,39,561,pontuação
2026-01-11,396,36,97,pontuação
2026-01-25,465,18,990,pontuação
2026-02-01,612,33,436,pontuação
2026-04-06,299,6,776,pontuação
2026-03-14,183,30,403,pontuação
2026-01-04,316,9,425,pontuação
2026-03-21,4,9,649,pontuação
2026-01-08,507,22,981,pontuação
2026-04-18,27,21,507,pontuação
2026-03-05,226,30,720,pontuação
2026-04-10,88,36,698,pontuação
2026-02-25,985,30,318,pontuação
2026-02-10,320,31,711,pontuação
2026-01-04,152,8,763,pontuação
2026-01-29,393,19,978,pontuação
2026-01-08,2,24,607,pontuação
2026-01-30,314,29,357,pontuação
2026-02-25,731,15,725,pontuação
2026-05-05,335,9,925,pontuação
2026-02-02,226,12,879,pontuação
2026-01-08,494,10,33,pontuação
2026-01-28,692,1,731,pontuação
2026-02-17,205,29,30,pontuação
2026-01-17,113,17,72,pontuação
2026-01-12,431,2,612,pontuação
2026-03-03,936,40,263,pontuação
2026-01-11,384,23,446,pontuação
2026-04-27,178,25,865,pontuação
2026-04-07,300,27,566,pontuação
2026-04-13,281,31,162,pontuação
2026-01-17,889,13,918,pontuação
2026-01-25,662,19,650,pontuação
2026-01-04,50,15,813,pontuação
2026-01-04,959,6,119,pontuação
2026-04-27,861,12,715,pontuação
2026-03-01,954,13,770,pontuação
2026-01-27,815,30,631,pontuação
2026-03-15,893,8,128,pontuação
2026-03-11,406,31,998,pontuação
2026-02-15,478,8,540,pontuação
2026-01-11,283,30,768,pontuação
2026-02-28,689,35,671,pontuação
2026-01-05,19,19,853,pontuação
2026-02-21,415,27,983,pontuação
2026-01-18,606,23,985,pontuação
2026-01-12,65,38,332,pontuação
2026-01-22,931,20,796,pontuação
2026-01-09,786,5,897,pontuação
2026-04-19,938,34,680,pontuação
2026-03-08,100,15,131,pontuação
2026-03-07,862,19,112,pontuação
2026-02-25,912,18,643,pontuação
2026-01-30,812,18,128,pontuação
2026-02-22,328,11,116,pontuação
2026-02-20,61,21,834,pontuação
2026-01-14,215,10,998,pontuação
2026-03-27,415,35,146,pontuação
2026-03-12,167,21,649,pontuação
2026-04-23,4,19,515,pontuação
2026-03-29,642,14,528,pontuação
2026-01-02,252,3,654,pontuação
2026-01-08,621,34,399,pontuação
2026-03-10,796,39,199,pontuação
2026-01-16,740,4,187,pontuação
2026-02-10,830,23,695,pontuação
2026-03-03,470,38,238,pontuação
2026-04-22,155,20,152,pontuação
2026-03-28,558,13,280,pontuação
2026-01-21,772,6,964,pontuação
2026-01-01,433,12,147,pontuação
2026-05-03,818,25,999,pontuação
2026-02-11,98,38,499,pontuação
2026-04-12,195,23,800,pontuação
2026-04-21,866,38,737,pontuação
2026-03-20,381,34,869,pontuação
2026-02-08,998,18,463,pontuação
2026-05-01,282,13,870,pontuação
2026-01-31,652,25,189,pontuação
2026-04-03,833,35,39,pontuação
2026-03-10,491,15,102,pontuação
2026-02-06,737,8,529,pontuação
2026-05-04,827,11,258,pontuação
2026-04-14,536,40,347,pontuação
2026-04-01,465,15,238,pontuação
2026-04-11,188,9,899,pontuação
2026-01-21,371,11,474,pontuação
2026-03-18,994,15,352,pontuação
2026-04-18,608,5,955,pontuação
2026-03-29,692,24,273,pontuação
2026-04-30,332,38,836,pontuação
2026-05-03,497,21,794,pontuação
2026-04-25,226,6,665,pontuação
2026-04-30,189,7,360,pontuação
2026-03-19,125,15,98,pontuação
2026-02-13,685,26,437,pontuação
2026-02-13,289,18,325,pontuação
2026-01-07,144,30,216,pontuação
2026-02-27,392,7,223,pontuação
2026-03-05,115,29,760,pontuação
2026-01-15,672,37,907,pontuação
2026-01-18,626,20,455,pontuação
2026-03-19,312,3,677,pontuação
2026-04-01,167,28,322,pontuação
2026-04-19,364,2,55,pontuação
2026-02-20,764,26,477,pontuação
2026-03-05,606,24,51,pontuação
2026-03-06,9,20,790,pontuação
2026-03-17,592,8,851,pontuação
2026-03-01,868,25,993,pontuação
2026-04-18,779,24,901,pontuação
2026-03-04,874,19,814,pontuação
2026-04-06,479,6,735,pontuação
2026-04-11,499,32,102,pontuação
2026-01-21,335,34,804,pontuação
2026-03-03,618,2,918,pontuação
2026-03-01,809,10,926,pontuação
2026-04-20,405,27,517,pontuação
2026-03-27,801,39,364,pontuação
2026-03-03,373,21,546,pontuação
2026-04-26,956,29,160,pontuação
2026-04-27,578,34,332,pontuação
2026-02-10,373,20,323,pontuação
2026-01-22,129,21,240,pontuação
2026-02-14,835,36,118,pontuação
2026-01-03,641,35,878,pontuação
2026-01-12,969,27,973,pontuação
2026-02-18,244,12,691,pontuação
2026-03-21,977,29,734,pontuação
2026-01-07,384,35,812,pontuação
2026-05-01,218,32,784,pontuação
2026-02-24,200,14,46,pontuação
2026-01-16,487,10,471,pontuação
2026-02-24,572,39,569,pontuação
2026-04-15,696,29,552,pontuação
2026-04-25,425,39,452,pontuação
2026-01-24,672,26,696,pontuação
2026-03-16,52,35,689,pontuação
2026-02-26,317,32,370,pontuação
2026-04-09,609,5,255,pontuação
2026-02-10,627,19,588,pontuação
2026-02-09,812,37,367,pontuação
2026-04-17,342,36,445,pontuação
2026-03-04,768,29,690,pontuação
2026-01-12,873,4,325,pontuação
2026-03-04,855,2,743,pontuação
2026-03-30,888,29,86,pontuação
2026-01-06,229,12,144,pontuação
2026-03-17,461,33,891,pontuação
2026-01-13,680,5,79,pontuação
2026-03-08,203,11,219,pontuação
2026-03-28,840,35,308,pontuação
2026-02-12,618,37,524,pontuação
2026-01-02,721,18,12,pontuação
2026-02-26,187,30,424,pontuação
2026-01-11,966,30,599,pontuação
2026-02-19,65,2,679,pontuação
2026-04-28,289,36,450,pontuação
2026-03-03,838,31,786,pontuação
2026-04-11,229,38,250,pontuação
2026-01-28,687,12,410,pontuação
2026-04-09,460,30,564,pontuação
2026-04-17,336,14,846,pontuação
2026-04-09,568,15,391,pontuação
2026-04-15,66,12,227,pontuação
2026-03-22,867,21,528,pontuação
2026-04-28,482,1,535,pontuação
2026-03-08,882,13,228,pontuação
2026-03-05,729,32,814,pontuação
2026-02-01,533,10,336,pontuação
2026-01-09,67,7,270,pontuação
2026-03-28,437,7,198,pontuação
2026-02-27,665,40,479,pontuação
2026-03-20,745,21,40,pontuação
2026-04-07,533,23,304,pontuação
2026-03-30,245,14,547,pontuação
2026-01-05,772,39,844,pontuação
2026-04-01,439,23,250,pontuação
2026-04-14,7,5,43,pontuação
2026-04-11,842,3,380,pontuação
2026-01-30,409,11,73,pontuação
2026-01-05,735,39,580,pontuação
2026-04-30,342,30,266,pontuação
2026-02-01,214,16,628,pontuação
2026-05-03,182,21,889,pontuação
2026-04-01,70,9,987,pontuação
2026-04-14,354,20,86,pontuação
2026-03-23,182,5,730,pontuação
2026-01-02,395,2,737,pontuação
2026-05-04,841,23,656,pontuação
2026-04-30,809,16,78,pontuação
2026-01-05,177,4,114,pontuação
2026-02-24,354,39,718,pontuação
2026-02-21,588,21,129,pontuação
2026-03-14,70,6,177,pontuação
2026-03-16,191,12,692,pontuação
2026-02-17,847,24,319,pontuação
2026-03-28,528,11,901,pontuação
2026-01-10,511,37,855,pontuação
2026-02-05,667,34,645,pontuação
2026-05-05,699,33,572,pontuação
2026-01-25,690,13,579,pontuação
2026-01-20,944,23,585,pontuação
2026-04-19,222,11,797,pontuação
2026-03-07,211,25,970,pontuação
2026-04-24,987,26,1000,pontuação
2026-01-11,354,17,816,pontuação
2026-03-21,386,19,685,pontuação
2026-03-04,721,13,382,pontuação
2026-04-11,308,10,440,pontuação
2026-04-09,144,26,495,pontuação
2026-04-25,18,29,288,pontuação
2026-03-24,226,29,248,pontuação
2026-04-10,115,27,122,pontuação
2026-03-12,992,33,680,pontuação
2026-01-06,626,5,12,pontuação
2026-01-20,242,12,516,pontuação
2026-03-04,103,31,776,pontuação
2026-02-19,122,2,954,pontuação
2026-01-09,609,11,180,pontuação
2026-01-02,622,39,174,pontuação
2026-02-18,165,20,930,pontuação
2026-03-30,495,17,137,pontuação
2026-01-17,360,10,725,pontuação
2026-03-24,59,3,704,pontuação
2026-01-22,325,19,930,pontuação
2026-02-16,979,33,272,pontuação
2026-02-25,218,2,249,pontuação
2026-03-02,388,7,491,pontuação
2026-01-14,270,3,444,pontuação
2026-03-06,6,3,988,pontuação
2026-03-24,516,10,890,pontuação
2026-01-05,611,36,18,pontuação
2026-02-22,864,26,330,pontuação
2026-02-11,661,32,101,pontuação
2026-04-10,345,9,675,pontuação
2026-03-01,772,24,662,pontuação
2026-01-06,299,40,327,pontuação
2026-04-10,372,38,777,pontuação
2026-01-31,204,32,184,pontuação
2026-02-12,425,18,73,pontuação
2026-01-03,591,26,952,pontuação
2026-03-18,597,16,642,pontuação
2026-03-23,399,14,340,pontuação
2026-03-03,452,24,363,pontuação
2026-04-26,754,39,387,pontuação
2026-01-24,5,35,1000,pontuação
2026-03-06,920,6,153,pontuação
2026-02-22,425,4,828,pontuação
2026-01-30,299,32,875,pontuação
2026-03-21,633,20,692,pontuação
2026-04-15,534,7,12,pontuação
2026-03-07,541,16,505,pontuação
2026-01-03,669,24,349,pontuação
2026-01-27,428,14,225,pontuação
2026-02-02,992,40,947,pontuação
2026-02-22,372,4,637,pontuação
2026-04-27,854,35,591,pontuação
2026-03-11,392,3,478,pontuação
2026-02-23,590,14,904,pontuação
2026-02-05,362,27,41,pontuação
2026-03-02,699,16,190,pontuação
2026-01-24,280,29,699,pontuação
2026-02-04,793,24,640,pontuação
2026-03-24,10,38,445,pontuação
2026-03-01,353,21,7,pontuação
2026-04-05,414,26,500,pontuação
2026-03-18,268,3,352,pontuação
2026-04-13,165,4,88,pontuação
2026-03-22,889,15,597,pontuação
2026-01-30,743,23,282,pontuação
2026-01-11,481,9,503,pontuação
2026-01-16,713,19,276,pontuação
2026-04-12,409,26,310,pontuação
2026-01-10,681,12,824,pontuação
2026-04-30,942,28,592,pontuação
2026-01-19,207,27,122,pontuação
2026-03-05,792,17,347,pontuação
2026-01-02,640,32,787,pontuação
2026-03-18,299,38,849,pontuação
2026-03-29,670,14,397,pontuação
2026-02-08,862,11,121,pontuação
2026-04-16,410,19,547,pontuação
2026-01-21,759,32,876,pontuação
2026-04-08,880,21,282,pontuação
2026-02-16,926,23,655,pontuação
2026-03-29,696,2,49,pontuação
2026-02-25,691,38,303,pontuação
2026-04-13,935,17,819,pontuação
2026-01-12,522,11,614,pontuação
2026-01-21,213,21,377,pontuação
2026-02-08,906,12,425,pontuação
2026-02-16,806,36,33,pontuação
2026-01-31,756,24,793,pontuação
2026-02-20,684,34,324,pontuação
2026-02-25,762,10,606,pontuação
2026-02-01,862,28,12,pontuação
2026-01-18,759,6,525,pontuação
2026-01-02,985,12,550,pontuação
2026-01-03,205,20,943,pontuação
2026-01-01,78,39,727,pontuação
2026-03-17,670,27,538,pontuação
2026-01-22,463,2,833,pontuação
2026-03-26,848,21,343,pontuação
2026-01-21,754,33,996,pontuação
2026-02-07,33,4,232,pontuação
2026-04-27,145,33,523,pontuação
2026-02-04,413,16,687,pontuação
2026-03-04,69,36,813,pontuação
2026-03-15,642,6,233,pontuação
2026-01-02,141,31,538,pontuação
2026-05-02,220,2,173,pontuação
2026-03-17,757,35,181,pontuação
2026-04-20,694,16,320,pontuação
2026-03-25,88,1,168,pontuação
2026-03-16,895,6,338,pontuação
2026-01-08,490,21,731,pontuação
2026-03-31,561,12,532,pontuação
2026-04-09,837,4,488,pontuação
2026-03-21,185,13,447,pontuação
2026-01-25,312,16,629,pontuação
2026-03-22,628,1,322,pontuação
2026-04-11,957,4,416,pontuação
2026-04-30,534,3,148,pontuação
2026-01-17,619,14,751,pontuação
2026-03-29,408,3,115,pontuação
2026-04-26,807,25,311,pontuação
2026-01-06,107,40,327,pontuação
2026-03-12,705,38,603,pontuação
2026-02-12,590,33,548,pontuação
2026-02-02,102,30,549,pontuação
2026-03-15,53,15,106,pontuação
2026-05-03,881,25,278,pontuação
2026-04-27,760,3,927,pontuação
2026-01-12,892,8,678,pontuação
2026-01-26,117,17,752,pontuação
2026-04-09,526,32,564,pontuação
2026-04-29,296,8,190,pontuação
2026-02-22,843,27,618,pontuação
2026-03-12,126,11,122,pontuação
2026-04-09,194,34,394,pontuação
2026-04-05,310,34,750,pontuação
2026-03-07,554,13,844,pontuação
2026-02-26,535,29,889,pontuação
2026-01-07,84,29,19,pontuação
2026-02-21,618,9,116,pontuação
2026-04-28,389,33,675,pontuação
2026-04-15,920,19,453,pontuação
2026-01-01,773,8,654,pontuação
2026-03-09,376,32,142,pontuação
2026-03-03,970,33,564,pontuação
2026-04-28,268,17,908,pontuação
2026-01-03,74,23,834,pontuação
2026-03-10,453,36,39,pontuação
2026-04-05,45,16,783,pontuação
2026-01-01,977,5,860,pontuação
2026-01-31,307,13,411,pontuação
2026-01-27,590,5,70,pontuação
2026-01-20,925,37,998,pontuação
2026-03-11,701,27,212,pontuação
2026-04-19,54,11,941,pontuação
2026-02-06,104,20,982,pontuação
2026-04-02,45,28,15,pontuação
2026-01-25,571,27,247,pontuação
2026-01-20,682,17,181,pontuação
2026-04-11,240,17,751,pontuação
2026-04-12,506,33,418,pontuação
2026-02-12,868,34,479,pontuação
2026-04-22,530,22,566,pontuação
2026-03-15,251,23,220,pontuação
2026-04-29,652,2,892,pontuação
2026-03-21,928,4,762,pontuação
2026-04-20,687,11,827,pontuação
2026-01-10,961,2,542,pontuação
2026-01-23,811,19,804,pontuação
2026-04-06,895,9,125,pontuação
2026-01-08,697,16,363,pontuação
2026-03-02,854,1,115,pontuação
2026-03-23,363,22,972,pontuação
2026-04-21,976,29,590,pontuação
2026-01-06,372,34,572,pontuação
2026-02-05,732,8,896,pontuação
2026-02-19,184,2,664,pontuação
2026-01-22,11,28,58,pontuação
2026-01-05,141,8,129,pontuação
2026-02-06,553,4,525,pontuação
2026-02-09,352,20,543,pontuação
2026-04-13,489,13,941,pontuação
2026-03-12,981,36,117,pontuação
2026-04-09,399,24,712,pontuação
2026-04-03,705,14,657,pontuação
2026-02-21,631,31,835,pontuação
2026-03-01,55,33,959,pontuação
2026-04-25,413,23,723,pontuação
2026-02-07,501,21,632,pontuação
2026-04-12,798,23,970,pontuação
2026-02-27,639,4,387,pontuação
2026-04-21,158,38,604,pontuação
2026-02-06,919,38,847,pontuação
2026-02-27,278,20,581,pontuação
2026-03-28,754,8,14,pontuação
2026-03-17,89,4,980,pontuação
2026-01-15,641,37,785,pontuação
2026-03-27,443,23,600,pontuação
2026-03-17,227,33,661,pontuação
2026-01-20,733,22,909,pontuação
2026-01-04,49,14,683,pontuação
2026-02-27,387,1,288,pontuação
2026-04-23,565,18,275,pontuação
2026-04-09,741,24,254,pontuação
2026-02-10,861,26,318,pontuação
2026-02-20,424,15,508,pontuação
2026-01-25,101,12,119,pontuação
2026-01-31,178,5,485,pontuação
2026-01-12,180,35,20,pontuação
2026-03-16,220,29,354,pontuação
2026-03-27,375,5,951,pontuação
2026-04-09,289,23,664,pontuação
2026-02-25,996,37,12,pontuação
2026-03-20,936,26,752,pontuação
2026-01-16,603,25,69,pontuação
2026-04-07,535,10,579,pontuação
2026-01-31,150,9,778,pontuação
2026-03-16,460,14,480,pontuação
2026-02-22,386,15,406,pontuação
2026-03-06,826,39,657,pontuação
2026-03-01,670,24,439,pontuação
2026-02-25,740,32,772,pontuação
2026-04-01,520,22,376,pontuação
2026-04-23,784,10,342,pontuação
2026-03-31,139,11,62,pontuação
2026-05-05,208,20,283,pontuação
2026-04-04,891,10,776,pontuação
2026-02-24,291,24,58,pontuação
2026-04-27,491,25,398,pontuação
2026-01-10,558,16,769,pontuação
2026-03-09,936,9,862,pontuação
2026-03-14,810,12,774,pontuação
2026-04-28,189,37,827,pontuação
2026-01-21,434,15,236,pontuação
2026-02-16,115,1,660,pontuação
2026-02-25,711,1,427,pontuação
2026-03-03,272,3,145,pontuação
2026-02-11,143,15,683,pontuação
2026-01-05,133,18,691,pontuação
2026-04-06,330,7,158,pontuação
2026-04-25,154,29,425,pontuação
2026-04-30,142,30,814,pontuação
2026-04-04,417,27,522,pontuação
2026-02-24,619,13,394,pontuação
2026-03-13,386,32,391,pontuação
2026-05-02,911,37,266,pontuação
2026-03-03,486,39,21,pontuação
2026-04-22,994,39,281,pontuação
2026-01-27,804,6,601,pontuação
2026-03-01,758,16,935,pontuação
2026-02-25,411,31,715,pontuação
2026-03-25,454,12,903,pontuação
2026-03-08,624,34,276,pontuação
2026-02-22,289,13,998,pontuação
2026-02-12,511,30,432,pontuação
2026-02-24,114,19,990,pontuação
2026-04-09,84,31,799,pontuação
2026-01-11,530,23,80,pontuação
2026-02-05,804,10,256,pontuação
2026-02-06,47,39,538,pontuação
2026-02-07,161,31,752,pontuação
2026-02-26,164,28,809,pontuação
2026-04-18,502,19,898,pontuação
2026-03-07,738,13,895,pontuação
2026-01-26,759,39,822,pontuação
2026-05-03,942,10,697,pontuação
2026-02-26,1,39,758,pontuação
2026-03-09,512,17,353,pontuação
2026-03-07,501,24,121,pontuação
2026-04-03,84,15,878,pontuação
2026-04-30,432,30,338,pontuação
2026-03-31,4,34,251,pontuação
2026-04-19,935,28,211,pontuação
2026-04-08,423,9,751,pontuação
2026-01-31,781,2,155,pontuação
2026-03-02,129,10,892,pontuação
2026-04-03,513,18,646,pontuação
2026-02-17,101,32,965,pontuação
2026-02-03,39,15,990,pontuação
2026-02-28,10,17,341,pontuação
2026-02-23,197,20,910,pontuação
2026-04-15,864,4,532,pontuação
2026-01-26,587,16,118,pontuação
2026-02-19,51,22,313,pontuação
2026-05-01,911,20,470,pontuação
2026-04-15,406,3,38,pontuação
2026-01-10,276,3,158,pontuação
2026-01-05,627,28,891,pontuação
2026-02-14,343,33,42,pontuação
2026-03-01,717,6,96,pontuação
2026-03-25,244,26,314,pontuação
2026-01-15,912,25,804,pontuação
2026-04-02,809,11,287,pontuação
2026-05-02,147,33,176,pontuação
2026-03-15,553,21,74,pontuação
2026-03-18,987,39,334,pontuação
2026-02-27,969,18,903,pontuação
2026-02-01,691,14,934,pontuação
2026-01-11,142,38,884,pontuação
2026-04-22,681,10,703,pontuação
2026-03-26,205,10,472,pontuação
2026-04-29,72,7,975,pontuação
2026-03-24,439,5,912,pontuação
2026-01-17,593,22,965,pontuação
2026-04-15,377,6,474,pontuação
2026-04-16,318,30,750,pontuação
2026-03-16,193,32,803,pontuação
2026-03-20,322,5,12,pontuação
2026-04-29,496,2,632,pontuação
2026-02-05,897,9,970,pontuação
2026-05-03,762,17,213,pontuação
2026-05-03,249,2,289,pontuação
2026-02-21,551,13,59,pontuação
2026-02-06,911,28,446,pontuação
2026-04-01,111,2,10,pontuação
2026-03-14,119,31,216,pontuação
2026-01-12,412,9,786,pontuação
2026-02-10,541,9,782,pontuação
2026-01-31,267,32,253,pontuação
2026-03-04,287,29,109,pontuação
2026-01-25,191,10,865,pontuação
2026-03-28,671,2,689,pontuação
2026-01-29,811,1,448,pontuação
2026-04-13,723,39,599,pontuação
2026-02-13,963,34,622,pontuação
2026-04-21,621,7,4,pontuação
2026-05-02,276,38,112,pontuação
2026-01-11,777,18,172,pontuação
2026-04-12,39,36,620,pontuação
2026-03-01,983,15,669,pontuação
2026-02-10,992,39,414,pontuação
2026-01-13,272,27,467,pontuação
2026-02-15,267,35,546,pontuação
2026-04-23,854,23,44,pontuação
2026-04-23,8,4,461,pontuação
2026-01-27,696,36,394,pontuação
2026-01-03,992,21,544,pontuação
2026-05-02,149,9,908,pontuação
2026-01-04,185,23,863,pontuação
2026-04-19,155,30,968,pontuação
2026-04-04,373,27,481,pontuação
2026-01-30,262,34,433,pontuação
2026-01-07,497,11,354,pontuação
2026-04-07,249,1,998,pontuação
2026-01-26,728,23,268,pontuação
2026-04-10,95,15,238,pontuação
2026-01-19,828,4,560,pontuação
2026-03-18,254,4,420,pontuação
2026-01-08,450,12,613,pontuação
2026-01-06,316,17,315,pontuação
2026-01-06,284,33,527,pontuação
2026-02-27,800,36,88,pontuação
2026-01-15,850,33,535,pontuação
2026-02-16,809,4,310,pontuação
2026-01-30,175,16,217,pontuação
2026-04-05,751,13,339,pontuação
2026-01-16,936,17,558,pontuação
2026-02-15,424,14,121,pontuação
2026-01-28,291,5,984,pontuação
2026-01-19,138,22,474,pontuação
2026-01-28,771,9,745,pontuação
2026-03-10,538,32,248,pontuação
2026-03-20,75,3,28,pontuação
2026-04-14,823,8,579,pontuação
2026-04-01,535,3,635,pontuação
2026-04-05,408,11,673,pontuação
2026-03-03,586,8,875,pontuação
2026-02-28,3,13,803,pontuação
2026-03-21,838,14,708,pontuação
2026-01-08,9,10,305,pontuação
2026-01-27,929,10,229,pontuação
2026-03-15,821,18,266,pontuação
2026-01-16,151,17,226,pontuação
2026-02-02,844,36,174,pontuação
2026-01-23,924,13,965,pontuação
2026-01-08,112,30,280,pontuação
2026-02-14,426,18,154,pontuação
2026-03-08,195,19,645,pontuação
2026-03-24,382,30,579,pontuação
2026-02-08,746,7,453,pontuação
2026-04-29,142,10,408,pontuação
2026-04-21,448,19,868,pontuação
2026-01-28,282,25,175,pontuação
2026-01-22,121,17,547,pontuação
2026-02-01,1,40,856,pontuação
2026-05-04,392,11,606,pontuação
2026-01-31,538,39,921,pontuação
2026-02-23,121,39,670,pontuação
2026-02-09,497,8,331,pontuação
2026-03-04,856,28,312,pontuação
2026-02-20,774,20,996,pontuação
2026-03-17,232,29,506,pontuação
2026-01-20,376,31,435,pontuação
2026-01-24,639,21,63,pontuação
2026-03-01,756,11,199,pontuação
2026-02-12,586,25,788,pontuação
2026-02-17,799,20,36,pontuação
2026-04-09,484,5,539,pontuação
2026-03-09,653,18,783,pontuação
2026-01-24,419,34,157,pontuação
2026-04-24,661,29,190,pontuação
2026-02-13,727,29,744,pontuação
2026-01-24,336,2,589,pontuação
2026-04-26,790,33,893,pontuação
2026-03-14,91,40,685,pontuação
2026-03-17,339,8,568,pontuação
2026-04-18,307,7,192,pontuação
2026-01-27,451,20,722,pontuação
2026-01-26,637,40,517,pontuação
2026-04-30,346,40,628,pontuação
2026-04-03,622,28,635,pontuação
2026-01-10,424,20,66,pontuação
2026-01-26,8,25,390,pontuação
2026-01-01,927,7,22,pontuação
2026-04-22,436,24,293,pontuação
2026-03-19,201,27,640,pontuação
2026-03-26,549,32,772,pontuação
2026-03-25,115,38,778,pontuação
2026-03-11,351,1,527,pontuação
2026-03-03,469,23,276,pontuação
2026-02-01,789,23,120,pontuação
2026-03-23,663,35,826,pontuação
2026-03-22,826,4,124,pontuação
2026-04-06,918,8,201,pontuação
2026-02-26,548,21,643,pontuação
2026-03-25,526,40,217,pontuação
2026-01-26,279,35,927,pontuação
2026-02-05,996,8,781,pontuação
2026-03-08,24,4,373,pontuação
2026-02-26,419,27,236,pontuação
2026-05-02,402,16,695,pontuação
2026-01-16,447,9,899,pontuação
2026-01-25,277,29,366,pontuação
2026-04-26,68,32,727,pontuação
2026-03-03,392,11,981,pontuação
2026-02-11,92,29,748,pontuação
2026-03-03,260,17,586,pontuação
2026-03-19,107,20,682,pontuação
2026-01-27,489,31,732,pontuação
2026-02-01,577,7,781,pontuação
2026-02-17,339,40,376,pontuação
2026-01-18,57,11,667,pontuação
2026-03-16,252,37,413,pontuação
2026-02-10,760,15,976,pontuação
2026-02-11,829,40,479,pontuação
2026-03-08,443,19,154,pontuação
2026-03-27,443,18,655,pontuação
2026-04-12,1,3,358,pontuação
2026-01-24,633,4,215,pontuação
2026-02-18,933,12,190,pontuação
2026-01-08,283,38,844,pontuação
2026-04-29,854,29,942,pontuação
2026-02-05,501,25,800,pontuação
2026-05-03,283,33,144,pontuação
2026-03-13,97,17,590,pontuação
2026-03-09,571,26,874,pontuação
2026-03-01,789,27,778,pontuação
2026-04-06,44,24,450,pontuação
2026-01-11,37,32,736,pontuação
2026-04-04,395,38,555,pontuação
2026-01-27,831,37,162,pontuação
2026-04-11,175,34,351,pontuação
2026-01-30,679,8,402,pontuação
2026-02-24,817,6,979,pontuação
2026-03-06,214,13,245,pontuação
2026-03-04,197,39,690,pontuação
2026-03-14,749,36,593,pontuação
2026-03-03,854,18,327,pontuação
2026-04-04,322,39,951,pontuação
2026-05-03,34,39,663,pontuação
2026-01-04,146,37,44,pontuação
2026-03-15,944,23,120,pontuação
2026-03-13,454,8,260,pontuação
2026-02-16,482,34,300,pontuação
2026-04-25,737,29,332,pontuação
2026-01-15,214,32,864,pontuação
2026-04-08,750,12,494,pontuação
2026-03-13,63,30,140,pontuação
2026-01-16,89,1,730,pontuação
2026-02-15,743,33,179,pontuação
2026-02-22,891,40,200,pontuação
2026-02-17,145,9,218,pontuação
2026-01-26,432,33,953,pontuação
2026-03-21,917,30,861,pontuação
2026-01-04,281,26,949,pontuação
2026-01-30,332,39,991,pontuação
2026-05-02,658,18,703,pontuação
2026-04-16,146,34,186,pontuação
2026-03-03,989,11,618,pontuação
2026-05-04,537,10,298,pontuação
2026-03-28,102,17,907,pontuação
2026-03-04,11,20,37,pontuação
2026-04-15,229,37,632,pontuação
2026-01-08,653,37,786,pontuação
2026-02-11,160,36,616,pontuação
2026-04-20,368,38,132,pontuação
2026-01-26,599,17,189,pontuação
2026-02-26,385,21,483,pontuação
2026-03-03,566,28,814,pontuação
2026-02-12,86,8,661,pontuação
2026-03-11,580,17,727,pontuação
2026-01-05,650,4,379,pontuação
2026-01-13,275,35,804,pontuação
2026-01-06,840,29,204,pontuação
2026-03-09,42,23,736,pontuação
2026-05-01,940,34,919,pontuação
2026-04-10,453,10,408,pontuação
2026-01-13,832,36,622,pontuação
2026-01-18,638,16,587,pontuação
2026-02-26,155,21,303,pontuação
2026-02-02,53,13,950,pontuação
2026-02-04,412,9,975,pontuação
2026-01-18,971,23,178,pontuação
2026-03-30,734,14,368,pontuação
2026-02-09,791,39,878,pontuação
2026-05-01,296,38,196,pontuação
2026-04-15,412,4,98,pontuação
2026-04-16,342,23,598,pontuação
2026-04-05,123,39,934,pontuação
2026-01-26,502,27,363,pontuação
2026-02-10,242,17,470,pontuação
2026-05-03,993,4,522,pontuação
2026-02-27,7,17,972,pontuação
2026-03-15,173,33,960,pontuação
2026-01-03,595,10,787,pontuação
2026-03-05,237,33,335,pontuação
2026-01-06,792,6,872,pontuação
2026-02-01,173,12,404,pontuação
2026-04-18,293,9,887,pontuação
2026-01-07,968,6,100,pontuação
2026-03-31,604,20,540,pontuação
2026-02-28,718,36,497,pontuação
2026-03-16,272,24,659,pontuação
2026-03-15,490,26,302,pontuação
2026-04-03,949,13,616,pontuação
2026-01-11,332,17,138,pontuação
2026-02-18,755,2,203,pontuação
2026-02-15,689,13,817,pontuação
2026-05-04,94,35,372,pontuação
2026-03-20,98,15,851,pontuação
2026-03-10,689,31,945,pontuação
2026-01-23,569,11,614,pontuação
2026-03-05,970,24,235,pontuação
2026-01-09,516,5,164,pontuação
2026-04-17,296,30,632,pontuação
2026-01-31,939,6,620,pontuação
2026-01-12,969,35,519,pontuação
2026-04-17,284,32,886,pontuação
2026-03-08,724,21,242,pontuação
2026-01-22,755,19,213,pontuação
2026-01-16,23,5,257,pontuação
2026-03-26,961,17,663,pontuação
2026-01-29,931,15,582,pontuação
2026-02-07,443,30,770,pontuação
2026-03-12,771,6,449,pontuação
2026-01-08,792,20,979,pontuação
2026-03-15,909,22,728,pontuação
2026-03-16,597,25,509,pontuação
2026-02-27,475,2,668,pontuação
2026-01-11,924,13,935,pontuação
2026-03-12,281,31,578,pontuação
2026-01-04,551,34,663,pontuação
2026-02-15,559,27,719,pontuação
2026-03-29,884,40,731,pontuação
2026-02-12,117,1,427,pontuação
2026-04-01,708,1,648,pontuação
2026-03-21,311,24,966,pontuação
2026-02-13,457,13,758,pontuação
2026-01-08,533,15,923,pontuação
2026-02-25,941,1,479,pontuação
2026-02-12,325,6,29,pontuação
2026-01-29,31,11,609,pontuação
2026-02-13,284,27,725,pontuação
2026-01-28,60,21,144,pontuação
2026-04-07,739,3,762,pontuação
2026-01-03,89,22,113,pontuação
2026-03-14,73,25,927,pontuação
2026-04-07,99,26,43,pontuação
2026-02-23,152,11,827,pontuação
2026-05-04,742,26,709,pontuação
2026-02-20,769,7,592,pontuação
2026-01-12,156,1,867,pontuação
2026-01-01,422,10,725,pontuação
2026-04-27,133,9,87,pontuação
2026-01-03,45,5,801,pontuação
2026-02-10,600,21,498,pontuação
2026-05-03,178,37,834,pontuação
2026-01-07,82,5,52,pontuação
2026-04-22,229,29,218,pontuação
2026-02-07,743,6,612,pontuação
2026-03-26,998,11,863,pontuação
2026-03-14,560,38,984,pontuação
2026-02-11,310,30,527,pontuação
2026-02-09,472,3,651,pontuação
2026-03-16,661,3,158,pontuação
2026-04-28,462,35,99,pontuação
2026-03-28,103,37,24,pontuação
2026-01-08,945,33,764,pontuação
2026-04-21,818,40,433,pontuação
2026-02-21,661,32,972,pontuação
2026-01-13,561,10,307,pontuação
2026-01-19,138,10,124,pontuação
2026-03-07,682,37,875,pontuação
2026-01-27,531,4,404,pontuação
2026-01-06,95,16,250,pontuação
2026-02-28,968,10,761,pontuação
2026-04-18,82,19,984,pontuação
2026-04-11,944,27,792,pontuação
2026-05-04,560,32,408,pontuação
2026-02-16,726,4,650,pontuação
2026-02-19,319,29,228,pontuação
2026-02-03,259,19,589,pontuação
2026-02-21,238,13,578,pontuação
2026-04-12,767,9,382,pontuação
2026-04-04,796,35,308,pontuação
2026-03-24,978,37,346,pontuação
2026-03-03,760,6,489,pontuação
2026-03-01,761,5,139,pontuação
2026-04-12,307,34,838,pontuação
2026-01-06,532,37,52,pontuação
2026-02-13,429,33,500,pontuação
2026-04-01,326,7,66,pontuação
2026-04-16,219,17,323,pontuação
2026-04-13,146,16,206,pontuação
2026-04-11,776,26,746,pontuação
2026-01-10,506,4,385,pontuação
2026-01-31,506,31,573,pontuação
2026-02-06,855,9,105,pontuação
2026-04-11,538,18,384,pontuação
2026-01-17,439,21,766,pontuação
2026-02-10,743,26,149,pontuação
2026-04-04,499,22,350,pontuação
2026-03-28,462,27,457,pontuação
2026-02-02,467,8,506,pontuação
2026-01-04,728,24,960,pontuação
2026-03-18,983,1,446,pontuação
2026-02-22,442,31,450,pontuação
2026-03-01,142,19,82,pontuação
2026-01-09,357,7,902,pontuação
2026-02-03,179,40,675,pontuação
2026-03-26,575,7,749,pontuação
2026-01-14,846,40,500,pontuação
2026-03-11,712,3,302,pontuação
2026-03-12,563,3,157,pontuação
2026-03-29,625,16,107,pontuação
2026-04-19,184,6,641,pontuação
2026-01-07,152,5,973,pontuação
2026-01-27,126,38,80,pontuação
2026-01-02,262,17,680,pontuação
2026-03-28,950,12,525,pontuação
2026-04-28,306,32,881,pontuação
2026-02-21,131,26,647,pontuação
2026-01-31,179,8,363,pontuação
2026-01-02,188,19,983,pontuação
2026-02-15,508,28,814,pontuação
2026-01-23,4,4,184,pontuação
2026-01-24,860,40,970,pontuação
2026-05-03,823,31,756,pontuação
2026-03-30,157,26,891,pontuação
2026-02-15,32,31,209,pontuação
2026-01-29,338,9,261,pontuação
2026-01-11,392,29,429,pontuação
2026-01-07,919,12,500,pontuação
2026-01-03,568,4,969,pontuação
2026-04-21,752,26,945,pontuação
2026-03-07,635,14,949,pontuação
2026-02-07,457,30,5,pontuação
2026-02-11,100,20,139,pontuação
2026-05-04,901,39,554,pontuação
2026-05-03,120,8,675,pontuação
2026-01-08,613,15,585,pontuação
2026-03-05,935,34,899,pontuação
2026-04-07,261,34,550,pontuação
2026-04-21,578,16,61,pontuação
2026-02-26,547,20,712,pontuação
2026-03-23,184,15,562,pontuação
2026-02-08,155,35,67,pontuação
2026-03-03,369,27,94,pontuação
2026-01-17,399,7,18,pontuação
2026-02-24,445,26,323,pontuação
2026-02-27,821,29,495,pontuação
2026-01-14,311,6,550,pontuação
2026-04-11,426,22,826,pontuação
2026-01-27,844,34,417,pontuação
2026-04-03,172,36,464,pontuação
2026-02-19,166,18,996,pontuação
2026-02-26,422,28,151,pontuação
2026-01-08,91,26,208,pontuação
2026-03-01,919,40,878,pontuação
2026-03-30,199,9,207,pontuação
2026-01-19,477,28,802,pontuação
2026-04-25,811,11,263,pontuação
2026-01-31,574,40,365,pontuação
2026-03-16,582,11,320,pontuação
2026-02-04,739,21,93,pontuação
2026-03-13,708,31,497,pontuação
2026-01-18,538,3,852,pontuação
2026-05-01,888,5,647,pontuação
2026-02-06,945,39,763,pontuação
2026-03-15,27,39,835,pontuação
2026-03-25,155,26,35,pontuação
2026-03-15,550,15,503,pontuação
2026-05-05,901,25,942,pontuação
2026-01-24,395,40,660,pontuação
2026-04-04,97,12,188,pontuação
2026-03-17,968,18,810,pontuação
2026-02-25,981,23,374,pontuação
2026-03-01,362,1,527,pontuação
2026-01-18,946,30,81,pontuação
2026-01-14,884,13,522,pontuação
2026-01-25,973,5,657,pontuação
2026-04-19,855,32,216,pontuação
2026-02-10,119,1,800,pontuação
2026-01-05,758,10,92,pontuação
2026-03-07,294,13,969,pontuação
2026-01-24,331,5,231,pontuação
2026-01-28,610,16,889,pontuação
2026-03-20,144,32,329,pontuação
2026-04-11,648,23,590,pontuação
2026-04-10,632,9,296,pontuação
2026-04-21,122,11,570,pontuação
2026-04-02,471,9,965,pontuação
2026-04-17,722,38,559,pontuação
2026-03-27,396,29,189,pontuação
2026-02-26,266,25,736,pontuação
2026-01-07,231,39,188,pontuação
2026-02-14,398,8,954,pontuação
2026-01-26,440,29,539,pontuação
2026-01-10,470,32,56,pontuação
2026-03-02,281,38,207,pontuação
2026-01-17,253,1,635,pontuação
2026-03-06,685,37,821,pontuação
2026-03-28,107,4,799,pontuação
2026-04-11,873,15,633,pontuação
2026-04-21,837,23,739,pontuação
2026-01-15,45,25,872,pontuação
2026-03-03,163,35,915,pontuação
2026-03-13,71,1,95,pontuação
2026-03-27,330,28,892,pontuação
2026-03-15,212,9,662,pontuação
2026-01-30,429,4,513,pontuação
2026-01-21,386,21,52,pontuação
2026-01-11,706,4,849,pontuação
2026-01-06,398,13,973,pontuação
2026-01-12,822,17,116,pontuação
2026-01-22,868,15,184,pontuação
2026-01-29,447,18,281,pontuação
2026-01-16,924,39,862,pontuação
2026-04-11,936,19,974,pontuação
2026-03-08,350,19,125,pontuação
2026-03-24,180,17,477,pontuação
2026-04-16,997,5,481,pontuação
2026-03-12,337,3,286,pontuação
2026-02-14,245,15,524,pontuação
2026-04-23,383,15,32,pontuação
2026-03-01,162,34,923,pontuação
2026-03-26,427,15,373,pontuação
2026-05-03,114,9,603,pontuação
2026-01-15,396,8,997,pontuação
2026-01-16,657,15,226,pontuação
2026-03-02,937,3,766,pontuação
2026-03-25,198,17,441,pontuação
2026-01-14,585,4,534,pontuação
2026-01-15,371,9,578,pontuação
2026-04-03,233,34,631,pontuação
2026-02-03,248,24,178,pontuação
2026-02-01,406,37,874,pontuação
2026-01-04,173,22,67,pontuação
2026-03-22,650,19,206,pontuação
2026-01-17,285,37,238,pontuação
2026-02-19,532,32,228,pontuação
2026-04-22,131,36,19,pontuação
2026-01-28,20,39,721,pontuação
2026-01-24,362,39,419,pontuação
2026-01-30,951,16,383,pontuação
2026-01-25,558,13,103,pontuação
2026-04-25,407,1,784,pontuação
2026-01-04,27,11,430,pontuação
2026-03-24,103,13,897,pontuação
2026-02-06,849,20,867,pontuação
2026-01-17,811,17,375,pontuação
2026-04-25,916,39,20,pontuação
2026-01-03,760,38,140,pontuação
2026-02-03,834,21,334,pontuação
2026-03-08,269,19,384,pontuação
2026-04-28,858,37,373,pontuação
2026-01-11,275,10,10,pontuação
2026-03-07,696,33,590,pontuação
2026-01-04,354,13,121,pontuação
2026-03-31,929,8,843,pontuação
2026-02-18,282,11,722,pontuação
2026-02-05,571,2,56,pontuação
2026-03-15,523,8,307,pontuação
2026-04-25,126,29,411,pontuação
2026-04-18,686,15,1000,pontuação
2026-02-23,610,25,268,pontuação
2026-02-25,190,22,882,pontuação
2026-01-28,726,14,504,pontuação
2026-04-29,26,30,893,pontuação
2026-03-30,628,25,550,pontuação
2026-01-20,625,20,357,pontuação
2026-03-13,934,2,892,pontuação
2026-02-27,867,7,633,pontuação
2026-03-17,462,39,908,pontuação
2026-01-04,37,17,565,pontuação
2026-01-08,121,16,478,pontuação
2026-04-17,950,10,214,pontuação
2026-01-10,820,10,867,pontuação
2026-03-02,239,10,376,pontuação
2026-03-26,824,32,675,pontuação
2026-05-04,198,29,851,pontuação
2026-02-10,702,31,704,pontuação
2026-02-23,349,16,377,pontuação
2026-03-23,670,36,969,pontuação
2026-01-19,560,7,38,pontuação
2026-02-17,446,24,745,pontuação
2026-04-23,850,40,563,pontuação
2026-02-28,579,24,982,pontuação
2026-01-05,882,27,749,pontuação
2026-01-13,76,8,945,pontuação
2026-02-04,176,7,793,pontuação
2026-02-13,905,4,29,pontuação
2026-04-19,649,11,179,pontuação
2026-04-10,900,32,984,pontuação
2026-03-11,704,14,160,pontuação
2026-03-29,670,15,725,pontuação
2026-04-21,498,1,561,pontuação
2026-04-25,249,21,487,pontuação
2026-04-30,670,32,417,pontuação
2026-02-03,680,33,674,pontuação
2026-02-10,855,37,765,pontuação
2026-02-03,826,19,803,pontuação
2026-01-18,43,5,336,pontuação
2026-01-31,102,38,649,pontuação
2026-01-17,917,25,821,pontuação
2026-03-03,406,39,952,pontuação
2026-04-27,867,40,160,pontuação
2026-03-17,33,15,965,pontuação
2026-02-14,462,19,40,pontuação
2026-01-17,498,24,999,pontuação
2026-01-18,891,15,351,pontuação
2026-03-27,700,5,922,pontuação
2026-04-29,656,6,71,pontuação
2026-01-23,168,2,104,pontuação
2026-04-11,598,7,471,pontuação
2026-01-10,198,22,320,pontuação
2026-02-09,115,30,153,pontuação
2026-04-02,420,35,950,pontuação
2026-02-06,873,19,333,pontuação
2026-02-06,76,27,28,pontuação
2026-03-21,941,13,778,pontuação
2026-02-11,411,9,58,pontuação
2026-03-02,645,6,556,pontuação
2026-04-18,672,28,518,pontuação
2026-01-14,386,21,176,pontuação
2026-04-05,316,25,766,pontuação
2026-02-04,797,32,243,pontuação
2026-01-29,827,8,77,pontuação
2026-01-27,61,3,353,pontuação
2026-01-16,806,1,259,pontuação
2026-04-29,508,28,805,pontuação
2026-02-15,479,27,152,pontuação
2026-03-14,353,36,897,pontuação
2026-04-01,998,15,135,pontuação
2026-04-27,8,23,879,pontuação
2026-05-05,713,23,894,pontuação
2026-01-10,786,38,400,pontuação
2026-02-11,178,38,397,pontuação
2026-03-30,389,8,879,pontuação
2026-02-14,15,22,514,pontuação
2026-01-05,628,27,139,pontuação
2026-04-16,794,18,672,pontuação
2026-02-09,726,8,973,pontuação
2026-02-11,839,19,506,pontuação
2026-01-15,923,25,614,pontuação
2026-03-02,1,24,696,pontuação
2026-04-07,271,38,165,pontuação
2026-03-11,136,38,142,pontuação
2026-04-11,509,9,638,pontuação
2026-02-03,512,29,808,pontuação
2026-03-12,881,3,743,pontuação
2026-01-18,114,20,882,pontuação
2026-03-26,288,20,951,pontuação
2026-02-10,630,10,243,pontuação
2026-04-09,183,11,555,pontuação
2026-03-17,374,7,535,pontuação
2026-04-22,170,26,733,pontuação
2026-01-27,133,32,545,pontuação
2026-02-15,163,9,453,pontuação
2026-01-29,508,20,44,pontuação
2026-02-18,670,40,977,pontuação
2026-03-19,74,9,285,pontuação
2026-04-03,39,9,761,pontuação
2026-01-04,418,19,754,pontuação
2026-02-18,87,29,411,pontuação
2026-04-11,703,19,590,pontuação
2026-02-19,288,39,839,pontuação
2026-04-10,868,11,914,pontuação
2026-03-28,565,21,542,pontuação
2026-03-23,424,18,673,pontuação
2026-01-22,640,17,612,pontuação
2026-03-20,274,6,915,pontuação
2026-01-06,101,15,453,pontuação
2026-02-20,119,25,711,pontuação
2026-01-14,716,9,466,pontuação
2026-01-09,319,35,508,pontuação
2026-03-12,743,22,157,pontuação
2026-01-04,242,20,878,pontuação
2026-01-07,726,26,54,pontuação
2026-02-20,730,8,796,pontuação
2026-01-18,811,27,711,pontuação
2026-04-07,771,9,334,pontuação
2026-04-04,309,24,352,pontuação
2026-02-24,523,3,335,pontuação
2026-04-07,947,15,742,pontuação
2026-03-06,511,16,247,pontuação
2026-03-17,173,34,800,pontuação
2026-04-29,28,5,65,pontuação
2026-04-05,219,13,793,pontuação
2026-02-25,250,18,695,pontuação
2026-02-20,655,16,447,pontuação
2026-01-04,304,21,128,pontuação
2026-03-29,277,3,621,pontuação
2026-01-15,962,31,439,pontuação
2026-04-01,704,1,840,pontuação
2026-04-19,892,25,845,pontuação
2026-04-07,798,10,660,pontuação
2026-01-06,579,12,95,pontuação
2026-03-08,76,12,789,pontuação
2026-03-19,422,5,252,pontuação
2026-03-16,47,9,916,pontuação
2026-03-28,879,39,204,pontuação
2026-04-23,734,3,268,pontuação
2026-04-12,297,18,631,pontuação
2026-03-04,410,30,915,pontuação
2026-03-09,661,35,63,pontuação
2026-01-30,521,29,430,pontuação
2026-01-27,501,10,425,pontuação
2026-03-24,187,6,738,pontuação
2026-03-13,695,35,937,pontuação
2026-03-21,200,10,137,pontuação
2026-04-30,632,32,764,pontuação
2026-03-19,757,24,802,pontuação
2026-03-16,923,8,472,pontuação
2026-02-03,862,8,455,pontuação
2026-04-07,397,36,585,pontuação
2026-03-02,472,23,808,pontuação
2026-01-31,972,29,683,pontuação
2026-04-23,502,7,288,pontuação
2026-01-24,146,35,987,pontuação
2026-04-09,283,25,180,pontuação
2026-02-24,347,21,912,pontuação
2026-03-04,321,2,681,pontuação
2026-04-28,511,8,52,pontuação
2026-03-20,141,15,418,pontuação
2026-04-27,599,24,515,pontuação
2026-01-05,906,23,375,pontuação
2026-02-08,824,20,791,pontuação
2026-01-27,702,25,999,pontuação
2026-01-09,346,13,868,pontuação
2026-02-05,5,20,863,pontuação
2026-03-19,825,18,317,pontuação
2026-02-19,692,23,862,pontuação
2026-03-18,280,24,463,pontuação
2026-01-21,33,35,530,pontuação
2026-04-27,85,39,557,pontuação
2026-05-05,587,13,41,pontuação
2026-03-28,199,14,507,pontuação
2026-01-15,811,15,498,pontuação
2026-04-25,681,30,90,pontuação
2026-01-22,930,25,739,pontuação
2026-04-20,650,10,423,pontuação
2026-01-05,290,19,383,pontuação
2026-04-30,955,22,721,pontuação
2026-01-04,686,2,948,pontuação
2026-03-10,1000,22,125,pontuação
2026-02-15,164,39,554,pontuação
2026-03-29,558,11,463,pontuação
2026-04-05,536,35,779,pontuação
2026-03-21,608,7,716,pontuação
2026-04-16,361,22,390,pontuação
2026-04-06,595,2,467,pontuação
2026-04-03,893,12,806,pontuação
2026-03-24,322,37,553,pontuação
2026-05-05,350,2,695,pontuação
2026-04-06,395,4,302,pontuação
2026-03-12,735,33,63,pontuação
2026-03-17,682,40,226,pontuação
2026-03-02,117,14,677,pontuação
2026-03-12,341,30,659,pontuação
2026-01-07,56,5,807,pontuação
2026-01-25,65,2,69,pontuação
2026-03-19,409,38,860,pontuação
2026-03-05,200,20,234,pontuação
2026-04-06,847,7,816,pontuação
2026-01-01,523,26,289,pontuação
2026-01-31,564,18,863,pontuação
2026-02-25,647,18,35,pontuação
2026-01-31,41,4,756,pontuação
2026-02-16,174,18,625,pontuação
2026-02-06,846,3,251,pontuação
2026-02-17,980,15,841,pontuação
2026-03-18,782,5,135,pontuação
2026-05-04,859,10,772,pontuação
2026-04-21,681,29,552,pontuação
2026-01-20,572,17,864,pontuação
2026-03-21,725,37,438,pontuação
2026-01-18,216,36,436,pontuação
2026-04-12,638,12,81,pontuação
2026-04-03,263,20,918,pontuação
2026-03-09,773,14,318,pontuação
2026-03-24,473,13,996,pontuação
2026-03-23,281,19,475,pontuação
2026-03-25,710,16,589,pontuação
2026-02-04,862,26,130,pontuação
2026-01-10,988,31,229,pontuação
2026-03-07,276,27,649,pontuação
2026-03-29,720,22,922,pontuação
2026-04-08,900,20,678,pontuação
2026-04-12,71,35,447,pontuação
2026-03-29,234,17,470,pontuação
2026-04-21,702,38,168,pontuação
2026-01-09,966,1,757,pontuação
2026-01-28,641,3,705,pontuação
2026-04-17,833,10,593,pontuação
2026-01-24,675,25,959,pontuação
2026-03-26,207,14,992,pontuação
2026-03-15,81,1,440,pontuação
2026-04-14,688,13,762,pontuação
2026-02-04,738,14,116,pontuação
2026-01-03,672,33,478,pontuação
2026-04-09,7,32,17,pontuação
2026-01-06,296,29,377,pontuação
2026-02-07,494,28,940,pontuação
2026-04-13,465,25,973,pontuação
2026-04-08,755,19,176,pontuação
2026-03-26,133,9,257,pontuação
2026-01-25,672,34,482,pontuação
2026-02-28,223,29,708,pontuação
2026-05-03,105,8,313,pontuação
2026-04-18,645,38,377,pontuação
2026-03-25,159,27,750,pontuação
2026-03-31,869,22,419,pontuação
2026-03-08,120,38,843,pontuação
2026-03-30,433,7,796,pontuação
2026-01-14,662,30,248,pontuação
2026-03-13,26,11,865,pontuação
2026-02-16,13,8,643,pontuação
2026-02-02,426,17,112,pontuação
2026-02-17,513,8,558,pontuação
2026-03-23,245,11,924,pontuação
2026-03-13,642,14,716,pontuação
2026-03-13,186,13,587,pontuação
2026-01-09,475,21,886,pontuação
2026-02-20,444,37,336,pontuação
2026-03-04,577,24,779,pontuação
2026-01-30,804,1,483,pontuação
2026-03-26,969,14,629,pontuação
2026-04-30,533,39,303,pontuação
2026-01-24,659,16,406,pontuação
2026-04-12,22,34,266,pontuação
2026-01-20,849,19,73,pontuação
2026-02-14,251,21,453,pontuação
2026-04-02,661,17,763,pontuação
2026-02-07,321,32,81,pontuação
2026-03-14,686,5,240,pontuação
2026-04-12,637,3,119,pontuação
2026-04-02,931,28,705,pontuação
2026-04-18,709,19,286,pontuação
2026-03-28,557,6,788,pontuação
2026-04-10,433,13,488,pontuação
2026-03-04,892,2,209,pontuação
2026-02-24,874,31,909,pontuação
2026-01-04,494,19,585,pontuação
2026-01-30,902,40,960,pontuação
2026-02-02,885,39,682,pontuação
2026-04-21,170,12,612,pontuação
2026-02-26,70,17,285,pontuação
2026-01-15,244,14,936,pontuação
2026-03-02,111,2,682,pontuação
2026-02-21,622,29,93,pontuação
2026-01-27,85,29,752,pontuação
2026-01-13,801,25,368,pontuação
2026-03-15,385,18,981,pontuação
2026-04-24,789,37,913,pontuação
2026-01-22,960,30,684,pontuação
2026-03-20,720,10,615,pontuação
2026-02-04,980,4,700,pontuação
2026-04-03,832,12,413,pontuação
2026-01-30,224,4,169,pontuação
2026-01-06,619,31,543,pontuação
2026-05-02,106,32,469,pontuação
2026-01-28,603,27,705,pontuação
2026-01-19,442,1,162,pontuação
2026-04-29,40,17,340,pontuação
2026-03-31,463,14,144,pontuação
2026-04-05,892,23,749,pontuação
2026-02-06,33,2,107,pontuação
2026-04-17,180,40,243,pontuação
2026-05-02,859,11,680,pontuação
2026-01-11,255,35,167,pontuação
2026-03-22,697,18,986,pontuação
2026-04-18,451,4,197,pontuação
2026-04-22,129,35,148,pontuação
2026-03-18,979,20,749,pontuação
2026-04-23,576,17,112,pontuação
2026-03-11,933,7,505,pontuação
2026-03-05,424,34,726,pontuação
2026-01-24,819,34,577,pontuação
2026-02-19,866,30,876,pontuação
2026-04-06,648,5,689,pontuação
2026-02-11,489,8,762,pontuação
2026-01-02,129,10,330,pontuação
2026-05-03,302,27,484,pontuação
2026-02-11,927,29,94,pontuação
2026-05-03,749,10,593,pontuação
2026-02-14,854,35,574,pontuação
2026-03-05,871,7,436,pontuação
2026-01-21,802,40,271,pontuação
2026-01-28,816,14,931,pontuação
2026-01-23,684,31,824,pontuação
2026-04-07,89,32,152,pontuação
2026-01-06,503,24,808,pontuação
2026-04-22,582,24,8,pontuação
2026-03-03,309,12,709,pontuação
2026-02-24,446,26,638,pontuação
2026-04-20,661,34,36,pontuação
2026-02-14,171,13,603,pontuação
2026-02-05,367,4,857,pontuação
2026-04-19,923,22,585,pontuação
2026-04-13,719,3,60,pontuação
2026-03-12,867,31,297,pontuação
2026-04-09,136,28,988,pontuação
2026-01-01,30,15,605,pontuação
2026-04-22,400,14,587,pontuação
2026-02-03,573,18,7,pontuação
2026-02-03,464,31,292,pontuação
2026-04-25,477,8,565,pontuação
2026-01-29,847,10,355,pontuação
2026-04-01,497,33,914,pontuação
2026-03-16,729,22,362,pontuação
2026-02-21,407,33,170,pontuação
2026-01-05,133,16,349,pontuação
2026-04-18,535,31,410,pontuação
2026-04-25,856,6,828,pontuação
2026-03-23,109,34,968,pontuação
2026-04-10,462,32,569,pontuação
2026-01-18,245,3,558,pontuação
2026-03-12,545,4,383,pontuação
2026-04-22,259,8,967,pontuação
2026-04-19,283,26,858,pontuação
2026-02-04,414,17,893,pontuação
2026-03-06,889,28,62,pontuação
2026-02-28,49,1,904,pontuação
2026-05-02,939,6,178,pontuação
2026-02-26,959,19,65,pontuação
2026-04-25,532,40,463,pontuação
2026-02-23,991,36,15,pontuação
2026-03-06,223,28,769,pontuação
2026-04-30,289,32,966,pontuação
2026-03-09,321,4,133,pontuação
2026-03-16,797,7,820,pontuação
2026-04-10,404,8,820,pontuação
2026-01-04,360,36,496,pontuação
2026-04-28,215,8,459,pontuação
2026-03-11,514,25,65,pontuação
2026-02-15,861,36,641,pontuação
2026-01-20,313,35,44,pontuação
2026-01-11,825,24,237,pontuação
2026-03-09,993,12,449,pontuação
2026-04-21,445,25,849,pontuação
2026-02-27,9,35,92,pontuação
2026-01-20,560,9,540,pontuação
2026-02-17,845,23,174,pontuação
2026-03-30,111,29,727,pontuação
2026-02-02,762,35,113,pontuação
2026-01-08,808,30,641,pontuação
2026-03-01,295,24,698,pontuação
2026-02-20,126,28,760,pontuação
2026-04-26,291,2,30,pontuação
2026-03-20,979,23,531,pontuação
2026-01-16,691,3,252,pontuação
2026-04-27,405,21,323,pontuação
2026-03-31,223,13,122,pontuação
2026-02-24,505,25,981,pontuação
2026-03-29,15,7,857,pontuação
2026-02-09,110,32,641,pontuação
2026-03-23,492,35,150,pontuação
2026-02-20,89,33,209,pontuação
2026-05-03,400,38,579,pontuação
2026-04-03,687,35,424,pontuação
2026-02-28,638,9,903,pontuação
2026-04-20,612,9,968,pontuação
2026-02-05,548,2,724,pontuação
2026-04-22,940,27,44,pontuação
2026-01-19,296,28,83,pontuação
2026-01-20,81,3,236,pontuação
2026-01-07,932,7,512,pontuação
2026-02-27,559,36,717,pontuação
2026-01-20,156,19,670,pontuação
2026-03-30,934,31,805,pontuação
2026-03-16,853,36,526,pontuação
2026-02-07,783,11,918,pontuação
2026-04-30,291,20,449,pontuação
2026-02-16,831,22,712,pontuação
2026-03-11,734,5,894,pontuação
2026-03-17,504,15,177,pontuação
2026-03-01,1,17,405,pontuação
2026-05-05,783,20,912,pontuação
2026-02-11,516,24,736,pontuação
2026-05-03,176,32,491,pontuação
2026-01-06,315,37,62,pontuação
2026-03-31,92,15,529,pontuação
2026-04-02,675,31,872,pontuação
2026-05-05,363,9,782,pontuação
2026-02-25,812,26,667,pontuação
2026-01-21,128,32,786,pontuação
2026-01-21,148,2,160,pontuação
2026-04-10,593,35,270,pontuação
2026-01-27,725,18,303,pontuação
2026-02-24,398,2,4,pontuação
2026-01-05,426,20,151,pontuação
2026-02-10,498,7,127,pontuação
2026-03-09,170,21,646,pontuação
2026-02-28,717,28,77,pontuação
2026-01-31,164,6,897,pontuação
2026-02-10,864,26,517,pontuação
2026-01-01,907,35,105,pontuação
2026-04-25,539,5,485,pontuação
2026-03-11,937,7,885,pontuação
2026-04-17,301,4,945,pontuação
2026-04-22,253,10,487,pontuação
2026-01-28,679,31,211,pontuação
2026-01-02,177,5,46,pontuação
2026-04-21,763,26,884,pontuação
2026-01-04,638,3,202,pontuação
2026-04-08,714,1,892,pontuação
2026-04-03,898,12,719,pontuação
2026-03-20,991,35,808,pontuação
2026-05-03,843,11,208,pontuação
2026-03-20,326,39,157,pontuação
2026-02-03,566,34,262,pontuação
2026-05-05,309,38,67,pontuação
2026-04-04,100,3,599,pontuação
2026-01-04,737,40,400,pontuação
2026-05-01,338,25,707,pontuação
2026-03-04,868,17,540,pontuação
2026-03-17,132,16,749,pontuação
2026-03-12,158,19,139,pontuação
2026-02-07,952,24,534,pontuação
2026-02-17,576,38,651,pontuação
2026-01-08,651,5,402,pontuação
2026-02-09,894,30,723,pontuação
2026-02-14,744,37,101,pontuação
2026-03-24,448,11,83,pontuação
2026-04-30,36,35,956,pontuação
2026-03-29,297,37,410,pontuação
2026-03-02,625,1,796,pontuação
2026-04-10,69,35,526,pontuação
2026-01-30,677,22,468,pontuação
2026-01-22,331,8,697,pontuação
2026-01-05,361,38,245,pontuação
2026-03-26,156,3,868,pontuação
2026-01-25,976,14,559,pontuação
2026-04-15,849,33,396,pontuação
2026-04-19,182,11,227,pontuação
2026-02-04,975,27,515,pontuação
2026-01-20,97,9,530,pontuação
2026-04-11,73,10,130,pontuação
2026-03-28,547,16,65,pontuação
2026-01-18,510,28,939,pontuação
2026-04-07,329,27,425,pontuação
2026-01-30,925,18,800,pontuação
2026-02-16,898,33,362,pontuação
2026-03-08,815,40,128,pontuação
2026-04-02,382,33,728,pontuação
2026-04-29,43,36,123,pontuação
2026-01-02,352,28,893,pontuação
2026-02-12,958,32,356,pontuação
2026-02-12,14,13,657,pontuação
2026-02-24,311,29,499,pontuação
2026-04-21,598,38,377,pontuação
2026-03-18,323,22,558,pontuação
2026-01-05,129,39,721,pontuação
2026-03-21,696,26,315,pontuação
2026-03-18,688,29,609,pontuação
2026-03-26,802,6,651,pontuação
2026-01-30,906,27,337,pontuação
2026-04-14,31,22,315,pontuação
2026-01-26,47,18,151,pontuação
2026-01-10,592,24,346,pontuação
2026-03-18,558,4,814,pontuação
2026-01-10,126,10,760,pontuação
2026-02-06,761,5,350,pontuação
2026-04-10,892,38,344,pontuação
2026-03-13,55,39,944,pontuação
2026-04-16,277,10,993,pontuação
2026-03-22,141,24,987,pontuação
2026-02-03,788,36,325,pontuação
2026-04-11,501,26,759,pontuação
2026-04-22,764,14,399,pontuação
2026-04-11,638,13,256,pontuação
2026-02-26,998,6,805,pontuação
2026-03-17,898,31,776,pontuação
2026-04-03,464,12,963,pontuação
2026-04-17,392,37,80,pontuação
2026-03-02,978,10,771,pontuação
2026-02-03,703,38,175,pontuação
2026-02-25,26,9,325,pontuação
2026-03-06,112,32,16,pontuação
2026-03-30,51,14,971,pontuação
2026-04-26,928,12,911,pontuação
2026-01-14,381,10,727,pontuação
2026-05-03,513,28,122,pontuação
2026-01-11,891,2,882,pontuação
2026-04-23,536,30,746,pontuação
2026-01-04,532,9,307,pontuação
2026-03-25,242,10,179,pontuação
2026-01-05,670,20,684,pontuação
2026-03-06,532,33,500,pontuação
2026-04-12,684,30,944,pontuação
2026-02-25,82,25,638,pontuação
2026-04-12,632,36,985,pontuação
2026-04-08,454,15,639,pontuação
2026-01-14,749,38,275,pontuação
2026-01-01,224,7,478,pontuação
2026-02-04,660,6,687,pontuação
2026-04-18,954,13,468,pontuação
2026-04-14,221,2,551,pontuação
2026-04-07,592,6,925,pontuação
2026-04-29,687,11,124,pontuação
2026-01-06,755,40,795,pontuação
2026-04-17,175,29,719,pontuação
2026-01-06,490,31,664,pontuação
2026-03-24,393,24,521,pontuação
2026-03-08,573,24,896,pontuação
2026-01-27,923,5,498,pontuação
2026-02-14,378,9,703,pontuação
2026-01-04,735,14,912,pontuação
2026-03-24,504,17,49,pontuação
2026-04-08,438,39,220,pontuação
2026-02-08,161,23,567,pontuação
2026-02-01,264,32,871,pontuação
2026-01-02,987,40,656,pontuação
2026-02-04,251,30,934,pontuação
2026-01-09,210,15,843,pontuação
2026-01-29,94,31,805,pontuação
2026-03-06,689,14,228,pontuação
2026-01-17,901,2,559,pontuação
2026-01-18,276,20,399,pontuação
2026-03-10,630,27,109,pontuação
2026-03-28,571,11,85,pontuação
2026-03-07,436,31,922,pontuação
2026-01-12,555,19,795,pontuação
2026-03-22,835,2,170,pontuação
2026-02-14,935,3,666,pontuação
2026-02-05,658,5,122,pontuação
2026-01-17,420,9,507,pontuação
2026-01-21,928,28,64,pontuação
2026-01-26,497,1,761,pontuação
2026-01-11,6,26,15,pontuação
2026-02-15,794,36,555,pontuação
2026-01-16,870,28,822,pontuação
2026-02-21,372,7,811,pontuação
2026-02-27,23,3,542,pontuação
2026-01-18,649,36,98,pontuação
2026-03-31,879,33,284,pontuação
2026-03-21,408,5,668,pontuação
2026-03-22,327,28,276,pontuação
2026-03-09,905,17,311,pontuação
2026-02-16,573,15,899,pontuação
2026-04-19,480,24,843,pontuação
2026-02-20,880,7,808,pontuação
2026-02-16,867,33,640,pontuação
2026-02-19,964,17,315,pontuação
2026-02-04,202,35,320,pontuação
2026-01-04,159,8,576,pontuação
2026-02-21,373,10,113,pontuação
2026-02-17,723,20,228,pontuação
2026-02-12,997,30,494,pontuação
2026-04-12,495,19,270,pontuação
2026-01-25,42,18,956,pontuação
2026-04-19,597,26,759,pontuação
2026-04-09,646,27,620,pontuação
2026-01-09,458,25,250,pontuação
2026-01-08,367,11,192,pontuação
2026-03-10,819,10,586,pontuação
2026-01-17,216,16,469,pontuação
2026-04-05,682,37,277,pontuação
2026-03-07,899,38,235,pontuação
2026-02-26,668,17,140,pontuação
2026-01-29,757,28,527,pontuação
2026-02-14,911,2,442,pontuação
2026-02-02,439,8,783,pontuação
2026-04-30,83,8,482,pontuação
2026-05-04,262,31,180,pontuação
2026-02-08,395,22,377,pontuação
2026-05-02,3,3,440,pontuação
2026-04-02,384,35,834,pontuação
2026-01-07,177,30,821,pontuação
2026-04-28,947,21,721,pontuação
2026-04-29,262,1,569,pontuação
2026-03-23,687,8,375,pontuação
2026-02-26,173,11,680,pontuação
2026-01-14,152,20,310,pontuação
2026-01-17,352,6,880,pontuação
2026-01-04,584,4,599,pontuação
2026-01-20,987,15,519,pontuação
2026-01-29,210,27,805,pontuação
2026-04-04,188,15,105,pontuação
2026-01-03,5,1,449,pontuação
2026-01-21,877,4,8,pontuação
2026-03-26,870,15,231,pontuação
2026-03-18,904,15,902,pontuação
2026-02-25,947,17,459,pontuação
2026-03-17,669,19,741,pontuação
2026-03-02,735,4,472,pontuação
2026-04-07,640,16,849,pontuação
2026-02-23,955,27,365,pontuação
2026-03-29,380,40,343,pontuação
2026-03-16,998,30,882,pontuação
2026-04-06,647,34,957,pontuação
2026-02-13,786,27,976,pontuação
2026-03-02,177,26,77,pontuação
2026-04-05,307,6,979,pontuação
2026-02-06,605,13,643,pontuação
2026-04-20,717,3,619,pontuação
2026-04-03,764,30,660,pontuação
2026-04-27,42,14,674,pontuação
2026-02-04,143,37,535,pontuação
2026-03-05,326,31,164,pontuação
2026-01-26,319,32,764,pontuação
2026-01-28,750,13,598,pontuação
2026-01-07,749,32,771,pontuação
2026-01-29,379,1,398,pontuação
2026-03-28,824,19,807,pontuação
2026-03-03,866,40,868,pontuação
2026-04-22,667,33,691,pontuação
2026-02-07,677,14,582,pontuação
2026-05-04,911,11,205,pontuação
2026-01-08,137,12,70,pontuação
2026-01-19,928,32,957,pontuação
2026-02-07,324,4,88,pontuação
2026-01-07,414,39,182,pontuação
2026-04-07,362,13,330,pontuação
2026-01-08,335,22,158,pontuação
2026-03-25,891,20,355,pontuação
2026-03-12,404,4,656,pontuação
2026-03-13,141,4,82,pontuação
2026-04-16,107,19,908,pontuação
2026-04-28,393,22,830,pontuação
2026-01-22,849,5,426,pontuação
2026-04-14,365,35,560,pontuação
2026-02-10,884,29,292,pontuação
2026-04-06,811,6,168,pontuação
2026-01-19,956,4,109,pontuação
2026-05-04,42,10,86,pontuação
2026-04-14,965,20,274,pontuação
2026-04-01,141,23,753,pontuação
2026-01-19,935,21,829,pontuação
2026-01-20,927,11,950,pontuação
2026-03-12,983,26,326,pontuação
2026-02-20,612,38,471,pontuação
2026-02-07,131,18,682,pontuação
2026-02-03,101,40,49,pontuação
2026-03-18,696,23,134,pontuação
2026-01-11,716,10,799,pontuação
2026-01-06,468,1,347,pontuação
2026-03-13,299,12,479,pontuação
2026-03-17,217,36,675,pontuação
2026-04-11,230,3,451,pontuação
2026-02-04,708,19,73,pontuação
2026-04-17,314,13,961,pontuação
2026-01-22,783,6,370,pontuação
2026-04-17,186,26,265,pontuação
2026-03-15,270,4,431,pontuação
2026-03-16,255,40,311,pontuação
2026-03-29,152,10,284,pontuação
2026-02-13,93,27,502,pontuação
2026-04-20,289,23,862,pontuação
2026-01-09,767,3,191,pontuação
2026-01-07,763,27,547,pontuação
2026-03-14,342,29,475,pontuação
2026-01-30,111,1,73,pontuação
2026-03-30,604,38,985,pontuação
2026-04-21,123,17,257,pontuação
2026-01-08,827,2,251,pontuação
2026-04-30,675,16,729,pontuação
2026-04-09,82,1,10,pontuação
2026-03-01,250,37,156,pontuação
2026-01-21,301,23,209,pontuação
2026-01-05,86,3,769,pontuação
2026-03-28,13,36,172,pontuação
2026-02-07,618,20,243,pontuação
2026-02-10,882,18,373,pontuação
2026-01-17,206,37,876,pontuação
2026-02-15,708,30,876,pontuação
2026-01-29,737,2,342,pontuação
2026-03-14,432,24,799,pontuação
2026-04-06,289,29,292,pontuação
2026-04-06,498,25,195,pontuação
2026-04-16,440,21,342,pontuação
2026-04-27,222,5,747,pontuação
2026-02-05,527,38,215,pontuação
2026-01-21,21,29,309,pontuação
2026-02-04,948,13,471,pontuação
2026-04-09,434,40,26,pontuação
2026-02-16,850,6,485,pontuação
2026-02-07,204,26,773,pontuação
2026-04-24,9,30,491,pontuação
2026-02-13,544,8,693,pontuação
2026-04-22,498,6,111,pontuação
2026-01-06,491,33,429,pontuação
2026-03-11,759,14,153,pontuação
2026-01-08,596,14,214,pontuação
2026-02-27,692,23,476,pontuação
2026-02-09,330,1,696,pontuação
2026-05-04,460,35,589,pontuação
2026-01-07,661,17,339,pontuação
2026-02-19,180,25,738,pontuação
2026-03-18,398,16,505,pontuação
2026-01-25,950,11,587,pontuação
2026-02-11,553,24,172,pontuação
2026-03-25,567,21,1000,pontuação
2026-01-01,313,28,388,pontuação
2026-02-11,441,31,840,pontuação
2026-01-14,9,30,360,pontuação
2026-01-06,129,32,352,pontuação
2026-02-02,828,21,84,pontuação
2026-01-26,325,4,340,pontuação
2026-02-22,77,18,875,pontuação
2026-04-18,211,24,752,pontuação
2026-05-04,641,24,561,pontuação
2026-01-08,737,26,55,pontuação
2026-03-01,433,16,631,pontuação
2026-04-15,442,34,21,pontuação
2026-01-13,952,34,539,pontuação
2026-02-27,951,26,915,pontuação
2026-01-01,713,29,19,pontuação
2026-03-25,708,33,952,pontuação
2026-01-24,902,2,428,pontuação
2026-02-20,131,38,899,pontuação
2026-03-14,686,2,542,pontuação
2026-04-04,263,14,622,pontuação
2026-03-02,810,22,117,pontuação
2026-02-10,545,30,740,pontuação
2026-04-18,315,35,863,pontuação
2026-04-12,381,12,537,pontuação
2026-02-08,932,29,166,pontuação
2026-04-18,139,10,327,pontuação
2026-01-30,311,33,20,pontuação
2026-01-21,708,16,154,pontuação
2026-03-18,102,2,811,pontuação
2026-03-02,276,10,419,pontuação
2026-04-04,761,8,988,pontuação
2026-01-13,803,29,665,pontuação
2026-02-21,178,21,600,pontuação
2026-03-10,509,24,684,pontuação
2026-01-03,846,26,505,pontuação
2026-01-22,420,24,662,pontuação
2026-02-23,716,20,657,pontuação
2026-03-20,508,10,376,pontuação
2026-04-14,426,13,871,pontuação
2026-01-26,754,14,451,pontuação
2026-01-18,638,37,308,pontuação
2026-01-09,640,32,231,pontuação
2026-03-07,505,3,407,pontuação
2026-02-20,202,1,333,pontuação
2026-04-23,985,11,261,pontuação
2026-01-16,238,39,243,pontuação
2026-03-25,190,17,424,pontuação
2026-03-01,212,8,121,pontuação
2026-02-24,997,23,606,pontuação
2026-03-05,308,39,55,pontuação
2026-01-17,780,17,820,pontuação
2026-02-01,438,11,554,pontuação
2026-02-01,910,40,667,pontuação
2026-04-20,269,12,617,pontuação
2026-01-13,52,9,886,pontuação
2026-02-24,700,15,991,pontuação
2026-05-02,808,23,121,pontuação
2026-03-13,343,19,630,pontuação
2026-02-09,638,6,508,pontuação
2026-04-13,271,38,994,pontuação
2026-04-13,836,35,876,pontuação
2026-04-30,369,21,36,pontuação
2026-02-26,634,15,712,pontuação
2026-04-09,580,15,966,pontuação
2026-02-28,846,16,904,pontuação
2026-04-17,154,21,492,pontuação
2026-03-16,220,20,422,pontuação
2026-01-02,724,34,996,pontuação
2026-03-20,320,7,604,pontuação
2026-03-27,945,11,300,pontuação
2026-01-09,129,35,362,pontuação
2026-05-03,126,12,477,pontuação
2026-04-02,993,18,297,pontuação
2026-04-06,247,12,793,pontuação
2026-03-14,247,2,292,pontuação
2026-02-21,237,26,848,pontuação
2026-04-04,187,7,125,pontuação
2026-02-04,7,13,491,pontuação
2026-01-07,512,38,125,pontuação
2026-03-26,453,13,26,pontuação
2026-01-13,264,25,9,pontuação
2026-03-30,132,1,693,pontuação
2026-04-03,533,25,37,pontuação
2026-05-04,319,1,714,pontuação
2026-01-21,993,4,254,pontuação
2026-01-29,422,28,308,pontuação
2026-03-16,31,11,376,pontuação
2026-03-31,631,7,774,pontuação
2026-03-06,843,31,104,pontuação
2026-02-15,252,1,857,pontuação
2026-04-27,295,30,28,pontuação
2026-04-10,284,17,300,pontuação
2026-03-16,409,35,825,pontuação
2026-01-12,754,36,586,pontuação
2026-02-22,314,16,915,pontuação
2026-02-23,584,7,847,pontuação
2026-03-06,234,18,859,pontuação
2026-02-03,850,31,518,pontuação
2026-03-27,183,23,473,pontuação
2026-01-15,254,40,523,pontuação
2026-03-17,239,14,241,pontuação
2026-02-02,181,13,103,pontuação
2026-01-15,618,36,273,pontuação
2026-02-11,577,12,275,pontuação
2026-04-13,906,16,709,pontuação
2026-01-19,896,20,867,pontuação
2026-04-25,204,29,437,pontuação
2026-04-11,915,10,773,pontuação
2026-04-18,81,25,918,pontuação
2026-04-18,289,24,40,pontuação
2026-03-05,31,31,140,pontuação
2026-03-08,405,7,754,pontuação
2026-02-09,22,5,716,pontuação
2026-02-27,485,27,747,pontuação
2026-02-28,964,3,272,pontuação
2026-04-01,711,22,530,pontuação
2026-02-20,853,26,717,pontuação
2026-01-09,731,29,719,pontuação
2026-01-31,677,22,302,pontuação
2026-03-07,590,35,653,pontuação
2026-03-22,140,2,296,pontuação
2026-02-04,341,34,892,pontuação
2026-03-23,914,35,472,pontuação
2026-03-04,444,20,418,pontuação
2026-02-11,688,7,691,pontuação
2026-01-30,51,27,464,pontuação
2026-01-29,226,32,732,pontuação
2026-01-06,183,11,929,pontuação
2026-03-17,980,5,128,pontuação
2026-02-24,324,13,191,pontuação
2026-04-08,505,31,227,pontuação
2026-01-13,485,37,981,pontuação
2026-01-18,919,24,724,pontuação
2026-04-03,163,37,712,pontuação
2026-03-24,254,29,738,pontuação
2026-02-02,993,3,895,pontuação
2026-01-22,630,40,489,pontuação
2026-03-07,89,19,735,pontuação
2026-01-28,455,2,196,pontuação
2026-04-19,47,33,727,pontuação
2026-04-11,158,17,910,pontuação
2026-02-28,282,26,731,pontuação
2026-04-09,261,25,298,pontuação
2026-02-24,340,23,6,pontuação
2026-04-10,803,17,439,pontuação
2026-01-30,283,9,614,pontuação
2026-03-19,533,27,261,pontuação
2026-01-04,243,22,259,pontuação
2026-01-24,698,15,729,pontuação
2026-02-05,307,37,561,pontuação
2026-03-12,390,10,993,pontuação
2026-04-11,649,15,89,pontuação
2026-02-06,6,33,579,pontuação
2026-01-04,937,26,715,pontuação
2026-02-01,541,7,288,pontuação
2026-04-18,862,4,529,pontuação
2026-02-21,728,16,383,pontuação
2026-04-26,933,11,42,pontuação
2026-04-26,157,31,166,pontuação
2026-02-15,466,4,694,pontuação
2026-03-11,740,28,348,pontuação
2026-01-30,926,31,4,pontuação
2026-03-11,425,25,168,pontuação
2026-04-29,93,21,517,pontuação
2026-02-09,101,33,842,pontuação
2026-01-20,13,25,36,pontuação
2026-02-06,737,27,217,pontuação
2026-04-14,748,28,493,pontuação
2026-03-27,81,12,40,pontuação
2026-01-05,673,37,35,pontuação
2026-02-25,683,28,648,pontuação
2026-02-05,639,13,894,pontuação
2026-01-08,640,37,455,pontuação
2026-01-24,935,20,212,pontuação
2026-03-09,603,16,164,pontuação
2026-04-16,487,27,905,pontuação
2026-03-10,271,18,24,pontuação
2026-04-14,461,16,666,pontuação
2026-04-29,508,12,725,pontuação
2026-01-18,938,33,461,pontuação
2026-03-14,231,8,202,pontuação
2026-03-17,38,28,13,pontuação
2026-03-14,581,17,881,pontuação
2026-02-08,7,18,365,pontuação
2026-04-02,180,28,859,pontuação
2026-01-14,13,13,232,pontuação
2026-01-21,321,29,628,pontuação
2026-04-25,441,24,422,pontuação
2026-02-19,170,9,914,pontuação
2026-02-12,333,7,650,pontuação
2026-01-27,608,22,639,pontuação
2026-02-18,528,5,920,pontuação
2026-02-09,731,2,266,pontuação
2026-04-06,235,27,651,pontuação
2026-03-29,645,13,652,pontuação
2026-02-26,151,23,780,pontuação
2026-01-02,526,12,46,pontuação
2026-02-25,49,24,257,pontuação
2026-05-02,754,4,859,pontuação
2026-03-06,802,20,72,pontuação
2026-01-07,690,4,161,pontuação
2026-02-14,265,6,210,pontuação
2026-05-01,477,23,366,pontuação
2026-02-28,897,12,428,pontuação
2026-04-21,492,13,840,pontuação
2026-04-05,780,35,554,pontuação
2026-01-15,302,17,216,pontuação
2026-03-07,940,19,56,pontuação
2026-04-21,395,39,214,pontuação
2026-04-22,211,11,15,pontuação
2026-01-09,586,26,956,pontuação
2026-01-15,29,28,710,pontuação
2026-03-29,968,25,949,pontuação
2026-03-16,239,30,648,pontuação
2026-04-21,942,17,487,pontuação
2026-03-27,722,6,957,pontuação
2026-04-13,312,2,630,pontuação
2026-01-18,247,29,349,pontuação
2026-02-02,428,39,742,pontuação
2026-04-15,505,2,526,pontuação
2026-03-01,869,10,868,pontuação
2026-01-16,902,4,810,pontuação
2026-04-15,376,9,792,pontuação
2026-02-03,6,15,366,pontuação
2026-03-16,524,24,116,pontuação
2026-02-27,932,6,413,pontuação
2026-04-29,581,13,116,pontuação
2026-01-04,570,36,259,pontuação
2026-03-25,883,23,741,pontuação
2026-01-11,55,27,377,pontuação
2026-04-07,886,12,118,pontuação
2026-04-25,50,38,485,pontuação
2026-03-28,514,12,242,pontuação
2026-04-02,928,24,207,pontuação
2026-04-22,895,24,439,pontuação
2026-01-18,486,37,103,pontuação
2026-02-13,683,3,383,pontuação
2026-05-02,15,40,100,pontuação
2026-03-13,669,25,272,pontuação
2026-01-03,825,31,855,pontuação
2026-03-20,860,13,643,pontuação
2026-04-08,478,18,522,pontuação
2026-01-22,773,14,651,pontuação
2026-01-27,28,35,560,pontuação
2026-01-11,819,28,599,pontuação
2026-04-17,542,21,594,pontuação
2026-01-01,980,25,662,pontuação
2026-03-30,674,20,153,pontuação
2026-03-13,701,38,788,pontuação
2026-03-06,320,29,294,pontuação
2026-04-14,256,12,625,pontuação
2026-01-10,685,29,188,pontuação
2026-01-24,788,37,133,pontuação
2026-02-19,717,13,715,pontuação
2026-01-31,400,34,540,pontuação
2026-02-16,867,27,708,pontuação
2026-03-30,87,18,251,pontuação
2026-03-13,908,26,798,pontuação
2026-02-20,854,38,535,pontuação
2026-03-26,790,32,878,pontuação
2026-02-09,9,5,819,pontuação
2026-04-25,799,16,10,pontuação
2026-04-12,760,40,615,pontuação
2026-03-23,917,3,676,pontuação
2026-04-24,586,20,707,pontuação
2026-01-21,99,12,431,pontuação
2026-04-05,274,28,742,pontuação
2026-01-13,30,4,220,pontuação
2026-03-25,703,23,781,pontuação
2026-02-12,836,26,576,pontuação
2026-05-02,543,18,169,pontuação
2026-02-15,709,5,51,pontuação
2026-03-16,742,5,101,pontuação
2026-03-11,691,20,63,pontuação
2026-04-27,496,5,990,pontuação
2026-03-02,39,12,761,pontuação
2026-02-08,911,37,755,pontuação
2026-02-27,46,5,961,pontuação
2026-04-30,793,17,77,pontuação
2026-04-18,797,15,931,pontuação
2026-04-27,271,17,707,pontuação
2026-01-31,469,14,196,pontuação
2026-04-16,850,19,913,pontuação
2026-04-15,39,40,202,pontuação
2026-02-12,133,4,866,pontuação
2026-01-01,241,12,961,pontuação
2026-03-02,849,26,372,pontuação
2026-03-24,441,17,719,pontuação
2026-03-26,85,3,22,pontuação
2026-04-11,629,2,427,pontuação
2026-01-14,43,12,131,pontuação
2026-02-01,726,21,833,pontuação
2026-04-13,339,30,445,pontuação
2026-01-26,808,29,426,pontuação
2026-03-01,452,33,255,pontuação
2026-03-05,212,37,183,pontuação
2026-02-09,529,28,705,pontuação
2026-04-27,764,36,943,pontuação
2026-02-13,288,40,457,pontuação
2026-02-13,871,39,759,pontuação
2026-04-10,323,7,709,pontuação
2026-04-27,22,10,443,pontuação
2026-04-22,10,21,687,pontuação
2026-01-13,257,13,552,pontuação
2026-02-13,426,21,32,pontuação
2026-02-08,760,24,40,pontuação
2026-03-30,982,20,977,pontuação
2026-04-01,333,23,728,pontuação
2026-04-24,663,17,403,pontuação
2026-03-30,709,17,504,pontuação
2026-01-16,97,18,960,pontuação
2026-01-13,549,28,73,pontuação
2026-04-16,804,30,550,pontuação
2026-01-10,287,11,910,pontuação
2026-02-25,590,25,26,pontuação
2026-03-31,441,18,585,pontuação
2026-01-30,743,17,723,pontuação
2026-01-08,527,28,528,pontuação
2026-02-16,467,22,902,pontuação
2026-02-04,709,27,707,pontuação
2026-03-14,414,35,906,pontuação
2026-02-04,755,33,174,pontuação
2026-04-16,678,20,331,pontuação
2026-05-01,955,11,682,pontuação
2026-02-19,606,26,95,pontuação
2026-05-04,384,18,845,pontuação
2026-04-24,140,8,588,pontuação
2026-04-19,223,15,881,pontuação
2026-03-03,407,17,55,pontuação
2026-02-13,888,24,908,pontuação
2026-04-15,258,15,842,pontuação
2026-02-15,71,21,782,pontuação
2026-01-31,607,12,669,pontuação
2026-03-14,767,27,508,pontuação
2026-01-28,367,1,724,pontuação
2026-02-24,149,37,488,pontuação
2026-01-20,774,18,293,pontuação
2026-03-29,307,20,144,pontuação
2026-04-30,878,22,15,pontuação
2026-03-06,158,12,252,pontuação
2026-03-03,110,28,580,pontuação
2026-01-06,997,11,544,pontuação
2026-02-10,510,38,88,pontuação
2026-04-21,635,32,547,pontuação
2026-03-05,424,10,835,pontuação
2026-04-17,778,25,89,pontuação
2026-03-25,127,13,565,pontuação
2026-04-01,205,3,605,pontuação
2026-01-12,723,9,326,pontuação
2026-03-30,680,16,14,pontuação
2026-04-18,158,40,673,pontuação
2026-02-18,838,8,200,pontuação
2026-01-22,5,8,889,pontuação
2026-03-23,998,29,551,pontuação
2026-01-24,489,4,974,pontuação
2026-01-19,163,14,692,pontuação
2026-02-18,793,17,840,pontuação
2026-03-26,879,18,983,pontuação
2026-03-29,10,19,425,pontuação
2026-02-13,66,5,980,pontuação
2026-04-25,833,38,433,pontuação
2026-03-30,88,28,300,pontuação
2026-01-20,711,8,253,pontuação
2026-03-29,667,26,86,pontuação
2026-01-18,175,39,88,pontuação
2026-01-31,763,29,780,pontuação
2026-01-22,337,37,729,pontuação
2026-04-07,238,3,518,pontuação
2026-01-27,542,11,156,pontuação
2026-04-09,164,27,367,pontuação
2026-04-28,122,39,742,pontuação
2026-03-26,811,39,468,pontuação
2026-01-15,483,5,276,pontuação
2026-02-04,775,10,139,pontuação
2026-01-22,72,26,24,pontuação
2026-03-04,984,5,119,pontuação
2026-05-02,324,3,259,pontuação
2026-01-17,656,39,513,pontuação
2026-03-04,569,39,958,pontuação
2026-02-21,969,35,64,pontuação
2026-04-10,337,23,993,pontuação
2026-01-17,563,40,113,pontuação
2026-04-04,831,37,206,pontuação
2026-02-06,971,3,879,pontuação
2026-04-03,861,25,94,pontuação
2026-03-21,241,24,347,pontuação
2026-04-13,905,30,770,pontuação
2026-02-02,837,17,422,pontuação
2026-02-02,333,23,884,pontuação
2026-04-17,210,27,843,pontuação
2026-04-19,404,7,704,pontuação
2026-04-05,287,4,274,pontuação
2026-01-16,326,36,821,pontuação
2026-03-08,562,2,847,pontuação
2026-03-18,193,14,414,pontuação
2026-04-07,177,10,105,pontuação
2026-03-14,719,17,669,pontuação
2026-03-25,534,15,572,pontuação
2026-03-12,536,28,373,pontuação
2026-02-18,963,28,392,pontuação
2026-01-22,54,25,564,pontuação
2026-01-09,105,30,268,pontuação
2026-03-25,67,16,117,pontuação
2026-04-18,951,38,73,pontuação
2026-05-03,27,6,604,pontuação
2026-01-05,459,13,499,pontuação
2026-03-22,31,23,606,pontuação
2026-03-08,968,5,233,pontuação
2026-04-21,749,20,761,pontuação
2026-01-07,896,20,662,pontuação
2026-01-07,912,17,355,pontuação
2026-02-11,821,30,820,pontuação
2026-04-08,143,28,711,pontuação
2026-04-16,755,15,348,pontuação
2026-03-06,489,3,304,pontuação
2026-04-07,258,15,764,pontuação
2026-01-27,353,17,661,pontuação
2026-03-13,899,13,515,pontuação
2026-01-13,795,6,8,pontuação
2026-01-16,205,12,570,pontuação
2026-04-21,555,2,350,pontuação
2026-02-16,637,28,759,pontuação
2026-01-08,230,27,600,pontuação
2026-01-24,706,33,636,pontuação
2026-01-20,919,40,193,pontuação
2026-01-13,266,1,237,pontuação
2026-04-07,322,14,937,pontuação
2026-04-30,357,28,69,pontuação
2026-01-21,760,7,985,pontuação
2026-02-02,15,37,862,pontuação
2026-02-15,191,10,478,pontuação
2026-02-27,8,31,756,pontuação
2026-04-13,116,22,638,pontuação
2026-04-02,841,10,481,pontuação
2026-01-06,851,35,749,pontuação
2026-02-24,173,25,787,pontuação
2026-01-30,82,19,206,pontuação
2026-03-05,403,4,657,pontuação
2026-04-26,865,15,689,pontuação
2026-03-30,880,16,127,pontuação
2026-03-11,231,8,838,pontuação
2026-02-24,541,21,540,pontuação
2026-01-15,727,34,774,pontuação
2026-04-05,682,20,572,pontuação
2026-02-06,382,15,353,pontuação
2026-01-26,759,26,55,pontuação
2026-03-10,572,22,603,pontuação
2026-03-26,143,5,645,pontuação
2026-03-02,766,9,878,pontuação
2026-02-24,535,7,312,pontuação
2026-04-16,471,10,513,pontuação
2026-02-25,428,25,61,pontuação
2026-01-02,390,6,313,pontuação
2026-03-30,775,15,694,pontuação
2026-01-04,610,39,893,pontuação
2026-03-03,517,13,765,pontuação
2026-01-22,9,6,462,pontuação
2026-01-19,340,25,562,pontuação
2026-03-15,105,1,93,pontuação
2026-04-21,199,23,401,pontuação
2026-04-20,665,3,331,pontuação
2026-02-03,393,22,898,pontuação
2026-02-25,101,2,194,pontuação
2026-01-29,213,38,218,pontuação
2026-01-12,188,33,427,pontuação
2026-02-08,254,14,479,pontuação
2026-02-10,22,32,482,pontuação
2026-03-21,818,1,74,pontuação
2026-01-26,407,24,914,pontuação
2026-02-10,554,40,388,pontuação
2026-03-06,567,29,132,pontuação
2026-04-24,654,7,211,pontuação
2026-02-01,65,6,116,pontuação
2026-01-23,748,10,754,pontuação
2026-04-21,94,35,495,pontuação
2026-03-14,934,7,881,pontuação
2026-04-10,612,39,161,pontuação
2026-01-22,461,9,607,pontuação
2026-03-01,543,22,374,pontuação
2026-04-08,904,23,773,pontuação
2026-01-11,89,4,560,pontuação
2026-05-01,724,17,683,pontuação
2026-02-23,934,26,855,pontuação
2026-03-10,46,9,386,pontuação
2026-01-11,317,30,91,pontuação
2026-03-05,871,37,778,pontuação
2026-02-15,784,35,582,pontuação
2026-04-25,638,7,183,pontuação
2026-02-22,473,29,672,pontuação
2026-04-18,782,30,24,pontuação
2026-04-02,492,5,833,pontuação
2026-01-03,196,21,372,pontuação
2026-01-13,910,37,823,pontuação
2026-01-16,180,4,55,pontuação
2026-03-21,856,20,425,pontuação
2026-03-08,738,16,652,pontuação
2026-02-06,802,23,917,pontuação
2026-02-17,889,11,590,pontuação
2026-04-13,405,38,225,pontuação
2026-04-24,46,21,104,pontuação
2026-03-28,753,22,664,pontuação
2026-04-18,338,39,380,pontuação
2026-03-12,165,2,37,pontuação
2026-02-28,842,36,683,pontuação
2026-04-04,44,9,166,pontuação
2026-04-16,90,31,836,pontuação
2026-04-28,786,36,706,pontuação
2026-03-08,300,25,455,pontuação
2026-03-29,602,13,461,pontuação
2026-02-13,838,14,905,pontuação
2026-04-20,735,14,572,pontuação
2026-04-20,436,25,787,pontuação
2026-05-02,63,29,678,pontuação
2026-01-15,167,40,902,pontuação
2026-01-08,368,12,807,pontuação
2026-02-22,667,13,199,pontuação
2026-01-27,567,23,778,pontuação
2026-02-24,321,38,107,pontuação
2026-02-22,268,7,745,pontuação
2026-01-01,310,27,485,pontuação
2026-02-18,16,3,437,pontuação
2026-01-16,382,37,879,pontuação
2026-02-03,189,16,58,pontuação
2026-03-02,835,21,7,pontuação
2026-01-01,589,1,745,pontuação
2026-01-20,556,2,939,pontuação
2026-05-01,302,27,506,pontuação
2026-02-28,471,36,762,pontuação
2026-03-13,231,7,287,pontuação
2026-03-26,695,23,256,pontuação
2026-04-09,231,27,41,pontuação
2026-03-12,151,35,970,pontuação
2026-03-26,690,36,655,pontuação
2026-03-18,815,10,646,pontuação
2026-02-26,509,20,240,pontuação
2026-03-27,834,6,406,pontuação
2026-01-12,440,28,570,pontuação
2026-03-05,113,10,820,pontuação
2026-03-08,706,31,400,pontuação
2026-03-19,977,12,674,pontuação
2026-02-06,464,9,645,pontuação
2026-01-30,915,25,102,pontuação
2026-01-18,438,30,144,pontuação
2026-01-19,286,21,905,pontuação
2026-03-25,473,35,240,pontuação
2026-03-31,57,29,459,pontuação
2026-02-15,890,17,52,pontuação
2026-04-27,913,9,150,pontuação
2026-02-27,568,35,30,pontuação
2026-02-04,443,4,785,pontuação
2026-03-10,252,17,660,pontuação
2026-04-05,944,19,833,pontuação
2026-01-28,782,14,638,pontuação
2026-01-04,891,6,643,pontuação
2026-03-03,714,32,139,pontuação
2026-01-11,363,12,235,pontuação
2026-01-08,180,8,147,pontuação
2026-02-23,943,33,747,pontuação
2026-01-30,259,4,130,pontuação
2026-02-22,692,10,888,pontuação
2026-03-24,406,11,408,pontuação
2026-02-17,10,32,548,pontuação
2026-03-23,504,26,475,pontuação
2026-03-24,128,18,155,pontuação
2026-01-23,682,4,760,pontuação
2026-04-30,66,18,203,pontuação
2026-03-22,294,9,50,pontuação
2026-03-20,335,33,28,pontuação
2026-03-26,232,16,242,pontuação
2026-04-26,133,19,65,pontuação
2026-01-05,567,28,520,pontuação
2026-04-13,10,14,367,pontuação
2026-05-01,44,35,385,pontuação
2026-04-05,972,37,589,pontuação
2026-03-23,240,14,574,pontuação
2026-04-02,943,37,356,pontuação
2026-03-19,690,8,422,pontuação
2026-02-23,689,19,194,pontuação
2026-01-22,546,31,142,pontuação
2026-02-13,608,8,981,pontuação
2026-02-12,650,15,104,pontuação
2026-01-30,496,22,216,pontuação
2026-03-16,253,27,163,pontuação
2026-01-10,218,14,702,pontuação
2026-02-16,211,22,360,pontuação
2026-03-11,452,37,540,pontuação
2026-01-09,711,39,688,pontuação
2026-03-29,785,40,294,pontuação
2026-04-23,555,1,698,pontuação
2026-04-26,845,13,870,pontuação
2026-04-06,482,1,525,pontuação
2026-02-02,982,30,67,pontuação
2026-04-20,88,7,603,pontuação
2026-03-22,805,23,925,pontuação
2026-02-22,622,21,137,pontuação
2026-01-15,491,27,245,pontuação
2026-02-19,412,35,188,pontuação
2026-01-12,843,36,981,pontuação
2026-04-05,339,27,236,pontuação
2026-01-22,88,23,353,pontuação
2026-03-08,595,22,990,pontuação
2026-04-16,289,22,334,pontuação
2026-04-03,831,10,354,pontuação
2026-01-03,927,37,843,pontuação
2026-03-18,558,30,117,pontuação
2026-01-05,4,24,223,pontuação
2026-01-24,620,25,689,pontuação
2026-03-14,369,3,61,pontuação
2026-04-10,470,4,945,pontuação
2026-04-20,329,32,690,pontuação
2026-03-16,558,39,707,pontuação
2026-01-13,223,26,867,pontuação
2026-03-15,994,12,139,pontuação
2026-03-11,950,7,653,pontuação
2026-03-13,25,23,267,pontuação
2026-02-17,431,9,881,pontuação
2026-03-12,141,33,91,pontuação
2026-03-21,276,27,200,pontuação
2026-02-18,506,3,580,pontuação
2026-04-08,120,8,384,pontuação
2026-02-19,246,9,777,pontuação
2026-04-23,927,28,753,pontuação
2026-02-25,881,31,880,pontuação
2026-04-11,383,6,342,pontuação
2026-02-07,287,19,650,pontuação
2026-02-23,168,22,252,pontuação
2026-02-18,255,2,539,pontuação
2026-01-14,342,39,899,pontuação
2026-01-14,357,3,397,pontuação
2026-02-01,465,12,1,pontuação
2026-04-28,115,22,269,pontuação
2026-02-05,845,17,965,pontuação
2026-04-16,622,24,337,pontuação
2026-03-23,845,37,115,pontuação
2026-04-12,892,33,178,pontuação
2026-01-27,617,31,170,pontuação
2026-02-19,481,30,756,pontuação
2026-02-20,431,32,812,pontuação
2026-03-10,784,26,710,pontuação
2026-03-14,793,10,577,pontuação
2026-03-08,993,3,708,pontuação
2026-01-15,324,27,910,pontuação
2026-02-09,821,8,908,pontuação
2026-04-05,567,15,3,pontuação
2026-01-20,829,34,699,pontuação
2026-02-08,7,25,985,pontuação
2026-03-21,704,31,23,pontuação
2026-03-10,96,18,718,pontuação
2026-04-27,168,38,158,pontuação
2026-02-12,568,18,613,pontuação
2026-01-27,919,25,219,pontuação
2026-01-26,909,40,571,pontuação
2026-05-02,955,13,831,pontuação
2026-03-13,348,11,998,pontuação
2026-05-02,985,15,22,pontuação
2026-03-14,814,29,324,pontuação
2026-02-08,928,39,37,pontuação
2026-03-11,48,3,59,pontuação
2026-01-05,462,14,174,pontuação
2026-03-28,684,21,62,pontuação
2026-02-04,614,28,249,pontuação
2026-01-17,961,15,785,pontuação
2026-02-23,527,23,809,pontuação
2026-03-09,593,28,100,pontuação
2026-04-10,313,15,590,pontuação
2026-01-30,742,24,197,pontuação
2026-03-10,510,9,158,pontuação
2026-04-26,459,1,700,pontuação
2026-03-23,683,15,674,pontuação
2026-03-26,50,8,843,pontuação
2026-03-02,764,27,552,pontuação
2026-04-20,736,21,270,pontuação
2026-03-26,158,7,666,pontuação
2026-02-05,472,24,80,pontuação
2026-01-24,652,7,154,pontuação
2026-02-10,732,14,449,pontuação
2026-03-06,888,33,552,pontuação
2026-03-07,372,35,787,pontuação
2026-02-08,217,15,636,pontuação
2026-01-11,792,14,616,pontuação
2026-02-24,253,9,423,pontuação
2026-02-15,706,24,327,pontuação
2026-03-06,320,39,66,pontuação
2026-02-11,967,21,938,pontuação
2026-01-22,319,32,964,pontuação
2026-01-01,348,39,722,pontuação
2026-02-23,660,22,342,pontuação
2026-04-05,727,24,997,pontuação
2026-02-06,771,24,469,pontuação
2026-05-02,241,26,55,pontuação
2026-02-03,65,23,850,pontuação
2026-03-26,993,30,429,pontuação
2026-05-02,974,1,430,pontuação
2026-03-24,467,7,32,pontuação
2026-02-19,938,29,447,pontuação
2026-04-28,27,7,767,pontuação
2026-03-10,804,25,152,pontuação
2026-01-09,400,25,499,pontuação
2026-04-24,495,25,487,pontuação
2026-04-27,704,9,849,pontuação
2026-01-13,818,18,925,pontuação
2026-03-28,248,31,464,pontuação
2026-04-17,749,15,378,pontuação
2026-03-01,309,30,759,pontuação
2026-04-23,130,25,959,pontuação
2026-03-08,628,36,830,pontuação
2026-05-05,784,16,50,pontuação
2026-03-31,282,20,217,pontuação
2026-01-16,102,19,712,pontuação
2026-03-02,275,31,613,pontuação
2026-04-29,933,38,828,pontuação
2026-03-02,263,1,782,pontuação
2026-03-08,576,17,225,pontuação
2026-04-13,663,1,899,pontuação
2026-03-22,945,22,400,pontuação
2026-02-11,387,26,992,pontuação
2026-03-05,919,40,794,pontuação
2026-01-29,76,29,166,pontuação
2026-01-07,70,29,975,pontuação
2026-02-18,20,15,784,pontuação
2026-03-19,583,38,619,pontuação
2026-02-11,633,39,891,pontuação
2026-04-07,271,23,276,pontuação
2026-04-06,34,25,166,pontuação
2026-03-05,247,12,102,pontuação
2026-04-22,872,10,535,pontuação
2026-01-08,448,35,691,pontuação
2026-04-28,276,20,118,pontuação
2026-03-15,846,21,95,pontuação
2026-03-17,767,34,141,pontuação
2026-01-25,644,20,790,pontuação
2026-01-22,104,30,126,pontuação
2026-02-07,962,34,714,pontuação
2026-01-05,459,4,721,pontuação
2026-01-01,685,33,398,pontuação
2026-01-12,740,29,594,pontuação
2026-02-11,131,40,295,pontuação
2026-01-29,578,9,585,pontuação
2026-03-10,615,16,612,pontuação
2026-03-04,698,34,615,pontuação
2026-01-29,555,26,720,pontuação
2026-02-11,737,9,535,pontuação
2026-02-28,567,19,454,pontuação
2026-04-29,762,12,224,pontuação
2026-01-15,643,8,572,pontuação
2026-01-21,689,22,592,pontuação
2026-03-22,447,32,347,pontuação
2026-04-04,797,34,314,pontuação
2026-03-06,546,33,547,pontuação
2026-03-25,675,11,547,pontuação
2026-01-27,899,24,222,pontuação
2026-04-22,200,38,849,pontuação
2026-04-21,552,32,134,pontuação
2026-04-11,684,7,170,pontuação
2026-04-10,542,4,888,pontuação
2026-04-27,927,23,871,pontuação
2026-04-10,840,16,821,pontuação
2026-01-31,713,12,349,pontuação
2026-01-02,425,12,208,pontuação
2026-03-28,870,33,77,pontuação
2026-01-31,539,30,974,pontuação
2026-04-21,625,37,770,pontuação
2026-01-15,924,9,761,pontuação
2026-05-04,790,11,411,pontuação
2026-02-12,501,26,122,pontuação
2026-01-15,869,25,29,pontuação
2026-02-23,109,18,925,pontuação
2026-02-03,164,28,197,pontuação
2026-02-20,484,11,576,pontuação
2026-02-13,143,16,195,pontuação
2026-05-02,704,25,723,pontuação
2026-05-01,70,38,837,pontuação
2026-04-15,681,10,186,pontuação
2026-04-21,94,8,944,pontuação
2026-02-03,332,32,366,pontuação
2026-02-03,657,8,995,pontuação
2026-03-24,645,18,583,pontuação
2026-03-02,236,17,332,pontuação
2026-04-26,714,5,146,pontuação
2026-02-04,866,18,463,pontuação
2026-01-11,713,12,404,pontuação
2026-04-05,618,8,164,pontuação
2026-04-06,811,26,230,pontuação
2026-04-05,790,24,662,pontuação
2026-02-18,960,39,893,pontuação
2026-01-11,171,2,713,pontuação
2026-05-05,722,38,941,pontuação
2026-01-05,466,17,792,pontuação
2026-01-03,579,33,696,pontuação
2026-05-02,317,40,207,pontuação
2026-04-10,280,29,311,pontuação
2026-03-24,972,32,204,pontuação
2026-03-05,315,20,895,pontuação
2026-02-19,140,19,137,pontuação
2026-01-01,905,20,63,pontuação
2026-03-04,404,27,482,pontuação
2026-04-12,265,13,85,pontuação
2026-02-18,378,13,914,pontuação
2026-03-29,243,13,673,pontuação
2026-03-29,661,5,38,pontuação
2026-04-30,908,16,782,pontuação
2026-01-19,553,20,829,pontuação
2026-02-03,519,10,841,pontuação
2026-02-05,37,17,803,pontuação
2026-01-01,717,31,570,pontuação
2026-04-04,768,13,588,pontuação
2026-03-05,346,5,524,pontuação
2026-05-04,272,10,694,pontuação
2026-03-24,61,13,179,pontuação
2026-04-30,133,12,900,pontuação
2026-01-14,923,3,670,pontuação
2026-04-25,56,6,131,pontuação
2026-01-05,417,25,107,pontuação
2026-04-19,284,6,762,pontuação
2026-03-07,172,7,919,pontuação
2026-03-07,995,17,808,pontuação
2026-04-17,100,21,509,pontuação
2026-04-04,178,38,73,pontuação
2026-03-27,403,29,836,pontuação
2026-04-03,684,24,293,pontuação
2026-03-05,786,2,797,pontuação
2026-04-17,204,2,198,pontuação
2026-04-05,497,23,701,pontuação
2026-02-11,847,26,823,pontuação
2026-01-04,166,1,831,pontuação
2026-01-25,661,28,920,pontuação
2026-02-06,449,14,473,pontuação
2026-02-15,480,1,795,pontuação
2026-05-04,920,20,609,pontuação
2026-04-25,809,29,987,pontuação
2026-03-15,334,27,310,pontuação
2026-04-16,536,24,79,pontuação
2026-03-18,62,2,98,pontuação
2026-01-18,55,3,111,pontuação
2026-01-20,434,16,954,pontuação
2026-01-14,982,39,249,pontuação
2026-02-15,401,10,221,pontuação
2026-03-17,286,21,870,pontuação
2026-03-05,281,38,364,pontuação
2026-04-13,991,19,212,pontuação
2026-02-02,515,4,30,pontuação
2026-03-15,15,12,391,pontuação
2026-01-19,851,36,199,pontuação
2026-01-26,627,20,546,pontuação
2026-04-30,154,10,799,pontuação
2026-02-24,798,18,130,pontuação
2026-01-07,9,11,156,pontuação
2026-01-05,609,34,44,pontuação
2026-02-24,444,38,83,pontuação
2026-04-07,330,22,290,pontuação
2026-01-28,551,18,703,pontuação
2026-03-16,674,31,570,pontuação
2026-04-17,602,38,822,pontuação
2026-01-17,726,22,675,pontuação
2026-01-20,913,17,453,pontuação
2026-02-08,583,25,390,pontuação
2026-02-26,125,11,195,pontuação
2026-02-02,777,39,801,pontuação
2026-02-09,639,9,277,pontuação
2026-03-24,70,37,511,pontuação
2026-02-03,606,26,251,pontuação
2026-01-13,359,36,179,pontuação
2026-02-28,245,28,259,pontuação
2026-04-05,863,4,452,pontuação
2026-02-13,339,22,294,pontuação
2026-01-28,778,29,507,pontuação
2026-01-11,975,23,794,pontuação
2026-02-02,473,13,71,pontuação
2026-04-17,923,14,660,pontuação
2026-04-16,550,39,390,pontuação
2026-03-07,266,3,412,pontuação
2026-02-08,605,10,727,pontuação
2026-01-31,885,23,744,pontuação
2026-01-30,998,16,906,pontuação
2026-04-02,436,11,436,pontuação
2026-04-14,894,2,123,pontuação
2026-02-01,176,16,129,pontuação
2026-02-14,112,32,960,pontuação
2026-04-01,230,17,183,pontuação
2026-04-17,179,20,610,pontuação
2026-04-28,66,37,212,pontuação
2026-02-11,290,4,914,pontuação
2026-04-02,378,31,237,pontuação
2026-02-26,654,18,616,pontuação
2026-02-12,565,25,2,pontuação
2026-04-07,966,25,431,pontuação
2026-02-28,242,26,259,pontuação
2026-03-10,73,24,118,pontuação
2026-04-30,3,29,651,pontuação
2026-01-15,615,38,790,pontuação
2026-01-31,969,13,915,pontuação
2026-01-16,627,6,776,pontuação
2026-04-23,819,9,837,pontuação
2026-04-02,314,35,224,pontuação
2026-05-04,298,20,753,pontuação
2026-01-27,264,17,396,pontuação
2026-02-19,908,2,357,pontuação
2026-01-15,849,39,961,pontuação
2026-03-12,320,14,290,pontuação
2026-04-06,958,33,912,pontuação
2026-04-03,125,32,121,pontuação
2026-02-12,358,13,739,pontuação
2026-03-25,47,39,147,pontuação
2026-04-02,909,29,953,pontuação
2026-01-17,658,22,307,pontuação
2026-04-12,608,38,506,pontuação
2026-04-18,585,15,783,pontuação
2026-02-24,731,18,369,pontuação
2026-03-03,11,33,595,pontuação
2026-03-20,334,12,956,pontuação
2026-04-28,91,3,297,pontuação
2026-01-04,414,13,791,pontuação
2026-02-03,305,3,241,pontuação
2026-04-20,491,36,260,pontuação
2026-01-02,462,8,780,pontuação
2026-01-09,286,4,435,pontuação
2026-03-11,434,14,269,pontuação
2026-04-20,880,4,118,pontuação
2026-01-02,858,20,912,pontuação
2026-04-28,229,5,847,pontuação
2026-01-04,364,29,182,pontuação
2026-03-28,392,32,800,pontuação
2026-02-17,775,10,878,pontuação
2026-03-15,135,14,247,pontuação
2026-04-25,556,36,440,pontuação
2026-02-02,4,15,383,pontuação
2026-05-02,359,22,131,pontuação
2026-01-04,951,40,440,pontuação
2026-02-09,10,9,367,pontuação
2026-01-09,757,10,789,pontuação
2026-04-02,41,12,279,pontuação
2026-01-12,703,35,6,pontuação
2026-04-23,952,3,332,pontuação
2026-03-16,176,9,544,pontuação
2026-01-21,382,17,113,pontuação
2026-02-03,555,13,638,pontuação
2026-03-21,535,27,782,pontuação
2026-04-09,954,29,414,pontuação
2026-04-03,232,39,855,pontuação
2026-03-27,326,36,37,pontuação
2026-05-03,220,24,150,pontuação
2026-02-01,318,30,188,pontuação
2026-04-01,908,20,772,pontuação
2026-01-08,846,36,721,pontuação
2026-01-28,690,6,772,pontuação
2026-02-21,131,32,923,pontuação
2026-04-04,121,26,652,pontuação
2026-01-02,238,14,512,pontuação
2026-02-04,264,37,659,pontuação
2026-02-20,698,30,912,pontuação
2026-04-05,818,8,52,pontuação
2026-01-08,463,17,167,pontuação
2026-03-08,761,30,414,pontuação
2026-02-24,218,23,475,pontuação
2026-03-21,918,35,851,pontuação
2026-03-21,486,8,873,pontuação
2026-02-13,698,11,602,pontuação
2026-02-05,11,27,436,pontuação
2026-03-12,186,1,397,pontuação
2026-03-28,7,29,841,pontuação
2026-02-15,501,30,632,pontuação
2026-04-03,967,7,807,pontuação
2026-01-21,106,8,461,pontuação
2026-03-27,987,39,267,pontuação
2026-02-07,149,6,557,pontuação
2026-01-06,156,35,760,pontuação
2026-04-07,700,12,291,pontuação
2026-02-21,145,19,309,pontuação
2026-02-10,289,18,245,pontuação
2026-04-27,160,35,461,pontuação
2026-04-26,654,2,258,pontuação
2026-03-15,184,35,528,pontuação
2026-03-12,413,20,44,pontuação
2026-02-18,489,6,700,pontuação
2026-02-25,24,39,37,pontuação
2026-01-16,746,2,449,pontuação
2026-02-22,105,14,411,pontuação
2026-01-08,406,13,543,pontuação
2026-04-23,33,13,737,pontuação
2026-04-09,11,22,526,pontuação
2026-03-20,731,5,980,pontuação
2026-01-19,564,23,433,pontuação
2026-02-27,147,20,150,pontuação
2026-01-30,406,36,791,pontuação
2026-04-30,213,4,173,pontuação
2026-03-26,148,4,259,pontuação
2026-02-05,726,19,113,pontuação
2026-03-14,114,26,922,pontuação
2026-03-22,649,24,806,pontuação
2026-02-14,629,28,904,pontuação
2026-03-21,14,25,13,pontuação
2026-01-22,926,13,266,pontuação
2026-01-11,649,18,64,pontuação
2026-02-19,782,6,728,pontuação
2026-04-24,124,16,611,pontuação
2026-03-26,545,28,631,pontuação
2026-04-11,217,29,875,pontuação
2026-03-18,409,7,217,pontuação
2026-03-08,1,25,702,pontuação
2026-03-19,583,28,269,pontuação
2026-03-08,871,21,981,pontuação
2026-02-07,37,13,790,pontuação
2026-03-22,21,21,602,pontuação
2026-01-08,386,39,545,pontuação
2026-04-02,511,14,925,pontuação
2026-04-02,935,18,364,pontuação
2026-04-20,29,9,105,pontuação
2026-03-08,278,30,242,pontuação
2026-03-11,207,36,783,pontuação
2026-04-17,8,30,813,pontuação
2026-02-25,112,29,314,pontuação
2026-01-23,998,17,316,pontuação
2026-02-23,709,16,720,pontuação
2026-04-23,434,14,918,pontuação
2026-04-28,361,16,747,pontuação
2026-04-09,886,32,176,pontuação
2026-01-05,943,38,312,pontuação
2026-02-02,482,34,729,pontuação
2026-04-27,170,4,176,pontuação
2026-03-23,870,23,257,pontuação
2026-02-20,223,38,202,pontuação
2026-05-03,568,19,538,pontuação
2026-02-23,398,30,960,pontuação
2026-01-09,397,29,725,pontuação
2026-01-25,171,18,809,pontuação
2026-02-15,461,7,795,pontuação
2026-04-14,840,25,34,pontuação
2026-04-29,259,8,645,pontuação
2026-01-17,608,25,722,pontuação
2026-03-17,525,31,410,pontuação
2026-04-03,11,1,282,pontuação
2026-01-31,674,38,845,pontuação
2026-03-11,767,11,926,pontuação
2026-02-28,12,17,803,pontuação
2026-03-01,215,9,778,pontuação
2026-04-04,88,10,996,pontuação
2026-04-28,255,27,187,pontuação
2026-01-22,731,25,987,pontuação
2026-03-01,217,1,246,pontuação
2026-03-01,914,5,151,pontuação
2026-04-23,101,38,779,pontuação
2026-04-09,853,23,746,pontuação
2026-02-02,624,38,140,pontuação
2026-04-27,804,7,99,pontuação
2026-04-21,92,4,208,pontuação
2026-05-01,222,18,633,pontuação
2026-04-02,246,40,949,pontuação
2026-03-20,146,3,394,pontuação
2026-02-28,352,14,773,pontuação
2026-02-16,319,12,165,pontuação
2026-04-12,303,7,687,pontuação
2026-02-23,157,22,869,pontuação
2026-02-09,783,16,581,pontuação
2026-04-23,918,29,43,pontuação
2026-03-02,306,24,33,pontuação
2026-04-23,341,36,759,pontuação
2026-03-27,535,29,132,pontuação
2026-03-23,582,35,669,pontuação
2026-01-17,887,31,272,pontuação
2026-02-11,101,32,310,pontuação
2026-01-21,178,16,675,pontuação
2026-04-02,340,24,548,pontuação
2026-01-15,587,11,989,pontuação
2026-03-27,970,40,886,pontuação
2026-01-04,604,23,357,pontuação
2026-01-05,304,34,363,pontuação
2026-01-21,884,6,474,pontuação
2026-01-12,283,23,148,pontuação
2026-01-20,977,32,572,pontuação
2026-03-28,529,37,672,pontuação
2026-04-23,312,5,920,pontuação
2026-05-02,95,34,816,pontuação
2026-05-03,252,27,64,pontuação
2026-01-20,82,4,186,pontuação
2026-02-13,564,12,785,pontuação
2026-03-18,816,28,932,pontuação
2026-02-23,871,19,28,pontuação
2026-04-14,195,3,550,pontuação
2026-04-22,891,35,161,pontuação
2026-05-04,323,23,257,pontuação
2026-05-05,256,29,905,pontuação
2026-03-29,355,11,376,pontuação
2026-01-31,944,16,570,pontuação
2026-03-07,306,34,652,pontuação
2026-02-14,629,29,595,pontuação
2026-03-18,350,33,66,pontuação
2026-04-07,457,30,396,pontuação
2026-04-05,197,26,873,pontuação
2026-01-17,497,28,537,pontuação
2026-04-27,655,32,566,pontuação
2026-01-27,778,8,66,pontuação
2026-01-16,325,33,169,pontuação
2026-02-25,886,10,487,pontuação
2026-03-02,961,23,841,pontuação
2026-02-10,364,1,171,pontuação
2026-04-08,872,14,509,pontuação
2026-03-21,7,34,837,pontuação
2026-02-12,354,24,245,pontuação
2026-04-09,750,37,948,pontuação
2026-03-20,799,12,29,pontuação
2026-03-31,604,38,14,pontuação
2026-03-01,388,15,418,pontuação
2026-04-07,427,18,945,pontuação
2026-01-16,143,31,528,pontuação
2026-03-17,658,24,832,pontuação
2026-01-05,292,19,572,pontuação
2026-02-01,279,2,211,pontuação
2026-03-31,17,2,432,pontuação
2026-04-23,460,14,674,pontuação
2026-01-15,619,14,258,pontuação
2026-01-14,958,16,76,pontuação
2026-03-03,168,19,684,pontuação
2026-03-31,365,23,34,pontuação
2026-04-04,939,33,777,pontuação
2026-02-19,614,32,420,pontuação
2026-03-12,208,38,431,pontuação
2026-01-30,633,8,234,pontuação
2026-01-16,579,35,424,pontuação
2026-01-12,911,39,382,pontuação
2026-01-14,458,40,220,pontuação
2026-02-16,901,18,157,pontuação
2026-03-26,985,39,649,pontuação
2026-03-25,158,5,562,pontuação
2026-04-21,909,32,652,pontuação
2026-04-26,743,2,374,pontuação
2026-03-28,36,22,52,pontuação
2026-03-23,667,4,179,pontuação
2026-03-03,976,9,94,pontuação
2026-05-03,702,14,408,pontuação
2026-03-02,494,18,835,pontuação
2026-01-14,177,28,47,pontuação
2026-03-16,558,10,83,pontuação
2026-02-19,926,27,739,pontuação
2026-02-16,855,22,979,pontuação
2026-04-04,280,16,932,pontuação
2026-03-13,419,29,536,pontuação
2026-01-10,267,12,809,pontuação
2026-01-20,27,33,946,pontuação
2026-04-01,333,20,611,pontuação
2026-01-09,53,11,737,pontuação
2026-04-21,271,37,470,pontuação
2026-04-14,650,5,137,pontuação
2026-01-02,219,24,917,pontuação
2026-02-24,22,35,331,pontuação
2026-03-12,13,10,275,pontuação
2026-03-03,375,5,711,pontuação
2026-02-05,716,11,155,pontuação
2026-02-11,194,34,244,pontuação
2026-01-15,129,26,550,pontuação
2026-01-01,72,7,586,pontuação
2026-04-05,914,11,546,pontuação
2026-04-26,457,26,537,pontuação
2026-02-09,718,28,379,pontuação
2026-03-17,793,28,660,pontuação
2026-03-25,296,12,767,pontuação
2026-02-18,249,30,664,pontuação
2026-01-02,17,39,554,pontuação
2026-02-17,271,20,285,pontuação
2026-05-04,658,25,231,pontuação
2026-04-14,673,36,537,pontuação
2026-04-13,880,27,29,pontuação
2026-03-08,883,22,78,pontuação
2026-01-27,969,35,478,pontuação
2026-03-29,82,36,71,pontuação
2026-03-31,106,26,616,pontuação
2026-02-28,304,24,972,pontuação
2026-04-05,666,23,956,pontuação
2026-01-25,737,25,610,pontuação
2026-03-28,647,5,513,pontuação
2026-04-23,521,27,222,pontuação
2026-03-29,637,13,486,pontuação
2026-03-02,555,15,727,pontuação
2026-02-18,536,24,721,pontuação
2026-04-07,489,26,778,pontuação
2026-04-13,328,38,927,pontuação
2026-02-06,37,31,454,pontuação
2026-01-24,145,14,608,pontuação
2026-01-30,468,28,28,pontuação
2026-01-02,975,38,902,pontuação
2026-01-31,161,4,867,pontuação
2026-03-08,51,31,628,pontuação
2026-03-18,1,34,407,pontuação
2026-02-27,983,3,966,pontuação
2026-01-05,404,24,329,pontuação
2026-01-08,342,17,723,pontuação
2026-02-14,571,26,810,pontuação
2026-02-25,835,37,261,pontuação
2026-04-24,100,40,424,pontuação
2026-04-08,677,33,27,pontuação
2026-04-12,205,40,29,pontuação
2026-01-08,742,33,527,pontuação
2026-05-01,996,5,738,pontuação
2026-02-23,795,26,274,pontuação
2026-01-05,677,10,684,pontuação
2026-02-11,441,26,330,pontuação
2026-01-30,242,36,228,pontuação
2026-03-09,443,21,753,pontuação
2026-01-07,511,21,233,pontuação
2026-03-10,163,27,486,pontuação
2026-01-19,23,32,847,pontuação
2026-02-25,906,14,750,pontuação
2026-03-21,681,25,695,pontuação
2026-02-25,817,5,981,pontuação
2026-03-12,700,23,487,pontuação
2026-04-02,387,17,133,pontuação
2026-02-04,768,30,646,pontuação
2026-01-13,853,30,105,pontuação
2026-03-11,654,9,40,pontuação
2026-04-25,542,38,185,pontuação
2026-03-28,333,2,907,pontuação
2026-02-02,119,14,152,pontuação
2026-01-05,958,30,591,pontuação
2026-03-19,319,30,809,pontuação
2026-03-24,459,26,103,pontuação
2026-02-26,255,35,797,pontuação
2026-03-28,671,7,302,pontuação
2026-01-31,136,25,975,pontuação
2026-02-22,704,4,919,pontuação
2026-01-21,789,37,151,pontuação
2026-03-30,769,31,560,pontuação
2026-03-10,97,9,618,pontuação
2026-04-20,227,40,459,pontuação
2026-04-16,217,27,612,pontuação
2026-03-26,721,2,359,pontuação
2026-02-05,625,11,270,pontuação
2026-04-02,460,10,572,pontuação
2026-01-06,718,12,841,pontuação
2026-02-14,270,22,662,pontuação
2026-04-20,389,7,347,pontuação
2026-03-27,496,29,420,pontuação
2026-03-02,108,24,562,pontuação
2026-01-04,229,29,736,pontuação
2026-01-04,858,24,379,pontuação
2026-02-04,334,11,806,pontuação
2026-01-03,837,7,469,pontuação
2026-04-27,35,32,22,pontuação
2026-03-21,179,20,470,pontuação
2026-01-19,200,7,4,pontuação
2026-04-29,551,21,195,pontuação
2026-04-01,320,27,170,pontuação
2026-01-14,306,12,905,pontuação
2026-02-20,441,9,934,pontuação
2026-01-09,815,10,149,pontuação
2026-03-29,13,29,255,pontuação
2026-03-11,478,1,170,pontuação
2026-04-29,909,10,489,pontuação
2026-04-28,67,37,69,pontuação
2026-02-26,328,14,49,pontuação
2026-03-24,221,8,564,pontuação
2026-02-08,328,20,801,pontuação
2026-04-28,791,11,281,pontuação
2026-04-11,556,25,448,pontuação
2026-03-14,4,20,256,pontuação
2026-03-19,849,25,969,pontuação
2026-02-12,184,5,993,pontuação
2026-01-03,715,7,811,pontuação
2026-05-05,580,6,892,pontuação
2026-03-16,917,1,573,pontuação
2026-03-15,304,1,423,pontuação
2026-03-28,7,39,11,pontuação
2026-05-05,805,7,780,pontuação
2026-03-26,597,27,874,pontuação
2026-03-07,805,39,217,pontuação
2026-02-14,491,25,460,pontuação
2026-01-07,445,16,309,pontuação
2026-01-04,708,16,150,pontuação
2026-04-27,870,24,382,pontuação
2026-03-05,538,18,225,pontuação
2026-03-25,64,33,463,pontuação
2026-04-24,475,3,82,pontuação
2026-02-01,902,27,931,pontuação
2026-03-17,470,31,649,pontuação
2026-03-25,591,35,231,pontuação
2026-02-07,923,36,424,pontuação
2026-04-08,853,9,538,pontuação
2026-03-25,209,15,522,pontuação
2026-01-31,585,17,240,pontuação
2026-02-22,901,22,459,pontuação
2026-04-01,807,10,740,pontuação
2026-02-01,931,1,987,pontuação
2026-01-17,526,9,194,pontuação
2026-05-02,451,13,900,pontuação
2026-01-22,585,30,692,pontuação
2026-05-04,450,23,802,pontuação
2026-01-18,683,9,518,pontuação
2026-01-15,223,21,975,pontuação
2026-03-05,692,16,999,pontuação
2026-01-26,532,26,507,pontuação
2026-02-28,253,32,204,pontuação
2026-01-01,763,11,383,pontuação
2026-03-03,886,37,930,pontuação
2026-01-14,416,8,343,pontuação
2026-03-28,476,17,973,pontuação
2026-03-24,810,4,723,pontuação
2026-03-09,996,26,161,pontuação
2026-02-10,543,33,460,pontuação
2026-03-10,403,40,758,pontuação
2026-03-06,177,17,744,pontuação
2026-01-13,421,22,292,pontuação
2026-01-29,941,17,92,pontuação
2026-04-17,816,8,978,pontuação
2026-01-25,403,38,491,pontuação
2026-02-13,879,25,519,pontuação
2026-04-19,742,3,873,pontuação
2026-04-17,583,14,251,pontuação
2026-03-17,123,25,1000,pontuação
2026-02-11,581,10,259,pontuação
2026-02-05,23,10,405,pontuação
2026-02-06,346,20,978,pontuação
2026-02-20,21,12,715,pontuação
2026-01-17,1000,2,1000,pontuação
2026-04-08,556,36,537,pontuação
2026-03-12,75,17,722,pontuação
2026-03-04,311,3,184,pontuação
2026-01-11,781,33,325,pontuação
2026-01-04,65,37,516,pontuação
2026-04-02,420,33,408,pontuação
2026-03-08,918,11,955,pontuação
2026-03-03,150,20,900,pontuação
2026-04-10,266,34,359,pontuação
2026-02-09,232,29,151,pontuação
2026-02-06,922,39,756,pontuação
2026-02-28,393,9,176,pontuação
2026-04-12,329,24,312,pontuação
2026-04-25,878,8,979,pontuação
2026-03-07,368,2,239,pontuação
2026-04-15,572,28,703,pontuação
2026-04-06,375,37,247,pontuação
2026-03-25,183,24,755,pontuação
2026-01-03,248,1,539,pontuação
2026-01-05,702,35,252,pontuação
2026-04-18,294,13,188,pontuação
2026-03-12,912,23,419,pontuação
2026-03-07,312,24,898,pontuação
2026-04-10,985,31,381,pontuação
2026-04-12,458,16,953,pontuação
2026-02-07,733,7,3,pontuação
2026-04-26,400,10,415,pontuação
2026-04-02,589,17,698,pontuação
2026-02-25,896,9,48,pontuação
2026-01-25,507,38,994,pontuação
2026-01-17,108,2,749,pontuação
2026-01-18,647,4,821,pontuação
2026-01-08,86,17,559,pontuação
2026-02-14,539,39,292,pontuação
2026-01-04,993,25,276,pontuação
2026-03-13,845,36,984,pontuação
2026-01-30,841,40,754,pontuação
2026-03-21,208,17,397,pontuação
2026-02-25,932,5,743,pontuação
2026-01-10,973,9,266,pontuação
2026-01-09,646,4,521,pontuação
2026-03-07,952,9,505,pontuação
2026-02-24,948,13,962,pontuação
2026-03-05,309,32,710,pontuação
2026-03-25,455,26,562,pontuação
2026-03-13,185,9,835,pontuação
2026-03-13,577,26,444,pontuação
2026-04-27,544,23,926,pontuação
2026-02-12,147,20,456,pontuação
2026-03-28,121,20,900,pontuação
2026-01-10,801,3,178,pontuação
2026-01-31,247,36,368,pontuação
2026-01-23,781,40,362,pontuação
2026-03-24,847,24,395,pontuação
2026-01-27,692,25,942,pontuação
2026-03-08,526,10,142,pontuação
2026-02-18,343,5,89,pontuação
2026-02-11,240,7,38,pontuação
2026-03-21,174,29,627,pontuação
2026-04-13,644,13,72,pontuação
2026-03-18,869,32,756,pontuação
2026-04-09,486,28,26,pontuação
2026-03-11,705,14,77,pontuação
2026-04-10,819,23,759,pontuação
2026-02-04,747,40,42,pontuação
2026-05-04,22,14,707,pontuação
2026-04-26,294,27,844,pontuação
2026-01-26,349,28,541,pontuação
2026-01-24,477,15,290,pontuação
2026-03-20,693,1,710,pontuação
2026-02-28,969,33,75,pontuação
2026-02-20,488,5,588,pontuação
2026-04-03,385,30,390,pontuação
2026-02-20,804,33,51,pontuação
2026-01-12,707,10,481,pontuação
2026-02-05,232,38,836,pontuação
2026-04-05,638,31,374,pontuação
2026-03-16,534,10,659,pontuação
2026-04-20,896,24,967,pontuação
2026-03-12,256,18,121,pontuação
2026-01-09,348,34,159,pontuação
2026-02-01,854,38,363,pontuação
2026-01-31,578,36,15,pontuação
2026-04-30,790,16,642,pontuação
2026-02-08,794,13,711,pontuação
2026-04-19,720,10,629,pontuação
2026-03-17,92,36,403,pontuação
2026-01-21,138,16,871,pontuação
2026-03-06,499,36,186,pontuação
2026-03-05,777,18,239,pontuação
2026-02-27,237,3,127,pontuação
2026-01-31,876,8,86,pontuação
2026-04-28,462,28,269,pontuação
2026-04-29,267,30,661,pontuação
2026-02-06,770,38,719,pontuação
2026-04-19,500,3,4,pontuação
2026-04-28,896,17,32,pontuação
2026-04-17,111,28,67,pontuação
2026-01-27,837,29,241,pontuação
2026-03-15,470,37,395,pontuação
2026-04-01,631,7,103,pontuação
2026-01-06,379,36,857,pontuação
2026-01-07,958,3,379,pontuação
2026-04-30,88,36,135,pontuação
2026-04-14,783,18,852,pontuação
2026-03-29,493,33,35,pontuação
2026-04-10,300,36,959,pontuação
2026-04-04,680,12,881,pontuação
2026-01-23,355,25,580,pontuação
2026-02-06,537,27,1000,pontuação
2026-04-29,271,19,151,pontuação
2026-01-01,849,37,455,pontuação
2026-01-02,210,8,424,pontuação
2026-04-12,990,34,140,pontuação
2026-01-24,923,24,374,pontuação
2026-01-05,386,2,48,pontuação
2026-02-17,242,4,803,pontuação
2026-02-22,50,38,118,pontuação
2026-03-08,261,17,620,pontuação
2026-03-16,573,35,569,pontuação
2026-03-19,631,21,734,pontuação
2026-02-22,478,25,888,pontuação
2026-02-16,296,25,514,pontuação
2026-04-01,208,27,820,pontuação
2026-04-06,802,23,293,pontuação
2026-03-07,534,24,309,pontuação
2026-05-02,633,28,928,pontuação
2026-04-05,671,37,685,pontuação
2026-01-21,52,26,820,pontuação
2026-02-20,166,8,646,pontuação
2026-02-01,432,36,391,pontuação
2026-04-21,733,13,180,pontuação
2026-01-28,859,31,212,pontuação
2026-01-02,73,7,426,pontuação
2026-03-13,823,28,825,pontuação
2026-04-06,637,36,73,pontuação
2026-04-15,568,28,778,pontuação
2026-01-11,639,39,855,pontuação
2026-03-01,244,27,401,pontuação
2026-01-01,156,5,716,pontuação
2026-01-20,478,19,705,pontuação
2026-04-22,47,20,436,pontuação
2026-03-22,719,31,407,pontuação
2026-03-11,982,37,906,pontuação
2026-02-01,365,1,124,pontuação
2026-02-19,28,35,564,pontuação
2026-04-27,769,30,60,pontuação
2026-01-21,781,35,869,pontuação
2026-02-20,124,20,135,pontuação
2026-05-02,859,30,546,pontuação
2026-05-05,551,15,163,pontuação
2026-04-15,717,31,907,pontuação
2026-02-16,520,5,924,pontuação
2026-03-28,167,7,982,pontuação
2026-03-29,781,18,316,pontuação
2026-03-10,48,22,880,pontuação
2026-02-01,5,9,277,pontuação
2026-03-15,57,34,427,pontuação
2026-03-29,207,8,178,pontuação
2026-03-18,657,27,420,pontuação
2026-02-07,189,30,377,pontuação
2026-03-04,866,35,18,pontuação
2026-03-24,696,19,924,pontuação
2026-03-23,12,29,723,pontuação
2026-01-13,808,25,771,pontuação
2026-05-01,588,32,114,pontuação
2026-03-25,501,24,611,pontuação
2026-04-17,117,5,828,pontuação
2026-01-17,2,24,772,pontuação
2026-04-06,640,26,1000,pontuação
2026-01-24,894,3,629,pontuação
2026-02-27,453,36,528,pontuação
2026-02-10,274,36,380,pontuação
2026-02-18,164,24,422,pontuação
2026-02-03,160,24,824,pontuação
2026-02-14,793,32,433,pontuação
2026-01-16,758,23,997,pontuação
2026-03-13,525,34,50,pontuação
2026-03-01,879,16,128,pontuação
2026-02-04,37,4,277,pontuação
2026-02-17,344,13,850,pontuação
2026-03-29,990,40,946,pontuação
2026-01-21,556,21,750,pontuação
2026-01-15,877,7,219,pontuação
2026-04-09,744,23,21,pontuação
2026-02-13,840,6,804,pontuação
2026-02-27,894,9,70,pontuação
2026-02-07,215,3,789,pontuação
2026-02-18,805,33,442,pontuação
2026-04-15,336,39,993,pontuação
2026-04-18,441,6,385,pontuação
2026-04-11,713,37,118,pontuação
2026-04-10,266,8,36,pontuação
2026-05-02,3,22,444,pontuação
2026-03-03,912,11,569,pontuação
2026-04-23,773,20,252,pontuação
2026-03-13,656,18,408,pontuação
2026-02-22,695,23,15,pontuação
2026-04-12,217,22,515,pontuação
2026-05-03,539,7,701,pontuação
2026-03-26,226,39,169,pontuação
2026-02-22,773,3,248,pontuação
2026-01-13,124,15,977,pontuação
2026-01-18,214,36,839,pontuação
2026-02-07,663,32,987,pontuação
2026-03-17,505,2,390,pontuação
2026-01-05,502,11,23,pontuação
2026-02-16,117,34,407,pontuação
2026-03-27,812,34,956,pontuação
2026-03-27,519,17,108,pontuação
2026-03-11,336,6,889,pontuação
2026-02-02,400,10,171,pontuação
2026-04-01,782,39,710,pontuação
2026-03-28,688,36,608,pontuação
2026-03-10,11,31,414,pontuação
2026-01-28,305,34,738,pontuação
2026-02-27,655,6,990,pontuação
2026-02-05,396,4,735,pontuação
2026-01-05,910,6,644,pontuação
2026-04-22,131,4,637,pontuação
2026-01-19,431,18,62,pontuação
2026-02-08,482,14,229,pontuação
2026-01-17,32,25,401,pontuação
2026-03-03,871,9,30,pontuação
2026-02-02,18,10,429,pontuação
2026-03-10,525,2,497,pontuação
2026-03-25,145,23,787,pontuação
2026-02-14,576,13,853,pontuação
2026-03-19,810,20,817,pontuação
2026-05-03,319,27,157,pontuação
2026-01-22,3,19,684,pontuação
2026-03-16,91,27,729,pontuação
2026-04-18,857,21,279,pontuação
2026-02-18,553,35,105,pontuação
2026-04-02,248,40,241,pontuação
2026-02-17,746,11,779,pontuação
2026-03-04,720,20,570,pontuação
2026-03-08,713,38,95,pontuação
2026-03-22,970,21,264,pontuação
2026-03-31,951,33,286,pontuação
2026-02-26,831,22,648,pontuação
2026-02-12,191,30,595,pontuação
2026-03-27,280,25,176,pontuação
2026-04-19,428,16,253,pontuação
2026-04-15,604,13,300,pontuação
2026-03-20,422,27,243,pontuação
2026-02-28,935,37,925,pontuação
2026-01-08,977,6,87,pontuação
2026-01-17,600,16,364,pontuação
2026-01-15,617,6,328,pontuação
2026-04-30,731,5,816,pontuação
2026-04-07,250,35,971,pontuação
2026-04-25,744,3,987,pontuação
2026-02-11,359,30,575,pontuação
2026-04-01,380,30,734,pontuação
2026-03-18,23,21,53,pontuação
2026-04-15,989,27,669,pontuação
2026-04-23,830,30,943,pontuação
2026-03-22,610,2,662,pontuação
2026-01-13,816,4,180,pontuação
2026-02-08,842,15,596,pontuação
2026-03-16,991,6,284,pontuação
2026-03-24,466,37,678,pontuação
2026-01-08,544,32,805,pontuação
2026-03-30,842,19,889,pontuação
2026-01-08,340,35,496,pontuação
2026-02-25,206,20,883,pontuação
2026-03-22,75,13,604,pontuação
2026-01-29,433,9,982,pontuação
2026-04-22,218,12,217,pontuação
2026-01-30,692,25,802,pontuação
2026-01-20,171,38,541,pontuação
2026-02-12,670,22,263,pontuação
2026-01-16,793,32,219,pontuação
2026-03-02,901,8,858,pontuação
2026-04-27,356,29,368,pontuação
2026-01-05,838,1,506,pontuação
2026-03-17,961,29,390,pontuação
2026-04-06,31,36,460,pontuação
2026-03-11,621,13,17,pontuação
2026-02-28,399,16,367,pontuação
2026-01-25,405,24,618,pontuação
2026-01-12,686,14,93,pontuação
2026-02-26,746,36,949,pontuação
2026-01-28,609,15,424,pontuação
2026-04-02,968,29,913,pontuação
2026-05-01,801,24,537,pontuação
2026-04-30,268,24,278,pontuação
2026-04-10,817,32,790,pontuação
2026-01-04,311,10,870,pontuação
2026-02-14,279,7,35,pontuação
2026-02-09,725,1,413,pontuação
2026-01-30,685,28,342,pontuação
2026-01-09,550,37,899,pontuação
2026-02-05,812,29,767,pontuação
2026-01-13,905,9,36,pontuação
2026-02-03,550,11,3,pontuação
2026-03-12,194,6,711,pontuação
2026-01-22,981,26,480,pontuação
2026-03-26,255,39,466,pontuação
2026-05-02,704,33,291,pontuação
2026-05-03,253,9,208,pontuação
2026-03-02,534,39,495,pontuação
2026-04-21,496,39,835,pontuação
2026-04-28,638,17,595,pontuação
2026-03-18,807,23,293,pontuação
2026-01-31,673,32,598,pontuação
2026-04-05,725,15,80,pontuação
2026-03-23,184,2,220,pontuação
2026-02-12,700,11,85,pontuação
2026-04-07,325,38,518,pontuação
2026-03-26,996,35,396,pontuação
2026-01-10,60,3,286,pontuação
2026-04-24,256,17,697,pontuação
2026-05-01,584,40,794,pontuação
2026-02-01,447,39,724,pontuação
2026-03-22,531,12,967,pontuação
2026-02-04,90,23,39,pontuação
2026-01-02,978,13,837,pontuação
2026-03-20,502,35,795,pontuação
2026-02-17,777,29,423,pontuação
2026-04-20,149,15,70,pontuação
2026-02-14,751,29,897,pontuação
2026-02-14,620,5,462,pontuação
2026-02-10,77,15,990,pontuação
2026-04-16,90,36,545,pontuação
2026-04-03,114,38,471,pontuação
2026-03-09,316,1,363,pontuação
2026-02-08,128,31,848,pontuação
2026-03-28,983,14,595,pontuação
2026-02-25,283,31,419,pontuação
2026-04-16,933,20,436,pontuação
2026-05-01,608,26,435,pontuação
2026-03-30,116,16,391,pontuação
2026-01-04,176,35,658,pontuação
2026-03-13,707,29,449,pontuação
2026-04-27,666,13,350,pontuação
2026-03-12,373,31,745,pontuação
2026-03-26,846,10,871,pontuação
2026-04-15,247,18,511,pontuação
2026-02-25,87,14,316,pontuação
2026-03-04,234,38,762,pontuação
2026-03-02,66,13,89,pontuação
2026-04-15,422,17,451,pontuação
2026-04-14,763,34,96,pontuação
2026-01-28,996,10,524,pontuação
2026-02-18,16,11,367,pontuação
2026-02-03,18,22,101,pontuação
2026-01-06,531,18,872,pontuação
2026-02-16,167,13,388,pontuação
2026-04-22,676,24,16,pontuação
2026-03-26,255,14,745,pontuação
2026-04-24,557,27,738,pontuação
2026-01-18,356,16,667,pontuação
2026-02-07,365,22,22,pontuação
2026-01-12,393,40,430,pontuação
2026-04-09,249,39,402,pontuação
2026-05-04,162,11,341,pontuação
2026-01-27,834,9,359,pontuação
2026-02-02,217,9,419,pontuação
2026-01-22,91,12,112,pontuação
2026-01-06,736,5,992,pontuação
2026-03-13,469,17,856,pontuação
2026-04-10,153,22,772,pontuação
2026-01-03,896,33,123,pontuação
2026-05-01,682,33,307,pontuação
2026-01-15,453,20,172,pontuação
2026-03-19,109,22,958,pontuação
2026-04-17,715,5,707,pontuação
2026-02-23,951,25,367,pontuação
2026-01-02,189,21,223,pontuação
2026-04-08,935,17,423,pontuação
2026-01-22,51,38,856,pontuação
2026-02-16,183,39,423,pontuação
2026-01-09,873,1,78,pontuação
2026-02-23,554,20,255,pontuação
2026-02-16,77,28,326,pontuação
2026-02-28,762,21,999,pontuação
2026-02-11,903,21,972,pontuação
2026-03-22,398,21,425,pontuação
2026-05-01,277,2,588,pontuação
2026-01-03,447,4,10,pontuação
2026-04-07,693,9,541,pontuação
2026-05-04,786,3,618,pontuação
2026-01-16,303,36,626,pontuação
2026-02-26,72,21,999,pontuação
2026-03-13,562,30,856,pontuação
2026-02-23,265,24,319,pontuação
2026-02-24,869,10,209,pontuação
2026-03-02,226,12,772,pontuação
2026-03-04,593,39,88,pontuação
2026-02-18,738,11,650,pontuação
2026-05-05,180,15,449,pontuação
2026-02-26,255,5,435,pontuação
2026-01-25,727,9,909,pontuação
2026-02-08,418,14,444,pontuação
2026-03-16,748,25,987,pontuação
2026-01-21,166,25,316,pontuação
2026-03-01,933,9,839,pontuação
2026-03-30,248,19,157,pontuação
2026-01-06,434,25,127,pontuação
2026-01-09,244,1,324,pontuação
2026-02-05,971,21,785,pontuação
2026-03-04,468,23,547,pontuação
2026-03-09,207,5,564,pontuação
2026-04-04,269,13,44,pontuação
2026-03-07,125,39,970,pontuação
2026-03-31,415,36,465,pontuação
2026-04-24,434,7,187,pontuação
2026-02-23,232,40,276,pontuação
2026-05-05,304,34,299,pontuação
2026-01-11,482,35,728,pontuação
2026-02-12,464,35,534,pontuação
2026-01-02,366,28,786,pontuação
2026-03-04,74,1,950,pontuação
2026-03-02,422,18,809,pontuação
2026-04-10,900,20,133,pontuação
2026-03-25,105,28,746,pontuação
2026-01-30,503,31,656,pontuação
2026-01-15,782,20,987,pontuação
2026-01-18,236,7,904,pontuação
2026-04-01,346,2,722,pontuação
2026-02-08,192,16,698,pontuação
2026-04-13,362,36,675,pontuação
2026-01-11,452,17,219,pontuação
2026-03-25,966,32,90,pontuação
2026-05-01,498,36,111,pontuação
2026-02-23,999,11,898,pontuação
2026-01-15,783,7,990,pontuação
2026-01-11,134,19,444,pontuação
2026-03-03,751,5,989,pontuação
2026-03-11,879,3,240,pontuação
2026-04-23,79,12,411,pontuação
2026-04-03,367,34,904,pontuação
2026-04-20,207,40,37,pontuação
2026-03-21,817,37,170,pontuação
2026-02-05,132,40,536,pontuação
2026-01-08,639,9,238,pontuação
2026-03-24,609,10,748,pontuação
2026-04-21,669,3,314,pontuação
2026-02-01,857,31,942,pontuação
2026-03-11,109,11,332,pontuação
2026-02-02,462,31,649,pontuação
2026-03-10,58,1,127,pontuação
2026-02-27,446,26,128,pontuação
2026-02-17,186,16,912,pontuação
2026-02-10,567,40,80,pontuação
2026-02-25,147,8,418,pontuação
2026-03-09,511,32,144,pontuação
2026-03-05,730,16,309,pontuação
2026-01-26,929,8,877,pontuação
2026-04-19,57,14,357,pontuação
2026-03-17,721,37,181,pontuação
2026-02-02,147,26,760,pontuação
2026-04-17,880,8,159,pontuação
2026-04-22,820,8,900,pontuação
2026-03-14,636,33,491,pontuação
2026-02-04,29,35,950,pontuação
2026-03-13,155,32,112,pontuação
2026-04-11,497,20,80,pontuação
2026-03-04,307,17,75,pontuação
2026-04-29,768,33,483,pontuação
2026-03-12,694,29,335,pontuação
2026-05-01,179,5,226,pontuação
2026-02-10,665,5,15,pontuação
2026-02-12,262,25,531,pontuação
2026-02-11,146,29,817,pontuação
2026-02-01,116,6,967,pontuação
2026-03-14,915,9,210,pontuação
2026-04-05,442,2,164,pontuação
2026-02-09,419,32,64,pontuação
2026-02-20,156,35,850,pontuação
2026-01-14,927,33,526,pontuação
2026-03-14,849,32,784,pontuação
2026-01-24,110,13,256,pontuação
2026-02-09,989,40,467,pontuação
2026-01-17,110,24,64,pontuação
2026-01-15,888,2,613,pontuação
2026-05-04,330,29,547,pontuação
2026-02-01,449,11,302,pontuação
2026-05-02,361,25,321,pontuação
2026-02-18,727,2,443,pontuação
2026-03-25,279,14,809,pontuação
2026-03-14,275,21,877,pontuação
2026-02-15,460,15,524,pontuação
2026-04-16,8,26,677,pontuação
2026-03-29,879,36,163,pontuação
2026-02-14,251,1,385,pontuação
2026-02-16,725,8,288,pontuação
2026-04-18,694,34,272,pontuação
2026-05-04,928,14,624,pontuação
2026-02-16,647,6,708,pontuação
2026-01-07,823,15,69,pontuação
2026-04-02,380,29,339,pontuação
2026-04-10,530,3,82,pontuação
2026-01-12,214,4,633,pontuação
2026-02-26,386,22,601,pontuação
2026-04-19,372,11,11,pontuação
2026-02-22,7,36,589,pontuação
2026-04-04,784,1,83,pontuação
2026-03-22,474,40,579,pontuação
2026-04-29,653,7,693,pontuação
2026-04-10,97,4,660,pontuação
2026-03-18,665,21,422,pontuação
2026-03-18,14,5,422,pontuação
2026-02-05,645,1,955,pontuação
2026-05-05,20,4,864,pontuação
2026-01-21,649,7,217,pontuação
2026-01-16,15,10,842,pontuação
2026-01-10,304,16,124,pontuação
2026-04-25,889,40,483,pontuação
2026-01-28,403,7,374,pontuação
2026-01-01,773,8,283,pontuação
2026-03-13,678,19,134,pontuação
2026-04-07,53,16,465,pontuação
2026-05-01,434,3,224,pontuação
2026-01-06,295,26,51,pontuação
2026-03-28,518,23,274,pontuação
2026-04-15,151,12,164,pontuação
2026-03-16,603,20,956,pontuação
2026-02-03,830,36,80,pontuação
2026-02-18,904,30,278,pontuação
2026-04-25,81,2,627,pontuação
2026-01-21,383,13,791,pontuação
2026-02-27,787,15,839,pontuação
2026-04-05,170,30,630,pontuação
2026-04-18,596,36,281,pontuação
2026-05-02,656,8,411,pontuação
2026-03-20,268,1,853,pontuação
2026-01-19,557,14,42,pontuação
2026-02-19,972,32,950,pontuação
2026-01-11,897,38,468,pontuação
2026-03-20,124,13,657,pontuação
2026-02-09,150,12,814,pontuação
2026-03-17,30,18,32,pontuação
2026-03-12,964,32,425,pontuação
2026-01-12,744,13,779,pontuação
2026-03-10,657,34,196,pontuação
2026-01-13,806,39,550,pontuação
2026-04-25,609,5,617,pontuação
2026-04-20,761,23,546,pontuação
2026-01-31,506,26,910,pontuação
2026-04-10,348,28,511,pontuação
2026-04-11,16,19,161,pontuação
2026-02-28,458,2,44,pontuação
2026-03-01,514,21,731,pontuação
2026-03-10,423,32,718,pontuação
2026-02-11,342,36,264,pontuação
2026-04-19,969,40,603,pontuação
2026-05-01,173,39,394,pontuação
2026-05-05,419,8,681,pontuação
2026-01-13,285,38,570,pontuação
2026-02-21,275,36,539,pontuação
2026-04-30,156,9,87,pontuação
2026-03-13,341,21,815,pontuação
2026-02-28,145,33,396,pontuação
2026-01-18,606,38,693,pontuação
2026-03-03,243,7,534,pontuação
2026-01-19,627,13,437,pontuação
2026-02-07,747,12,112,pontuação
2026-03-21,87,18,537,pontuação
2026-04-17,264,13,968,pontuação
2026-03-15,425,32,397,pontuação
2026-01-22,811,27,457,pontuação
2026-04-05,394,23,197,pontuação
2026-01-27,34,40,298,pontuação
2026-02-15,95,2,352,pontuação
2026-01-15,78,21,282,pontuação
2026-01-17,727,7,786,pontuação
2026-03-18,496,8,449,pontuação
2026-03-03,975,27,800,pontuação
2026-01-23,569,29,71,pontuação
2026-02-25,628,6,870,pontuação
2026-01-15,446,13,137,pontuação
2026-02-12,845,40,982,pontuação
2026-05-01,819,25,599,pontuação
2026-05-01,44,10,695,pontuação
2026-02-08,303,7,325,pontuação
2026-01-11,105,25,691,pontuação
2026-03-20,870,7,261,pontuação
2026-02-20,564,2,86,pontuação
2026-03-10,329,15,213,pontuação
2026-02-03,438,10,833,pontuação
2026-01-22,70,36,931,pontuação
2026-04-23,949,29,529,pontuação
2026-03-21,607,30,916,pontuação
2026-03-22,571,33,300,pontuação
2026-01-25,440,29,676,pontuação
2026-04-11,901,31,32,pontuação
2026-03-24,868,21,891,pontuação
2026-01-22,842,17,366,pontuação
2026-03-02,515,26,320,pontuação
2026-01-21,525,6,804,pontuação
2026-03-28,944,8,784,pontuação
2026-01-27,437,18,338,pontuação
2026-03-17,32,19,606,pontuação
2026-03-29,95,6,655,pontuação
2026-01-09,213,17,606,pontuação
2026-01-09,555,35,637,pontuação
2026-02-02,820,12,691,pontuação
2026-04-19,529,13,297,pontuação
2026-03-26,951,3,64,pontuação
2026-02-17,230,32,837,pontuação
2026-02-09,544,22,795,pontuação
2026-03-24,453,35,401,pontuação
2026-02-26,841,10,405,pontuação
2026-02-04,260,29,452,pontuação
2026-04-15,704,37,90,pontuação
2026-04-29,871,33,342,pontuação
2026-04-24,297,25,377,pontuação
2026-04-27,465,21,393,pontuação
2026-04-09,442,2,334,pontuação
2026-03-13,200,1,59,pontuação
2026-01-11,398,32,771,pontuação
2026-04-23,516,11,138,pontuação
2026-04-22,251,18,350,pontuação
2026-04-05,901,32,357,pontuação
2026-03-27,426,12,519,pontuação
2026-03-12,701,8,556,pontuação
2026-03-03,650,18,135,pontuação
2026-02-07,5,26,258,pontuação
2026-03-09,996,3,549,pontuação
2026-01-27,272,16,298,pontuação
2026-04-18,241,9,329,pontuação
2026-03-08,584,35,758,pontuação
2026-04-25,723,14,389,pontuação
2026-02-15,512,40,354,pontuação
2026-03-09,341,16,773,pontuação
2026-01-26,639,20,407,pontuação
2026-01-05,220,15,55,pontuação
2026-03-04,206,11,165,pontuação
2026-04-01,564,17,108,pontuação
2026-03-01,895,4,696,pontuação
2026-03-24,975,24,870,pontuação
2026-01-03,21,4,192,pontuação
2026-04-01,298,19,711,pontuação
2026-03-19,756,31,142,pontuação
2026-01-26,314,39,709,pontuação
2026-03-23,175,39,416,pontuação
2026-03-21,20,34,799,pontuação
2026-01-13,19,22,286,pontuação
2026-04-19,226,41,903,pontuação
2026-04-16,887,41,911,pontuação
2026-02-03,787,41,246,pontuação
2026-04-23,971,41,870,pontuação
2026-01-27,301,41,1142,pontuação
2026-02-20,285,41,831,pontuação
2026-02-14,45,41,1294,pontuação
2026-01-05,191,41,403,pontuação
2026-04-27,405,41,1316,pontuação
2026-04-30,901,41,942,pontuação
2026-03-18,93,41,221,pontuação
2026-03-20,722,41,1385,pontuação
2026-03-10,16,41,1441,pontuação
2026-01-26,351,41,356,pontuação
2026-02-08,173,41,99,pontuação
2026-03-25,247,41,389,pontuação
2026-01-05,321,41,142,pontuação
2026-02-17,569,41,1072,pontuação
2026-04-26,162,41,680,pontuação
2026-04-30,602,41,318,pontuação
2026-04-18,288,41,338,pontuação
2026-05-04,770,41,225,pontuação
2026-04-11,278,41,732,pontuação
2026-01-02,224,41,38,pontuação
2026-02-01,913,41,734,pontuação
2026-04-18,345,41,797,pontuação
2026-02-07,29,41,887,pontuação
2026-02-10,125,41,440,pontuação
2026-03-29,776,41,1009,pontuação
2026-02-11,82,41,433,pontuação
2026-04-11,907,41,317,pontuação
2026-04-22,600,41,693,pontuação
2026-04-19,842,41,142,pontuação
2026-03-21,388,41,42,pontuação
2026-04-19,933,41,1431,pontuação
2026-01-06,140,41,438,pontuação
2026-01-10,170,41,852,pontuação
2026-04-21,719,41,1166,pontuação
2026-01-12,240,41,891,pontuação
2026-02-05,989,41,294,pontuação
2026-03-03,814,41,221,pontuação
2026-02-21,10,41,861,pontuação
2026-01-08,329,41,1102,pontuação
2026-02-07,332,41,200,pontuação
2026-01-08,772,41,56,pontuação
2026-04-22,741,41,853,pontuação
2026-04-28,493,41,408,pontuação
2026-02-08,387,41,1480,pontuação
2026-04-13,221,41,565,pontuação
2026-02-14,188,41,204,pontuação
2026-04-24,191,41,540,pontuação
2026-04-02,544,41,1398,pontuação
2026-01-05,682,41,936,pontuação
2026-02-07,541,41,983,pontuação
2026-03-01,801,41,418,pontuação
2026-02-20,292,41,534,pontuação
2026-01-25,986,41,1360,pontuação
2026-04-20,802,41,1097,pontuação
2026-01-29,303,41,687,pontuação
2026-03-26,845,41,425,pontuação
2026-01-18,69,41,29,pontuação
2026-04-08,835,41,956,pontuação
2026-02-21,893,41,1394,pontuação
2026-02-28,289,41,181,pontuação
2026-02-09,713,41,1070,pontuação
2026-02-18,482,41,972,pontuação
2026-04-06,456,41,953,pontuação
2026-03-04,581,41,1148,pontuação
2026-01-13,292,41,822,pontuação
2026-03-17,407,41,1172,pontuação
2026-04-15,107,41,554,pontuação
2026-01-20,919,41,1130,pontuação
2026-03-22,508,41,1270,pontuação
2026-02-27,213,41,254,pontuação
2026-04-25,726,41,870,pontuação
2026-04-20,844,41,306,pontuação
2026-03-04,828,41,364,pontuação
2026-01-27,420,41,1366,pontuação
2026-01-25,535,41,1388,pontuação
2026-03-07,930,41,1120,pontuação
2026-03-05,85,41,1320,pontuação
2026-05-03,95,41,1198,pontuação
2026-03-11,258,41,386,pontuação
2026-04-10,78,41,743,pontuação
2026-01-23,266,41,890,pontuação
2026-04-24,283,41,1145,pontuação
2026-03-30,370,41,977,pontuação
2026-04-07,227,41,614,pontuação
2026-04-17,20,41,430,pontuação
2026-01-26,894,41,308,pontuação
2026-04-27,239,41,337,pontuação
2026-03-21,776,41,59,pontuação
2026-02-01,853,41,438,pontuação
2026-01-11,368,41,991,pontuação
2026-04-14,732,41,1090,pontuação
2026-04-02,117,41,1147,pontuação
2026-01-20,264,41,1058,pontuação
2026-04-20,292,41,597,pontuação
2026-04-18,977,41,491,pontuação
2026-03-26,475,41,134,pontuação
2026-01-01,317,41,854,pontuação
2026-04-17,72,41,920,pontuação
2026-02-26,544,41,874,pontuação
2026-02-14,667,41,729,pontuação
2026-01-03,281,41,452,pontuação
2026-04-12,966,41,1286,pontuação
2026-03-07,264,41,451,pontuação
2026-04-14,501,41,843,pontuação
2026-03-23,973,41,1418,pontuação
2026-04-30,13,41,337,pontuação
2026-01-12,246,41,1380,pontuação
2026-02-18,267,41,50,pontuação
2026-02-07,429,41,1014,pontuação
2026-03-10,901,41,908,pontuação
2026-04-02,459,41,67,pontuação
2026-03-01,184,41,169,pontuação
2026-03-26,336,41,711,pontuação
2026-02-21,372,41,1496,pontuação
2026-01-10,400,41,1497,pontuação
2026-04-29,729,41,641,pontuação
2026-05-03,432,41,58,pontuação
2026-01-01,574,41,711,pontuação
2026-02-15,944,41,890,pontuação
2026-03-24,483,41,786,pontuação
2026-02-03,742,41,1246,pontuação
2026-01-26,646,41,1381,pontuação
2026-03-16,495,41,1274,pontuação
2026-03-27,499,41,497,pontuação
2026-01-05,76,41,886,pontuação
2026-02-01,916,41,52,pontuação
2026-02-08,906,41,65,pontuação
2026-01-09,244,41,1068,pontuação
2026-01-08,703,41,1199,pontuação
2026-05-02,343,41,659,pontuação
2026-01-23,490,41,460,pontuação
2026-04-09,818,41,548,pontuação
2026-01-03,476,41,504,pontuação
2026-04-16,173,41,1419,pontuação
2026-02-08,598,41,1455,pontuação
2026-03-11,536,41,1346,pontuação
2026-01-29,990,41,19,pontuação
2026-03-24,378,41,255,pontuação
2026-04-04,905,41,1488,pontuação
2026-05-03,912,41,1255,pontuação
2026-01-13,533,41,1149,pontuação
2026-02-04,94,41,1047,pontuação
2026-02-12,522,41,136,pontuação
2026-01-12,778,41,1113,pontuação
2026-03-10,686,41,25,pontuação
2026-02-04,192,41,1481,pontuação
2026-03-14,512,41,1000,pontuação
2026-02-01,547,41,448,pontuação
2026-04-08,454,41,206,pontuação
2026-03-11,55,41,1496,pontuação
2026-02-26,197,41,301,pontuação
2026-02-23,617,41,763,pontuação
2026-01-12,691,41,1494,pontuação
2026-03-06,872,41,490,pontuação
2026-03-18,910,41,854,pontuação
2026-01-05,527,41,943,pontuação
2026-03-17,428,41,435,pontuação
2026-04-29,41,41,413,pontuação
2026-02-12,444,41,977,pontuação
2026-04-14,752,41,799,pontuação
2026-03-17,416,41,1105,pontuação
2026-04-06,772,41,1251,pontuação
2026-01-08,567,41,991,pontuação
2026-05-01,965,41,808,pontuação
2026-03-01,838,41,324,pontuação
2026-02-12,615,41,94,pontuação
2026-04-25,364,41,1330,pontuação
2026-04-01,176,41,854,pontuação
2026-04-01,668,41,997,pontuação
2026-04-02,431,41,1070,pontuação
2026-01-24,89,41,1347,pontuação
2026-03-17,417,41,1056,pontuação
2026-03-01,620,41,1252,pontuação
2026-04-19,278,41,328,pontuação
2026-03-30,431,41,1219,pontuação
2026-01-08,532,41,1211,pontuação
2026-03-22,944,41,62,pontuação
2026-04-06,785,41,588,pontuação
2026-04-05,809,41,1425,pontuação
2026-03-12,203,41,1391,pontuação
2026-01-26,621,41,1033,pontuação
2026-03-24,855,41,367,pontuação
2026-04-25,384,41,17,pontuação
2026-04-05,547,41,904,pontuação
2026-04-12,636,41,961,pontuação
2026-03-14,952,41,547,pontuação
2026-03-07,956,41,1473,pontuação
2026-01-06,502,41,30,pontuação
2026-01-19,87,41,758,pontuação
2026-04-21,808,41,282,pontuação
2026-02-12,828,41,117,pontuação
2026-03-04,744,41,360,pontuação
2026-04-10,884,41,749,pontuação
2026-01-03,111,41,494,pontuação
2026-03-29,992,41,634,pontuação
2026-03-27,51,41,485,pontuação
2026-03-14,624,41,1261,pontuação
2026-03-05,624,41,1277,pontuação
2026-03-17,742,41,892,pontuação
2026-04-16,898,41,389,pontuação
2026-02-26,63,41,854,pontuação
2026-04-19,241,41,1470,pontuação
2026-02-11,888,41,1257,pontuação
2026-02-01,529,41,72,pontuação
2026-04-23,267,41,386,pontuação
2026-02-08,660,41,480,pontuação
2026-02-10,298,41,771,pontuação
2026-02-05,935,41,241,pontuação
2026-04-29,137,41,524,pontuação
2026-01-18,740,41,95,pontuação
2026-01-02,409,41,490,pontuação
2026-03-13,961,41,1284,pontuação
2026-03-01,501,41,1119,pontuação
2026-01-26,101,41,32,pontuação
2026-01-24,680,41,1450,pontuação
2026-04-09,233,41,800,pontuação
2026-02-10,380,41,1251,pontuação
2026-01-20,196,41,867,pontuação
2026-02-15,701,41,94,pontuação
2026-03-20,721,41,536,pontuação
2026-02-26,359,41,524,pontuação
2026-04-19,926,41,1242,pontuação
2026-01-14,825,41,1157,pontuação
2026-01-01,535,41,1357,pontuação
2026-03-22,194,41,544,pontuação
2026-02-13,826,41,310,pontuação
2026-01-26,728,41,1342,pontuação
2026-04-25,970,41,682,pontuação
2026-01-07,957,41,281,pontuação
2026-01-20,11,41,1385,pontuação
2026-04-13,265,41,231,pontuação
2026-01-10,933,41,1307,pontuação
2026-04-24,10,41,288,pontuação
2026-03-30,351,41,547,pontuação
2026-02-08,369,41,205,pontuação
2026-02-13,605,41,1061,pontuação
2026-01-30,79,41,532,pontuação
2026-04-24,789,41,648,pontuação
2026-03-31,485,41,694,pontuação
2026-04-09,617,41,454,pontuação
2026-02-06,523,41,1326,pontuação
2026-01-20,343,41,707,pontuação
2026-01-26,219,41,1427,pontuação
2026-02-09,57,41,208,pontuação
2026-04-22,672,41,571,pontuação
2026-01-10,83,41,67,pontuação
2026-04-01,488,41,1316,pontuação
2026-02-27,364,41,1009,pontuação
2026-02-13,733,41,1256,pontuação
2026-02-27,281,41,452,pontuação
2026-03-01,392,41,1448,pontuação
2026-03-29,515,41,252,pontuação
2026-04-21,376,41,337,pontuação
2026-02-06,34,41,190,pontuação
2026-02-27,484,41,608,pontuação
2026-04-26,960,41,1231,pontuação
2026-02-01,542,41,814,pontuação
2026-02-09,870,41,807,pontuação
2026-02-21,883,41,24,pontuação
2026-05-02,416,41,878,pontuação
2026-03-08,432,41,1499,pontuação
2026-02-01,244,41,86,pontuação
2026-01-16,876,41,995,pontuação
2026-02-06,20,41,1033,pontuação
2026-02-09,888,41,591,pontuação
2026-03-27,371,41,1331,pontuação
2026-05-01,297,41,248,pontuação
2026-03-29,271,41,1132,pontuação
2026-02-27,603,41,1343,pontuação
2026-03-18,549,41,1160,pontuação
2026-03-28,975,41,342,pontuação
2026-03-13,912,41,1263,pontuação
2026-01-25,664,41,215,pontuação
2026-04-02,971,41,552,pontuação
2026-03-04,966,41,584,pontuação
2026-05-05,168,41,693,pontuação
2026-04-23,961,41,1495,pontuação
2026-01-31,52,41,1152,pontuação
2026-02-26,122,41,855,pontuação
2026-01-23,732,41,1223,pontuação
2026-03-13,897,41,489,pontuação
2026-03-30,454,41,961,pontuação
2026-03-24,798,41,864,pontuação
2026-04-07,533,41,130,pontuação
2026-04-09,646,41,1433,pontuação
2026-01-06,318,41,44,pontuação
2026-01-05,130,41,1259,pontuação
2026-05-03,557,41,892,pontuação
2026-02-13,936,41,350,pontuação
2026-03-29,705,41,728,pontuação
2026-02-11,371,41,1093,pontuação
2026-04-28,981,41,44,pontuação
2026-02-07,974,41,1099,pontuação
2026-03-18,871,41,976,pontuação
2026-02-04,240,41,39,pontuação
2026-02-21,414,41,1165,pontuação
2026-03-01,632,41,423,pontuação
2026-01-30,803,41,1195,pontuação
2026-03-24,93,41,786,pontuação
2026-04-03,333,41,838,pontuação
2026-03-22,505,41,1281,pontuação
2026-03-10,395,41,166,pontuação
2026-03-31,997,41,392,pontuação
2026-04-07,678,41,328,pontuação
2026-01-04,751,41,1260,pontuação
2026-04-29,737,41,1062,pontuação
2026-02-27,472,41,918,pontuação
2026-05-03,137,41,774,pontuação
2026-02-09,920,41,1347,pontuação
2026-01-16,275,41,686,pontuação
2026-03-12,738,41,424,pontuação
2026-04-05,867,41,314,pontuação
2026-01-21,105,41,1291,pontuação
2026-04-20,995,41,1055,pontuação
2026-03-13,802,41,470,pontuação
2026-04-12,278,41,812,pontuação
2026-01-05,842,41,250,pontuação
2026-03-28,375,41,1321,pontuação
2026-02-11,612,41,489,pontuação
2026-04-11,20,41,730,pontuação
2026-01-05,145,41,1339,pontuação
2026-01-19,570,41,1259,pontuação
2026-04-22,808,41,887,pontuação
2026-02-07,503,41,1140,pontuação
2026-01-20,945,41,1117,pontuação
2026-04-26,201,41,627,pontuação
2026-03-20,304,41,1464,pontuação
2026-04-30,135,41,951,pontuação
2026-04-11,995,41,458,pontuação
2026-01-18,130,41,646,pontuação
2026-02-02,58,41,695,pontuação
2026-05-03,938,41,137,pontuação
2026-01-28,978,41,618,pontuação
2026-04-14,843,41,1165,pontuação
2026-03-24,894,41,1097,pontuação
2026-01-05,362,41,994,pontuação
2026-02-16,178,41,1217,pontuação
2026-01-27,387,41,1227,pontuação
2026-02-16,187,41,347,pontuação
2026-01-15,947,41,929,pontuação
2026-04-30,558,41,163,pontuação
2026-01-28,334,41,772,pontuação
2026-02-27,524,41,465,pontuação
2026-03-18,910,41,1246,pontuação
2026-02-21,508,41,926,pontuação
2026-03-31,922,41,124,pontuação
2026-02-18,237,41,270,pontuação
2026-02-11,896,41,1033,pontuação
2026-04-28,850,41,1370,pontuação
2026-04-24,325,41,98,pontuação
2026-01-04,800,41,1453,pontuação
2026-05-01,881,41,6,pontuação
2026-04-11,896,41,1168,pontuação
2026-05-01,4,41,1227,pontuação
2026-04-23,670,41,963,pontuação
2026-04-21,666,41,986,pontuação
2026-03-16,499,41,1112,pontuação
2026-04-29,229,41,516,pontuação
2026-04-01,105,41,517,pontuação
2026-04-17,482,41,147,pontuação
2026-03-31,61,41,908,pontuação
2026-01-24,146,41,480,pontuação
2026-02-27,834,41,849,pontuação
2026-04-06,988,41,733,pontuação
2026-02-18,422,41,326,pontuação
2026-03-17,211,41,1395,pontuação
2026-03-25,250,41,906,pontuação
2026-01-16,321,41,622,pontuação
2026-03-30,371,41,274,pontuação
2026-04-02,444,41,1223,pontuação
2026-04-16,963,41,1487,pontuação
2026-01-31,945,41,885,pontuação
2026-02-16,324,41,655,pontuação
2026-04-28,680,41,83,pontuação
2026-01-08,132,41,1351,pontuação
2026-01-29,750,41,1374,pontuação
2026-03-29,313,41,530,pontuação
2026-01-05,951,41,880,pontuação
2026-03-27,983,41,102,pontuação
2026-04-01,208,41,895,pontuação
2026-02-10,59,41,840,pontuação
2026-01-19,179,41,1339,pontuação
2026-03-12,331,41,645,pontuação
2026-01-20,460,41,1106,pontuação
2026-04-11,330,41,1105,pontuação
2026-01-26,613,41,158,pontuação
2026-01-29,694,41,772,pontuação
2026-01-02,847,41,11,pontuação
2026-01-30,187,41,695,pontuação
2026-01-07,813,41,1319,pontuação
2026-01-24,830,41,872,pontuação
2026-03-08,777,41,745,pontuação
2026-01-18,8,41,923,pontuação
2026-01-11,538,41,818,pontuação
2026-02-05,121,41,1001,pontuação
2026-01-27,797,41,1289,pontuação
2026-04-26,353,41,1329,pontuação
2026-02-17,604,41,100,pontuação
2026-02-18,257,41,1466,pontuação
2026-04-15,384,41,286,pontuação
2026-01-29,859,41,1165,pontuação
2026-01-31,604,41,417,pontuação
2026-03-23,87,41,759,pontuação
2026-05-05,315,41,1297,pontuação
2026-04-24,338,41,1191,pontuação
2026-04-08,433,41,1096,pontuação
2026-01-30,360,41,600,pontuação
2026-04-12,399,41,1104,pontuação
2026-04-02,172,41,957,pontuação
2026-01-28,700,41,331,pontuação
2026-03-20,302,41,456,pontuação
2026-04-22,1000,41,1020,pontuação
2026-04-21,908,41,1370,pontuação
2026-03-15,449,41,1107,pontuação
2026-04-24,609,41,1335,pontuação
2026-04-07,52,41,682,pontuação
2026-02-15,696,41,350,pontuação
2026-01-01,95,41,226,pontuação
2026-02-10,533,41,1203,pontuação
2026-04-21,216,41,365,pontuação
2026-03-02,818,41,953,pontuação
2026-04-25,98,41,594,pontuação
2026-04-18,124,41,790,pontuação
2026-01-30,380,41,80,pontuação
2026-02-16,120,41,1360,pontuação
2026-03-14,722,41,518,pontuação
2026-04-19,643,41,59,pontuação
2026-02-27,5,41,520,pontuação
2026-01-16,581,41,1136,pontuação
2026-03-09,157,41,1178,pontuação
2026-02-20,340,41,997,pontuação
2026-01-11,674,41,1345,pontuação
2026-01-08,601,41,1165,pontuação
2026-04-28,382,41,241,pontuação
2026-04-13,553,41,376,pontuação
2026-04-15,800,41,1314,pontuação
2026-01-02,872,41,1144,pontuação
2026-03-18,436,41,1208,pontuação
2026-03-18,93,41,969,pontuação
2026-02-02,625,41,944,pontuação
2026-04-28,817,41,480,pontuação
2026-05-03,152,41,628,pontuação
2026-02-12,431,41,688,pontuação
2026-01-10,555,41,580,pontuação
2026-04-12,679,41,896,pontuação
2026-02-04,17,41,640,pontuação
2026-03-23,50,41,380,pontuação
2026-03-21,376,41,664,pontuação
2026-03-30,307,41,965,pontuação
2026-01-22,507,41,1063,pontuação
2026-04-22,657,41,1006,pontuação
2026-02-04,87,41,1424,pontuação
2026-02-27,560,41,227,pontuação
2026-03-08,198,41,1325,pontuação
2026-01-15,655,41,644,pontuação
2026-03-13,937,41,808,pontuação
2026-01-22,51,41,432,pontuação
2026-04-19,926,41,1455,pontuação
2026-03-03,362,41,1218,pontuação
2026-01-16,737,41,653,pontuação
2026-01-04,621,41,1350,pontuação
2026-01-19,526,41,1199,pontuação
2026-04-21,29,41,42,pontuação
2026-02-11,676,41,893,pontuação
2026-03-14,561,41,951,pontuação
2026-03-29,9,41,1450,pontuação
2026-05-03,596,41,1198,pontuação
2026-02-11,680,41,1005,pontuação
2026-04-05,82,41,618,pontuação
2026-02-15,554,41,723,pontuação
2026-03-05,481,41,926,pontuação
2026-02-14,829,41,413,pontuação
2026-01-25,952,41,384,pontuação
2026-02-21,362,41,788,pontuação
2026-03-15,427,41,588,pontuação
2026-04-30,445,41,193,pontuação
2026-03-21,542,41,1032,pontuação
2026-03-13,242,41,1311,pontuação
2026-02-08,576,41,913,pontuação
2026-05-04,258,41,141,pontuação
2026-01-06,737,41,1182,pontuação
2026-01-03,786,41,954,pontuação
2026-04-19,510,41,1087,pontuação
2026-02-26,508,41,154,pontuação
2026-01-19,302,41,785,pontuação
2026-02-26,120,41,1350,pontuação
2026-03-13,916,41,330,pontuação
2026-02-11,887,41,263,pontuação
2026-01-06,336,41,234,pontuação
2026-01-31,519,41,1185,pontuação
2026-04-19,947,41,977,pontuação
2026-01-04,18,41,767,pontuação
2026-04-26,368,41,549,pontuação
2026-01-05,620,41,297,pontuação
2026-03-13,79,41,88,pontuação
2026-01-23,548,41,1082,pontuação
2026-01-13,535,41,352,pontuação
2026-03-09,571,41,249,pontuação
2026-04-28,468,41,470,pontuação
2026-03-30,990,41,1169,pontuação
2026-03-22,989,41,552,pontuação
2026-04-14,228,41,714,pontuação
2026-02-01,378,41,490,pontuação
2026-01-22,178,41,341,pontuação
2026-04-10,384,41,422,pontuação
2026-01-30,411,41,790,pontuação
2026-03-21,249,41,837,pontuação
2026-05-05,560,41,703,pontuação
2026-02-12,844,41,886,pontuação
2026-04-16,334,41,1459,pontuação
2026-04-18,370,41,1403,pontuação
2026-04-05,583,41,1128,pontuação
2026-04-05,269,41,1077,pontuação
2026-02-25,521,41,1398,pontuação
2026-03-22,909,41,179,pontuação
2026-02-05,122,41,861,pontuação
2026-04-13,255,41,855,pontuação
2026-02-02,938,41,1161,pontuação
2026-04-19,291,41,45,pontuação
2026-03-14,218,41,1184,pontuação
2026-04-15,154,41,137,pontuação
2026-05-03,597,41,977,pontuação
2026-03-23,488,41,1032,pontuação
2026-01-25,428,41,1010,pontuação
2026-01-09,14,41,1045,pontuação
2026-01-10,598,41,1442,pontuação
2026-04-24,846,41,1069,pontuação
2026-02-03,695,41,823,pontuação
2026-04-01,224,41,456,pontuação
2026-02-10,415,41,1296,pontuação
2026-03-09,466,41,426,pontuação
2026-03-18,998,41,523,pontuação
2026-03-23,710,41,192,pontuação
2026-04-12,276,41,1261,pontuação
2026-03-19,24,41,1449,pontuação
2026-04-13,982,41,1030,pontuação
2026-03-18,419,41,654,pontuação
2026-02-08,619,41,45,pontuação
2026-02-28,109,41,836,pontuação
2026-01-09,401,41,834,pontuação
2026-03-28,662,41,256,pontuação
2026-02-14,961,41,1095,pontuação
2026-03-16,865,41,92,pontuação
2026-01-10,482,41,1199,pontuação
2026-04-30,603,41,1127,pontuação
2026-02-01,973,41,55,pontuação
2026-03-09,700,41,1390,pontuação
2026-03-30,254,41,1308,pontuação
2026-04-03,813,41,538,pontuação
2026-02-12,225,41,79,pontuação
2026-04-17,360,41,1443,pontuação
2026-04-29,471,41,324,pontuação
2026-03-12,344,41,1065,pontuação
2026-03-02,817,41,725,pontuação
2026-01-27,462,41,1038,pontuação
2026-01-05,20,41,1187,pontuação
2026-03-25,213,41,1014,pontuação
2026-04-03,103,41,1081,pontuação
2026-03-06,904,41,740,pontuação
2026-02-20,586,41,1357,pontuação
2026-03-04,557,41,109,pontuação
2026-03-28,783,41,1078,pontuação
2026-04-03,212,41,778,pontuação
2026-01-22,929,41,753,pontuação
2026-03-09,941,41,944,pontuação
2026-03-05,943,41,64,pontuação
2026-03-18,979,41,454,pontuação
2026-02-15,325,41,802,pontuação
2026-03-12,492,41,652,pontuação
2026-02-25,1000,41,748,pontuação
2026-01-18,54,41,1405,pontuação
2026-02-02,610,41,1213,pontuação
2026-04-22,587,41,197,pontuação
2026-02-28,113,41,983,pontuação
2026-01-18,995,41,1309,pontuação
2026-01-02,773,41,1500,pontuação
2026-01-29,796,41,1139,pontuação
2026-04-05,344,41,557,pontuação
2026-03-02,662,41,1125,pontuação
2026-02-14,267,41,213,pontuação
2026-01-04,656,41,602,pontuação
2026-04-12,726,41,306,pontuação
2026-04-27,462,41,164,pontuação
2026-01-26,994,41,1427,pontuação
2026-03-02,661,41,1138,pontuação
2026-03-30,479,41,229,pontuação
2026-03-28,948,41,751,pontuação
2026-04-17,474,41,1224,pontuação
2026-01-14,508,41,504,pontuação
2026-04-21,755,41,1159,pontuação
2026-04-19,922,41,425,pontuação
2026-04-25,814,41,204,pontuação
2026-04-14,273,41,281,pontuação
2026-02-11,717,41,170,pontuação
2026-04-30,177,41,572,pontuação
2026-02-02,933,41,1450,pontuação
2026-02-13,687,41,101,pontuação
2026-01-09,206,41,431,pontuação
2026-02-24,313,41,490,pontuação
2026-05-04,947,41,911,pontuação
2026-02-10,58,41,590,pontuação
2026-02-16,970,41,1099,pontuação
2026-02-23,811,41,363,pontuação
2026-01-01,761,41,1274,pontuação
2026-02-20,775,41,972,pontuação
2026-01-10,224,41,597,pontuação
2026-04-08,694,41,1155,pontuação
2026-03-15,660,41,133,pontuação
2026-03-26,469,41,1052,pontuação
2026-03-16,300,41,202,pontuação
2026-01-03,656,41,879,pontuação
2026-03-03,158,41,620,pontuação
2026-04-18,109,41,140,pontuação
2026-04-16,288,41,848,pontuação
2026-03-27,503,41,1246,pontuação
2026-01-12,448,41,83,pontuação
2026-02-23,297,41,699,pontuação
2026-04-04,855,41,860,pontuação
2026-02-04,96,41,1040,pontuação
2026-03-10,515,41,506,pontuação
2026-02-27,991,41,319,pontuação
2026-04-14,888,41,514,pontuação
2026-01-27,783,41,644,pontuação
2026-02-10,424,41,490,pontuação
2026-01-06,740,41,1304,pontuação
2026-02-16,201,41,860,pontuação
2026-03-22,466,41,420,pontuação
2026-01-07,315,41,1420,pontuação
2026-01-30,243,41,1440,pontuação
2026-03-04,325,41,140,pontuação
2026-04-08,33,41,215,pontuação
2026-03-03,370,41,341,pontuação
2026-02-04,733,41,1205,pontuação
2026-01-08,308,41,895,pontuação
2026-04-08,879,41,481,pontuação
2026-02-22,394,41,1033,pontuação
2026-01-06,239,41,365,pontuação
2026-02-01,525,41,955,pontuação
2026-01-03,637,41,566,pontuação
2026-01-05,667,41,919,pontuação
2026-01-16,258,41,622,pontuação
2026-04-16,739,41,517,pontuação
2026-03-04,36,41,1411,pontuação
2026-01-19,409,41,140,pontuação
2026-04-22,748,41,610,pontuação
2026-01-11,32,41,815,pontuação
2026-04-05,15,41,397,pontuação
2026-02-15,563,41,459,pontuação
2026-02-15,635,41,210,pontuação
2026-04-11,781,41,89,pontuação
2026-03-27,837,41,783,pontuação
2026-03-16,570,41,594,pontuação
2026-01-19,229,41,1274,pontuação
2026-03-24,539,41,142,pontuação
2026-04-05,956,41,107,pontuação
2026-01-26,473,41,1140,pontuação
2026-02-15,32,41,490,pontuação
2026-01-18,552,41,650,pontuação
2026-01-22,842,41,615,pontuação
2026-04-10,5,41,365,pontuação
2026-03-06,429,41,706,pontuação
2026-04-09,641,41,180,pontuação
2026-02-02,774,41,178,pontuação
2026-04-28,279,41,1470,pontuação
2026-03-27,675,41,1129,pontuação
2026-01-25,360,41,9,pontuação
2026-02-22,867,41,1306,pontuação
2026-04-23,301,41,243,pontuação
2026-02-17,391,41,1379,pontuação
2026-01-27,670,41,320,pontuação
2026-02-20,243,41,750,pontuação
2026-02-07,837,41,34,pontuação
2026-03-27,507,41,967,pontuação
2026-02-07,815,41,203,pontuação
2026-03-11,293,41,291,pontuação
2026-03-09,79,41,1080,pontuação
2026-04-25,252,41,1252,pontuação
2026-02-20,785,41,98,pontuação
2026-05-01,467,41,159,pontuação
2026-01-19,140,41,905,pontuação
2026-01-29,269,41,27,pontuação
2026-02-02,480,41,1400,pontuação
2026-05-05,856,41,127,pontuação
2026-02-04,680,41,814,pontuação
2026-01-02,430,41,829,pontuação
2026-04-05,689,41,1347,pontuação
2026-01-17,120,41,1098,pontuação
2026-02-08,849,41,957,pontuação
2026-05-04,254,41,625,pontuação
2026-01-09,75,41,1142,pontuação
2026-04-19,3,41,1109,pontuação
2026-04-18,285,41,940,pontuação
2026-04-28,65,41,1455,pontuação
2026-01-28,632,41,358,pontuação
2026-01-30,728,41,419,pontuação
2026-03-19,156,41,1114,pontuação
2026-01-20,228,41,600,pontuação
2026-05-04,500,41,233,pontuação
2026-04-08,87,41,370,pontuação
2026-05-02,61,41,919,pontuação
2026-02-08,838,41,808,pontuação
2026-02-26,588,41,788,pontuação
2026-03-10,919,41,499,pontuação
2026-04-07,173,41,18,pontuação
2026-03-04,228,41,506,pontuação
2026-01-13,203,41,446,pontuação
2026-04-12,965,41,318,pontuação
2026-04-04,162,41,1430,pontuação
2026-04-08,519,41,872,pontuação
2026-04-27,752,41,420,pontuação
2026-03-24,822,41,933,pontuação
2026-02-26,306,41,932,pontuação
2026-05-04,262,41,543,pontuação
2026-01-18,652,41,575,pontuação
2026-03-25,801,41,1129,pontuação
2026-01-19,661,41,220,pontuação
2026-03-03,862,41,595,pontuação
2026-03-17,750,41,1254,pontuação
2026-01-04,35,41,214,pontuação
2026-04-28,339,41,69,pontuação
2026-03-03,121,41,835,pontuação
2026-04-30,950,41,781,pontuação
2026-02-19,115,41,374,pontuação
2026-01-01,757,41,690,pontuação
2026-02-01,710,41,1283,pontuação
2026-01-06,216,41,1291,pontuação
2026-04-02,832,41,1428,pontuação
2026-02-01,154,41,1442,pontuação
2026-02-16,803,41,1052,pontuação
2026-01-20,837,41,3,pontuação
2026-01-19,392,41,761,pontuação
2026-02-20,831,41,1237,pontuação
2026-04-27,427,41,678,pontuação
2026-01-27,610,41,240,pontuação
2026-03-01,557,41,1375,pontuação
2026-02-13,326,41,167,pontuação
2026-04-05,291,41,256,pontuação
2026-03-11,624,41,111,pontuação
2026-04-18,790,41,321,pontuação
2026-03-19,178,41,1238,pontuação
2026-03-11,13,41,8,pontuação
2026-01-31,447,41,759,pontuação
2026-02-17,351,41,1387,pontuação
2026-01-05,25,41,1067,pontuação
2026-05-04,662,41,1219,pontuação
2026-03-28,804,41,851,pontuação
2026-04-09,753,41,1273,pontuação
2026-04-06,515,41,1432,pontuação
2026-01-12,521,41,718,pontuação
2026-04-16,308,41,708,pontuação
2026-01-23,663,41,497,pontuação
2026-03-17,948,41,252,pontuação
2026-03-02,776,41,1324,pontuação
2026-02-20,380,41,1494,pontuação
2026-02-10,585,41,637,pontuação
2026-04-27,572,41,853,pontuação
2026-04-30,636,41,929,pontuação
2026-02-06,296,41,768,pontuação
2026-04-03,205,41,995,pontuação
2026-02-18,230,41,271,pontuação
2026-05-04,23,41,568,pontuação
2026-01-29,172,41,1493,pontuação
2026-03-12,269,41,1079,pontuação
2026-03-08,375,41,318,pontuação
2026-03-19,534,41,568,pontuação
2026-01-16,823,41,1174,pontuação
2026-01-20,284,41,1274,pontuação
2026-03-19,543,41,788,pontuação
2026-04-29,883,41,515,pontuação
2026-01-29,616,41,310,pontuação
2026-02-28,104,41,1326,pontuação
2026-04-24,27,41,357,pontuação
2026-05-01,374,41,466,pontuação
2026-04-20,867,41,650,pontuação
2026-03-29,688,41,737,pontuação
2026-02-24,843,41,85,pontuação
2026-03-06,263,41,1473,pontuação
2026-02-12,834,41,1458,pontuação
2026-03-20,943,41,858,pontuação
2026-03-22,93,41,1356,pontuação
2026-01-22,53,41,634,pontuação
2026-03-14,106,41,539,pontuação
2026-03-05,543,41,1431,pontuação
2026-04-22,463,41,1127,pontuação
2026-03-01,871,41,997,pontuação
2026-03-03,991,41,685,pontuação
2026-05-03,96,41,1486,pontuação
2026-01-10,902,41,550,pontuação
2026-02-20,68,41,248,pontuação
2026-04-28,569,41,989,pontuação
2026-03-30,825,41,427,pontuação
2026-01-18,524,41,1236,pontuação
2026-04-19,106,41,222,pontuação
2026-01-06,208,41,89,pontuação
2026-05-02,182,41,766,pontuação
2026-04-19,356,41,373,pontuação
2026-02-24,615,41,805,pontuação
2026-01-20,689,41,415,pontuação
2026-02-11,456,41,361,pontuação
2026-02-22,858,41,337,pontuação
2026-02-16,203,41,915,pontuação
2026-01-31,551,41,337,pontuação
2026-01-06,501,41,1106,pontuação
2026-03-30,82,41,1060,pontuação
2026-01-06,277,41,739,pontuação
2026-01-07,919,41,857,pontuação
2026-02-15,143,41,1402,pontuação
2026-02-11,900,41,112,pontuação
2026-03-21,615,41,461,pontuação
2026-04-10,864,41,25,pontuação
2026-02-22,713,41,266,pontuação
2026-03-05,4,41,266,pontuação
2026-04-21,919,41,205,pontuação
2026-04-29,291,41,1208,pontuação
2026-03-16,409,41,1315,pontuação
2026-03-13,272,41,1240,pontuação
2026-01-03,890,41,1444,pontuação
2026-04-11,470,41,118,pontuação
2026-03-08,877,41,1357,pontuação
2026-03-18,661,41,334,pontuação
2026-01-08,655,41,565,pontuação
2026-01-29,573,41,1173,pontuação
2026-02-02,471,41,638,pontuação
2026-01-16,990,41,324,pontuação
2026-03-08,505,41,287,pontuação
2026-03-10,6,41,1236,pontuação
2026-03-20,156,41,1303,pontuação
2026-04-30,869,41,231,pontuação
2026-03-27,993,41,35,pontuação
2026-04-08,909,41,191,pontuação
2026-03-14,904,41,1382,pontuação
2026-03-13,531,41,432,pontuação
2026-04-27,413,41,850,pontuação
2026-04-23,906,41,1488,pontuação
2026-02-13,732,41,1100,pontuação
2026-01-16,544,41,542,pontuação
2026-01-08,534,41,790,pontuação
2026-03-29,99,41,1429,pontuação
2026-03-21,258,41,35,pontuação
2026-01-08,185,41,104,pontuação
2026-01-30,294,41,219,pontuação
2026-02-28,321,41,1370,pontuação
2026-02-15,734,41,598,pontuação
2026-04-04,776,41,774,pontuação
2026-02-18,818,41,1223,pontuação
2026-04-20,897,41,1327,pontuação
2026-02-10,66,41,16,pontuação
2026-01-01,433,41,1004,pontuação
2026-01-13,726,41,815,pontuação
2026-03-13,467,41,170,pontuação
2026-02-12,239,41,892,pontuação
2026-04-08,483,41,131,pontuação
2026-01-05,211,41,1398,pontuação
2026-02-07,990,41,1052,pontuação
2026-01-29,904,41,121,pontuação
2026-03-19,276,41,1300,pontuação
2026-04-16,791,41,1318,pontuação
2026-04-06,693,41,161,pontuação
2026-04-06,627,41,291,pontuação
2026-02-28,229,41,1247,pontuação
2026-04-08,909,41,666,pontuação
2026-02-20,536,41,95,pontuação
2026-03-16,435,41,1355,pontuação
2026-04-21,744,41,739,pontuação
2026-01-15,841,41,282,pontuação
2026-03-04,788,41,752,pontuação
2026-03-01,859,41,210,pontuação
2026-01-19,35,41,287,pontuação
2026-03-29,453,41,1219,pontuação
2026-03-24,415,41,122,pontuação
2026-04-30,620,41,1429,pontuação
2026-02-28,35,41,208,pontuação
2026-02-18,406,41,188,pontuação
2026-01-13,275,41,1152,pontuação
2026-04-28,475,41,194,pontuação
2026-01-19,269,41,1168,pontuação
2026-02-20,353,41,291,pontuação
2026-01-20,588,41,1053,pontuação
2026-04-18,510,41,589,pontuação
2026-04-06,988,41,24,pontuação
2026-04-06,501,41,56,pontuação
2026-01-23,735,41,459,pontuação
2026-03-09,348,41,671,pontuação
2026-02-17,943,41,545,pontuação
2026-04-24,692,41,561,pontuação
2026-01-08,202,41,230,pontuação
2026-04-18,301,41,790,pontuação
2026-01-07,849,41,1497,pontuação
2026-04-30,799,41,1118,pontuação
2026-01-17,425,41,968,pontuação
2026-03-02,523,41,904,pontuação
2026-03-08,6,41,70,pontuação
2026-02-18,808,41,1190,pontuação
2026-01-06,341,41,1413,pontuação
2026-04-08,578,41,124,pontuação
2026-02-21,543,41,230,pontuação
2026-02-03,426,41,921,pontuação
2026-02-23,699,41,1375,pontuação
2026-01-08,662,41,973,pontuação
2026-04-17,450,41,813,pontuação
2026-02-25,444,41,1297,pontuação
2026-01-22,568,41,197,pontuação
2026-04-08,920,41,1298,pontuação
2026-05-02,897,41,483,pontuação
2026-04-22,357,41,1114,pontuação
2026-03-26,14,41,1412,pontuação
2026-02-19,913,41,518,pontuação
2026-04-16,334,41,1124,pontuação
2026-04-19,951,41,86,pontuação
2026-04-06,644,41,1352,pontuação
2026-04-09,300,41,782,pontuação
2026-03-06,534,41,801,pontuação
2026-01-04,648,41,527,pontuação
2026-04-14,530,41,844,pontuação
2026-04-19,257,41,824,pontuação
2026-03-15,31,41,41,pontuação
2026-04-07,425,41,641,pontuação
2026-02-07,83,41,922,pontuação
2026-02-14,943,41,697,pontuação
2026-03-24,384,41,481,pontuação
2026-03-09,7,41,1067,pontuação
2026-05-01,586,41,112,pontuação
2026-04-22,614,41,714,pontuação
2026-02-16,311,41,1299,pontuação
2026-04-01,890,41,874,pontuação
2026-02-03,425,41,1331,pontuação
2026-01-06,578,41,307,pontuação
2026-05-01,29,41,323,pontuação
2026-01-12,424,41,277,pontuação
2026-02-26,560,41,1303,pontuação
2026-04-04,285,41,1106,pontuação
2026-04-08,56,41,1297,pontuação
2026-02-06,876,41,388,pontuação
2026-03-22,374,41,600,pontuação
2026-04-02,261,41,932,pontuação
2026-04-18,327,41,12,pontuação
2026-01-17,860,41,316,pontuação
2026-03-09,886,41,982,pontuação
2026-03-13,505,41,428,pontuação
2026-03-15,726,41,297,pontuação
2026-04-29,30,41,1486,pontuação
2026-02-19,204,41,652,pontuação
2026-03-14,181,41,1406,pontuação
2026-01-19,37,41,799,pontuação
2026-01-01,233,41,494,pontuação
2026-03-08,255,41,1310,pontuação
2026-04-09,180,41,1012,pontuação
2026-01-01,876,41,2,pontuação
2026-03-03,596,41,847,pontuação
2026-01-04,63,41,566,pontuação
2026-03-16,145,41,627,pontuação
2026-02-23,386,41,94,pontuação
2026-01-26,182,41,839,pontuação
2026-01-31,254,41,246,pontuação
2026-03-09,95,41,399,pontuação
2026-01-15,332,41,514,pontuação
2026-01-29,899,41,334,pontuação
2026-02-11,86,41,1020,pontuação
2026-04-16,648,41,96,pontuação
2026-04-17,801,41,893,pontuação
2026-02-26,354,41,1089,pontuação
2026-02-17,978,41,1497,pontuação
2026-04-21,146,41,429,pontuação
2026-03-20,837,41,1064,pontuação
2026-03-20,183,41,1228,pontuação
2026-03-19,447,41,10,pontuação
2026-04-28,718,41,1228,pontuação
2026-04-22,249,41,879,pontuação
2026-01-16,203,41,842,pontuação
2026-04-15,376,41,1267,pontuação
2026-04-21,397,41,1313,pontuação
2026-01-22,264,41,287,pontuação
2026-02-05,423,41,580,pontuação
2026-01-31,752,41,853,pontuação
2026-02-06,955,41,85,pontuação
2026-01-19,901,41,1397,pontuação
2026-02-05,528,41,997,pontuação
2026-02-09,355,41,717,pontuação
2026-04-12,27,41,788,pontuação
2026-04-21,719,41,1166,pontuação
2026-02-04,977,41,1235,pontuação
2026-01-18,418,41,1312,pontuação
2026-01-17,445,41,566,pontuação
2026-02-10,72,41,377,pontuação
2026-01-26,258,41,982,pontuação
2026-03-26,905,41,441,pontuação
2026-01-07,434,41,813,pontuação
2026-04-24,123,41,669,pontuação
2026-02-14,171,41,978,pontuação
2026-03-24,930,41,586,pontuação
2026-03-07,460,41,1453,pontuação
2026-04-22,648,41,1155,pontuação
2026-02-11,200,41,131,pontuação
2026-04-13,771,41,1122,pontuação
2026-03-07,87,41,660,pontuação
2026-01-16,97,41,1464,pontuação
2026-02-24,218,41,96,pontuação
2026-01-05,118,41,1262,pontuação
2026-03-29,147,41,95,pontuação
2026-01-09,458,41,526,pontuação
2026-04-19,756,41,1481,pontuação
2026-01-14,441,41,404,pontuação
2026-03-21,898,41,608,pontuação
2026-01-24,243,41,976,pontuação
2026-02-25,42,41,1049,pontuação
2026-01-13,858,41,227,pontuação
2026-02-25,604,41,382,pontuação
2026-01-29,287,41,713,pontuação
2026-03-13,841,41,90,pontuação
2026-03-23,463,41,428,pontuação
2026-01-09,174,41,328,pontuação
2026-04-02,137,41,430,pontuação
2026-03-01,905,41,1314,pontuação
2026-01-27,831,41,384,pontuação
2026-02-26,34,41,1044,pontuação
2026-03-28,503,41,353,pontuação
2026-02-21,484,41,1380,pontuação
2026-04-21,373,41,288,pontuação
2026-01-04,455,41,445,pontuação
2026-02-05,634,41,376,pontuação
2026-03-31,925,41,326,pontuação
2026-02-28,238,41,408,pontuação
2026-04-19,898,41,670,pontuação
2026-03-25,493,41,928,pontuação
2026-01-17,860,41,1390,pontuação
2026-02-06,737,41,615,pontuação
2026-03-19,780,41,1090,pontuação
2026-01-29,305,41,612,pontuação
2026-03-26,864,41,1348,pontuação
2026-03-26,619,41,1153,pontuação
2026-02-09,249,41,739,pontuação
2026-04-06,375,41,978,pontuação
2026-04-22,740,41,672,pontuação
2026-01-29,91,41,1303,pontuação
2026-03-07,187,41,686,pontuação
2026-05-04,94,41,243,pontuação
2026-03-26,799,41,1426,pontuação
2026-03-20,168,41,186,pontuação
2026-02-01,662,41,301,pontuação
2026-01-27,677,41,301,pontuação
2026-03-16,588,41,956,pontuação
2026-01-27,794,41,815,pontuação
2026-01-25,498,41,46,pontuação
2026-01-07,517,41,34,pontuação
2026-03-17,522,41,517,pontuação
2026-03-28,188,41,317,pontuação
2026-02-27,445,41,352,pontuação
2026-05-01,962,41,704,pontuação
2026-03-03,804,41,90,pontuação
2026-01-02,55,41,1365,pontuação
2026-01-28,686,41,744,pontuação
2026-03-30,4,41,554,pontuação
2026-02-25,807,41,1204,pontuação
2026-04-04,579,41,1341,pontuação
2026-04-20,51,41,302,pontuação
2026-01-05,584,41,770,pontuação
2026-01-22,849,41,1122,pontuação
2026-03-13,670,41,629,pontuação
2026-03-04,375,41,622,pontuação
2026-03-06,197,41,514,pontuação
2026-01-01,889,41,833,pontuação
2026-04-29,504,41,111,pontuação
2026-01-28,872,41,811,pontuação
2026-05-01,53,41,456,pontuação
2026-01-13,234,41,769,pontuação
2026-03-08,227,41,548,pontuação
2026-02-24,286,41,124,pontuação
2026-04-23,295,41,54,pontuação
2026-04-20,774,41,724,pontuação
2026-04-23,641,41,424,pontuação
2026-01-08,836,41,654,pontuação
2026-01-24,695,41,226,pontuação
2026-01-27,617,41,904,pontuação
2026-04-06,792,41,1137,pontuação
2026-02-18,654,41,569,pontuação
2026-02-21,779,41,622,pontuação
2026-03-23,247,41,554,pontuação
2026-01-24,634,41,73,pontuação
2026-01-30,486,41,1137,pontuação
2026-03-18,584,41,806,pontuação
2026-02-14,498,41,53,pontuação
2026-02-23,372,41,86,pontuação
2026-04-24,946,41,1322,pontuação
2026-03-04,93,41,956,pontuação
2026-04-07,687,41,315,pontuação
2026-02-16,674,41,798,pontuação
2026-04-21,464,41,484,pontuação
2026-04-21,934,41,991,pontuação
2026-03-01,245,41,279,pontuação
2026-02-03,640,41,1340,pontuação
2026-03-11,412,41,200,pontuação
2026-04-17,121,41,1058,pontuação
2026-03-21,48,41,1179,pontuação
2026-04-17,332,41,250,pontuação
2026-02-18,578,41,1446,pontuação
2026-04-25,428,41,348,pontuação
2026-04-16,439,41,693,pontuação
2026-01-25,718,41,189,pontuação
2026-02-27,272,41,337,pontuação
2026-04-01,535,41,924,pontuação
2026-04-16,634,41,1447,pontuação
2026-01-30,39,41,437,pontuação
2026-05-04,880,41,318,pontuação
2026-04-14,170,41,514,pontuação
2026-04-14,787,41,231,pontuação
2026-02-25,28,41,1290,pontuação
2026-04-05,599,41,104,pontuação
2026-03-30,351,41,671,pontuação
2026-03-19,513,41,641,pontuação
2026-01-20,869,41,23,pontuação
2026-01-03,422,41,871,pontuação
2026-02-11,237,41,653,pontuação
2026-04-18,70,41,1176,pontuação
2026-04-09,477,41,424,pontuação
2026-03-11,187,41,32,pontuação
2026-04-18,269,41,72,pontuação
2026-04-23,698,41,1184,pontuação
2026-03-17,513,41,1208,pontuação
2026-04-13,629,41,1115,pontuação
2026-01-14,20,41,1037,pontuação
2026-04-01,892,41,813,pontuação
2026-03-21,502,41,649,pontuação
2026-02-02,963,41,1101,pontuação
2026-02-06,638,41,388,pontuação
2026-03-10,446,41,461,pontuação
2026-01-30,587,41,794,pontuação
2026-04-23,446,41,162,pontuação
2026-04-20,831,41,573,pontuação
2026-01-31,196,41,953,pontuação
2026-04-24,738,41,398,pontuação
2026-01-24,744,41,603,pontuação
2026-02-23,121,41,1260,pontuação
2026-03-31,305,41,968,pontuação
2026-01-29,667,41,1418,pontuação
2026-04-26,714,41,856,pontuação
2026-01-12,458,41,1472,pontuação
2026-01-02,791,41,965,pontuação
2026-01-21,340,41,941,pontuação
2026-04-23,376,41,1168,pontuação
2026-03-27,390,41,801,pontuação
2026-02-10,748,41,595,pontuação
2026-03-29,706,41,1316,pontuação
2026-02-28,415,41,691,pontuação
2026-03-02,649,41,142,pontuação
2026-04-08,383,41,295,pontuação
2026-02-07,211,41,8,pontuação
2026-04-03,583,41,918,pontuação
2026-02-04,444,41,1404,pontuação
2026-01-15,535,41,475,pontuação
2026-03-30,715,41,845,pontuação
2026-04-08,738,41,1421,pontuação
2026-04-25,719,41,752,pontuação
2026-03-15,851,41,857,pontuação
2026-03-26,676,41,238,pontuação
2026-02-10,47,41,608,pontuação
2026-01-31,372,41,148,pontuação
2026-04-24,142,41,735,pontuação
2026-02-02,859,41,1375,pontuação
2026-04-18,138,41,645,pontuação
2026-01-28,737,41,1303,pontuação
2026-04-05,741,41,46,pontuação
2026-04-05,348,41,3,pontuação
2026-01-25,538,41,944,pontuação
2026-01-18,641,41,74,pontuação
2026-04-06,886,41,1295,pontuação
2026-01-07,363,41,1025,pontuação
2026-03-22,801,41,1017,pontuação
2026-01-05,7,41,1390,pontuação
2026-02-18,230,41,1483,pontuação
2026-02-14,232,41,527,pontuação
2026-04-09,140,41,1195,pontuação
2026-04-08,258,41,960,pontuação
2026-02-22,604,41,1313,pontuação
2026-04-02,870,41,1113,pontuação
2026-01-21,201,41,1120,pontuação
2026-04-08,793,41,247,pontuação
2026-05-03,51,41,509,pontuação
2026-01-26,313,41,595,pontuação
2026-02-04,875,41,48,pontuação
2026-01-10,362,41,619,pontuação
2026-01-18,996,41,192,pontuação
2026-04-22,144,41,37,pontuação
2026-04-18,678,41,1393,pontuação
2026-02-05,502,41,515,pontuação
2026-01-25,97,41,780,pontuação
2026-03-02,163,41,18,pontuação
2026-01-27,275,41,55,pontuação
2026-04-23,104,41,602,pontuação
2026-03-28,2,41,454,pontuação
2026-01-20,269,41,1211,pontuação
2026-03-03,204,41,403,pontuação
2026-04-04,770,41,573,pontuação
2026-01-03,721,41,227,pontuação
2026-02-17,328,41,399,pontuação
2026-04-23,694,41,895,pontuação
2026-02-15,878,41,70,pontuação
2026-02-07,821,41,1191,pontuação
2026-01-02,735,41,527,pontuação
2026-02-06,763,41,610,pontuação
2026-01-01,172,41,614,pontuação
2026-04-10,943,41,501,pontuação
2026-04-24,518,41,1134,pontuação
2026-04-11,434,41,26,pontuação
2026-01-12,246,41,978,pontuação
2026-04-01,440,41,1127,pontuação
2026-02-08,48,41,202,pontuação
2026-02-09,32,41,1160,pontuação
2026-01-30,512,41,59,pontuação
2026-04-21,72,41,1393,pontuação
2026-03-19,874,41,916,pontuação
2026-03-21,957,41,211,pontuação
2026-02-09,132,41,76,pontuação
2026-04-01,775,41,740,pontuação
2026-03-06,774,41,245,pontuação
2026-01-23,277,41,597,pontuação
2026-04-03,879,41,251,pontuação
2026-04-26,472,41,611,pontuação
2026-04-11,815,41,440,pontuação
2026-04-15,755,41,1252,pontuação
2026-04-20,125,41,631,pontuação
2026-03-25,810,41,756,pontuação
2026-01-28,148,41,155,pontuação
2026-03-08,641,41,1299,pontuação
2026-01-31,961,41,1259,pontuação
2026-04-24,459,41,160,pontuação
2026-02-11,260,41,836,pontuação
2026-03-03,672,41,146,pontuação
2026-03-01,965,41,613,pontuação
2026-05-03,319,41,693,pontuação
2026-02-14,652,41,319,pontuação
2026-01-08,257,41,256,pontuação
2026-05-01,290,41,1494,pontuação
2026-03-20,575,41,1440,pontuação
2026-02-16,222,41,253,pontuação
2026-01-13,723,41,262,pontuação
2026-04-01,544,41,3,pontuação
2026-04-01,54,41,23,pontuação
2026-02-01,194,41,483,pontuação
2026-04-13,858,41,758,pontuação
2026-02-16,400,41,204,pontuação
2026-01-20,720,41,80,pontuação
2026-03-02,52,41,399,pontuação
2026-03-16,719,41,500,pontuação
2026-04-16,16,41,1228,pontuação
2026-03-07,511,41,379,pontuação
2026-03-02,803,41,525,pontuação
2026-01-27,802,41,363,pontuação
2026-02-14,89,41,316,pontuação
2026-02-17,884,41,851,pontuação
2026-04-18,860,41,691,pontuação
2026-03-04,250,41,276,pontuação
2026-01-15,834,41,1102,pontuação
2026-03-06,625,41,128,pontuação
2026-01-05,961,41,122,pontuação
2026-04-13,708,41,953,pontuação
2026-02-08,252,41,434,pontuação
2026-04-21,463,41,1439,pontuação
2026-04-07,865,41,71,pontuação
2026-02-07,816,41,1053,pontuação
2026-02-20,801,41,62,pontuação
2026-01-30,18,41,1487,pontuação
2026-02-09,981,41,319,pontuação
2026-01-12,98,41,9,pontuação
2026-01-20,988,41,1207,pontuação
2026-03-09,409,41,672,pontuação
2026-02-24,715,41,1406,pontuação
2026-01-29,165,41,500,pontuação
2026-02-04,468,41,810,pontuação
2026-02-20,664,41,1247,pontuação
2026-01-03,80,41,1335,pontuação
2026-02-28,758,41,653,pontuação
2026-03-20,933,41,633,pontuação
2026-03-25,680,41,224,pontuação
2026-04-19,24,41,268,pontuação
2026-01-19,138,41,1258,pontuação
2026-03-26,465,41,397,pontuação
2026-01-23,75,41,1037,pontuação
2026-04-25,19,41,351,pontuação
2026-02-12,707,41,344,pontuação
2026-01-03,41,41,1259,pontuação
2026-03-28,757,41,645,pontuação
2026-02-28,665,41,254,pontuação
2026-01-22,576,41,1147,pontuação
2026-01-11,583,41,1116,pontuação
2026-02-05,381,41,1443,pontuação
2026-04-30,484,41,887,pontuação
2026-01-27,980,41,1024,pontuação
2026-02-19,250,41,96,pontuação
2026-03-08,192,41,486,pontuação
2026-02-10,580,41,1409,pontuação
2026-02-02,72,41,1032,pontuação
2026-03-21,711,41,1490,pontuação
2026-01-04,910,41,167,pontuação
2026-02-21,582,41,738,pontuação
2026-04-01,628,41,1357,pontuação
2026-05-03,757,41,1459,pontuação
2026-02-02,435,41,131,pontuação
2026-03-19,119,41,150,pontuação
2026-04-25,646,41,944,pontuação
2026-03-24,935,41,981,pontuação
2026-02-05,139,41,1279,pontuação
2026-04-15,94,41,847,pontuação
2026-02-25,631,41,1091,pontuação
2026-01-10,851,41,294,pontuação
2026-03-29,434,41,335,pontuação
2026-03-06,196,41,511,pontuação
2026-03-20,620,41,413,pontuação
2026-03-14,405,41,1429,pontuação
2026-03-31,119,41,1008,pontuação
2026-01-16,408,41,1329,pontuação
2026-03-27,627,41,1457,pontuação
2026-04-25,511,41,959,pontuação
2026-05-05,731,41,840,pontuação
2026-02-14,766,41,855,pontuação
2026-04-22,255,41,1371,pontuação
2026-01-18,780,41,627,pontuação
2026-01-02,751,41,1377,pontuação
2026-04-22,235,41,760,pontuação
2026-03-26,659,41,870,pontuação
2026-01-24,230,41,276,pontuação
2026-02-22,63,41,326,pontuação
2026-02-02,394,41,110,pontuação
2026-04-02,950,41,321,pontuação
2026-02-23,356,41,773,pontuação
2026-04-13,506,41,1370,pontuação
2026-01-01,538,41,221,pontuação
2026-04-17,338,41,597,pontuação
2026-01-14,766,41,555,pontuação
2026-04-08,682,41,810,pontuação
2026-02-01,946,41,455,pontuação
2026-01-24,54,41,384,pontuação
2026-01-15,181,41,964,pontuação
2026-03-26,480,41,1186,pontuação
2026-01-02,299,41,440,pontuação
2026-01-10,124,41,921,pontuação
2026-02-15,781,41,169,pontuação
2026-02-16,904,41,488,pontuação
2026-03-10,662,41,232,pontuação
2026-01-20,586,41,676,pontuação
2026-04-26,773,41,219,pontuação
2026-01-14,869,41,21,pontuação
2026-04-01,27,41,274,pontuação
2026-01-14,629,41,193,pontuação
2026-02-08,580,41,1136,pontuação
2026-01-31,616,41,1414,pontuação
2026-04-03,128,41,1272,pontuação
2026-03-05,423,41,365,pontuação
2026-01-30,237,41,436,pontuação
2026-03-29,249,41,1193,pontuação
2026-01-29,143,41,641,pontuação
2026-03-24,137,41,572,pontuação
2026-01-14,396,41,15,pontuação
2026-01-21,722,41,233,pontuação
2026-04-17,931,41,1176,pontuação
2026-03-04,746,41,1122,pontuação
2026-02-06,895,41,549,pontuação
2026-04-14,256,41,1279,pontuação
2026-01-12,653,41,370,pontuação
2026-03-24,744,41,586,pontuação
2026-04-20,932,41,850,pontuação
2026-04-02,787,41,1122,pontuação
2026-03-22,999,41,1459,pontuação
2026-04-02,811,41,1060,pontuação
2026-03-06,740,41,508,pontuação
2026-02-06,553,41,344,pontuação
2026-03-16,727,41,847,pontuação
2026-04-16,822,41,60,pontuação
2026-04-23,125,41,699,pontuação
2026-02-16,336,41,411,pontuação
2026-03-11,910,41,1368,pontuação
2026-02-03,321,41,617,pontuação
2026-04-09,303,41,1110,pontuação
2026-01-21,167,41,186,pontuação
2026-01-15,110,41,671,pontuação
2026-03-17,707,41,1303,pontuação
2026-03-04,329,41,735,pontuação
2026-01-19,584,41,779,pontuação
2026-01-19,675,41,34,pontuação
2026-03-26,980,41,748,pontuação
2026-04-10,764,41,1067,pontuação
2026-02-25,587,41,1408,pontuação
2026-01-17,484,41,938,pontuação
2026-04-01,799,41,1344,pontuação
2026-01-18,378,41,222,pontuação
2026-04-03,551,41,752,pontuação
2026-01-05,784,41,8,pontuação
2026-01-10,3,41,1116,pontuação
2026-03-30,397,41,565,pontuação
2026-02-27,220,41,9,pontuação
2026-02-18,187,41,132,pontuação
2026-03-11,504,41,360,pontuação
2026-04-23,234,41,71,pontuação
2026-01-02,824,41,147,pontuação
2026-03-13,514,41,1096,pontuação
2026-02-26,645,41,392,pontuação
2026-04-21,666,41,1470,pontuação
2026-05-02,70,41,1046,pontuação
2026-01-28,936,41,1478,pontuação
2026-03-19,680,41,838,pontuação
2026-02-07,183,41,1067,pontuação
2026-04-20,438,41,943,pontuação
2026-04-12,781,41,792,pontuação
2026-04-12,56,41,1125,pontuação
2026-02-07,563,41,678,pontuação
2026-03-15,768,41,1312,pontuação
2026-01-17,439,41,500,pontuação
2026-04-08,528,41,861,pontuação
2026-01-18,779,41,192,pontuação
2026-03-04,628,41,1461,pontuação
2026-03-09,54,41,1480,pontuação
2026-01-02,996,41,1020,pontuação
2026-04-22,25,41,505,pontuação
2026-04-20,285,41,1331,pontuação
2026-05-04,48,41,374,pontuação
2026-02-22,91,41,313,pontuação
2026-04-29,993,41,900,pontuação
2026-01-12,430,41,99,pontuação
2026-02-11,96,41,940,pontuação
2026-01-24,228,41,853,pontuação
2026-01-13,501,41,383,pontuação
2026-01-12,981,41,861,pontuação
2026-03-12,846,41,1074,pontuação
2026-02-11,795,41,141,pontuação
2026-05-03,285,41,1019,pontuação
2026-03-27,377,41,1247,pontuação
2026-05-05,555,41,96,pontuação
2026-02-08,627,41,1093,pontuação
2026-01-25,4,41,496,pontuação
2026-04-08,819,41,1470,pontuação
2026-01-28,811,41,161,pontuação
2026-01-21,708,41,718,pontuação
2026-01-09,540,41,373,pontuação
2026-04-07,767,41,1370,pontuação
2026-04-16,679,41,781,pontuação
2026-01-17,314,41,227,pontuação
2026-01-29,241,41,374,pontuação
2026-02-22,879,41,1102,pontuação
2026-04-29,955,41,1450,pontuação
2026-03-31,432,41,1203,pontuação
2026-03-31,85,41,64,pontuação
2026-03-26,256,41,1155,pontuação
2026-03-17,659,41,1203,pontuação
2026-03-17,357,41,601,pontuação
2026-03-23,632,41,1323,pontuação
2026-04-10,520,41,474,pontuação
2026-01-23,574,41,1158,pontuação
2026-02-20,820,41,675,pontuação
2026-01-17,247,41,256,pontuação
2026-04-24,755,41,1435,pontuação
2026-04-28,393,41,153,pontuação
2026-03-19,857,41,1015,pontuação
2026-01-07,326,41,977,pontuação
2026-01-04,822,41,960,pontuação
2026-04-21,19,41,1025,pontuação
2026-03-18,931,41,705,pontuação
2026-01-25,144,41,639,pontuação
2026-01-12,869,41,1055,pontuação
2026-05-03,663,41,369,pontuação
2026-02-25,442,41,648,pontuação
2026-02-20,519,41,84,pontuação
2026-02-04,147,41,1035,pontuação
2026-01-02,612,41,750,pontuação
2026-04-18,903,41,387,pontuação
2026-03-11,687,41,673,pontuação
2026-01-13,371,41,138,pontuação
2026-01-20,25,41,363,pontuação
2026-02-22,500,41,297,pontuação
2026-04-16,678,41,57,pontuação
2026-03-09,959,41,224,pontuação
2026-02-10,620,41,494,pontuação
2026-01-02,675,41,735,pontuação
2026-02-04,980,41,45,pontuação
2026-02-15,446,41,650,pontuação
2026-02-12,901,41,366,pontuação
2026-04-01,680,41,757,pontuação
2026-04-28,492,41,175,pontuação
2026-01-18,241,41,345,pontuação
2026-01-06,424,41,1038,pontuação
2026-04-11,721,41,1224,pontuação
2026-04-15,591,41,175,pontuação
2026-04-03,695,41,1010,pontuação
2026-01-24,669,41,455,pontuação
2026-01-23,474,41,60,pontuação
2026-04-11,634,41,694,pontuação
2026-04-02,138,41,253,pontuação
2026-04-26,274,41,94,pontuação
2026-03-08,236,41,136,pontuação
2026-02-12,388,41,470,pontuação
2026-02-07,131,41,1346,pontuação
2026-04-28,748,41,754,pontuação
2026-03-02,921,41,675,pontuação
2026-04-03,663,41,512,pontuação
2026-01-07,691,41,128,pontuação
2026-03-26,282,41,116,pontuação
2026-04-03,440,41,224,pontuação
2026-01-18,909,41,1400,pontuação
2026-04-04,671,41,433,pontuação
2026-02-04,967,41,541,pontuação
2026-02-23,742,41,631,pontuação
2026-01-05,660,41,897,pontuação
2026-03-19,761,41,256,pontuação
2026-05-01,537,41,1350,pontuação
2026-01-12,932,41,623,pontuação
2026-02-27,464,41,1352,pontuação
2026-03-18,842,41,141,pontuação
2026-04-28,727,41,894,pontuação
2026-04-07,456,41,1394,pontuação
2026-01-28,411,41,167,pontuação
2026-01-16,518,41,609,pontuação
2026-01-19,507,41,723,pontuação
2026-04-17,265,41,1261,pontuação
2026-03-10,425,41,82,pontuação
2026-02-10,707,41,688,pontuação
2026-01-18,718,41,943,pontuação
2026-01-02,274,41,1235,pontuação
2026-04-30,241,41,592,pontuação
2026-02-10,110,41,402,pontuação
2026-03-26,89,41,1065,pontuação
2026-03-29,169,41,1447,pontuação
2026-03-01,427,41,968,pontuação
2026-03-24,231,41,277,pontuação
2026-01-11,236,41,651,pontuação
2026-01-22,818,41,163,pontuação
2026-01-28,805,41,1149,pontuação
2026-03-09,359,41,200,pontuação
2026-04-19,992,41,1009,pontuação
2026-03-30,99,41,144,pontuação
2026-03-27,412,41,149,pontuação
2026-02-20,600,41,1147,pontuação
2026-01-05,341,41,892,pontuação
2026-02-11,980,41,898,pontuação
2026-03-17,448,41,1145,pontuação
2026-01-19,621,41,504,pontuação
2026-01-27,310,41,810,pontuação
2026-04-05,38,41,1353,pontuação
2026-04-05,747,41,482,pontuação
2026-01-11,206,41,401,pontuação
2026-04-10,390,41,1034,pontuação
2026-03-06,459,41,1230,pontuação
2026-04-07,939,41,1101,pontuação
2026-03-24,156,41,125,pontuação
2026-04-01,458,41,1187,pontuação
2026-04-05,716,41,1371,pontuação
2026-01-20,853,41,165,pontuação
2026-01-14,300,41,1348,pontuação
2026-03-03,716,41,539,pontuação
2026-01-14,778,41,466,pontuação
2026-02-24,678,41,1156,pontuação
2026-02-05,620,41,1033,pontuação
2026-04-17,846,41,1165,pontuação
2026-02-12,692,41,1083,pontuação
2026-04-21,70,41,710,pontuação
2026-04-05,551,41,500,pontuação
2026-01-13,466,41,1019,pontuação
2026-01-21,839,41,1072,pontuação
2026-02-28,702,41,637,pontuação
2026-01-07,561,41,1248,pontuação
2026-04-19,949,41,1295,pontuação
2026-01-06,957,41,1317,pontuação
2026-01-27,700,41,1355,pontuação
2026-04-08,996,41,212,pontuação
2026-01-08,873,41,1033,pontuação
2026-04-24,310,41,472,pontuação
2026-04-26,70,41,1292,pontuação
2026-04-16,10,41,1199,pontuação
2026-05-05,659,41,950,pontuação
2026-01-03,988,41,1172,pontuação
2026-01-01,445,41,1354,pontuação
2026-03-12,119,41,1337,pontuação
2026-04-23,474,41,305,pontuação
2026-03-07,396,41,1343,pontuação
2026-01-09,468,41,598,pontuação
2026-01-03,543,41,1362,pontuação
2026-03-01,67,41,1342,pontuação
2026-04-10,443,41,82,pontuação
2026-02-07,690,41,485,pontuação
2026-01-19,47,41,1150,pontuação
2026-04-05,55,41,397,pontuação
2026-01-16,802,41,123,pontuação
2026-04-04,101,41,889,pontuação
2026-02-27,423,41,872,pontuação
2026-02-17,70,41,712,pontuação
2026-04-03,896,41,293,pontuação
2026-01-19,348,41,458,pontuação
2026-03-07,109,41,1160,pontuação
2026-01-21,332,41,1262,pontuação
2026-01-18,920,41,825,pontuação
2026-04-01,219,41,450,pontuação
2026-01-09,695,41,1162,pontuação
2026-01-03,444,41,69,pontuação
2026-01-19,314,41,761,pontuação
2026-04-18,210,41,1324,pontuação
2026-01-04,233,41,1307,pontuação
2026-03-13,640,41,975,pontuação
2026-04-22,570,41,1131,pontuação
2026-04-04,852,41,592,pontuação
2026-01-30,322,41,1065,pontuação
2026-05-05,285,41,706,pontuação
2026-01-18,184,41,893,pontuação
2026-01-19,17,41,816,pontuação
2026-04-01,929,41,921,pontuação
2026-02-19,159,41,307,pontuação
2026-04-28,815,41,91,pontuação
2026-02-25,584,41,94,pontuação
2026-04-09,763,41,188,pontuação
2026-03-05,952,41,589,pontuação
2026-04-04,478,41,1392,pontuação
2026-04-25,713,41,453,pontuação
2026-01-16,846,41,191,pontuação
2026-03-18,427,41,687,pontuação
2026-02-12,670,41,662,pontuação
2026-02-23,454,41,1272,pontuação
2026-02-05,565,41,753,pontuação
2026-02-05,916,41,127,pontuação
2026-04-30,868,41,379,pontuação
2026-03-12,575,41,116,pontuação
2026-03-19,134,41,759,pontuação
2026-01-12,180,41,975,pontuação
2026-01-20,757,41,164,pontuação
2026-01-19,311,41,1326,pontuação
2026-04-09,869,41,1453,pontuação
2026-02-03,154,41,1145,pontuação
2026-03-10,886,41,1310,pontuação
2026-01-07,187,41,662,pontuação
2026-02-25,110,41,1449,pontuação
2026-02-15,781,41,341,pontuação
2026-03-31,188,41,1135,pontuação
2026-02-09,207,41,1466,pontuação
2026-03-09,921,41,1265,pontuação
2026-01-09,983,41,1335,pontuação
2026-04-28,932,41,91,pontuação
2026-01-28,462,41,33,pontuação
2026-01-17,953,41,495,pontuação
2026-02-21,745,41,1414,pontuação
2026-02-16,251,41,406,pontuação
2026-01-01,662,41,707,pontuação
2026-05-04,950,41,32,pontuação
2026-03-18,487,41,245,pontuação
2026-02-26,326,41,181,pontuação
2026-01-07,169,41,189,pontuação
2026-03-30,433,41,1022,pontuação
2026-03-12,154,41,758,pontuação
2026-05-05,682,41,136,pontuação
2026-04-07,878,41,107,pontuação
2026-02-01,49,41,998,pontuação
2026-03-26,911,41,334,pontuação
2026-04-02,818,41,1325,pontuação
2026-04-03,668,41,552,pontuação
2026-01-11,893,41,395,pontuação
2026-04-16,958,41,577,pontuação
2026-01-28,579,41,883,pontuação
2026-02-12,237,41,77,pontuação
2026-04-27,894,41,1351,pontuação
2026-01-13,694,41,416,pontuação
2026-01-18,235,41,955,pontuação
2026-05-02,818,41,557,pontuação
2026-02-25,992,41,1448,pontuação
2026-01-19,450,41,963,pontuação
2026-02-08,264,41,181,pontuação
2026-04-01,670,41,775,pontuação
2026-04-01,431,41,719,pontuação
2026-04-23,10,41,245,pontuação
2026-02-15,188,41,1155,pontuação
2026-03-22,259,41,1248,pontuação
2026-03-06,928,41,1445,pontuação
2026-01-19,422,41,1341,pontuação
2026-01-24,638,41,971,pontuação
2026-04-11,717,41,986,pontuação
2026-03-07,894,41,923,pontuação
2026-03-31,980,41,838,pontuação
2026-04-01,28,41,984,pontuação
2026-04-26,529,41,745,pontuação
2026-01-13,148,41,547,pontuação
2026-04-18,774,41,1172,pontuação
2026-04-10,828,41,92,pontuação
2026-04-12,373,41,231,pontuação
2026-03-27,760,41,676,pontuação
2026-01-10,943,41,527,pontuação
2026-03-26,450,41,790,pontuação
2026-03-05,715,41,1292,pontuação
2026-01-29,767,41,1384,pontuação
2026-01-26,602,41,815,pontuação
2026-01-17,183,41,937,pontuação
2026-01-19,41,41,269,pontuação
2026-04-05,505,41,1287,pontuação
2026-03-15,421,41,591,pontuação
2026-03-25,453,41,566,pontuação
2026-01-29,608,41,954,pontuação
2026-04-03,196,41,247,pontuação
2026-05-03,27,41,858,pontuação
2026-02-12,919,41,229,pontuação
2026-03-03,185,41,978,pontuação
2026-04-26,287,41,803,pontuação
2026-05-04,692,41,201,pontuação
2026-02-09,558,41,235,pontuação
2026-03-27,559,41,417,pontuação
2026-02-05,709,41,761,pontuação
2026-01-27,289,41,83,pontuação
2026-04-23,955,41,1261,pontuação
2026-01-29,502,41,1030,pontuação
2026-04-16,900,41,903,pontuação
2026-03-23,99,41,1287,pontuação
2026-02-26,463,41,1153,pontuação
2026-02-06,491,41,217,pontuação
2026-04-21,944,41,299,pontuação
2026-03-18,873,41,111,pontuação
2026-03-30,754,41,1328,pontuação
2026-03-08,711,41,604,pontuação
2026-03-23,627,41,235,pontuação
2026-05-03,497,41,814,pontuação
2026-03-31,580,41,988,pontuação
2026-01-04,792,41,101,pontuação
2026-04-03,573,41,247,pontuação
2026-04-04,690,41,1136,pontuação
2026-03-14,209,41,428,pontuação
2026-03-26,273,41,782,pontuação
2026-02-17,849,41,739,pontuação
2026-04-12,482,41,813,pontuação
2026-03-06,101,41,1485,pontuação
2026-04-14,15,41,595,pontuação
2026-04-12,627,41,129,pontuação
2026-01-16,573,41,570,pontuação
2026-03-13,880,41,702,pontuação
2026-02-25,641,41,652,pontuação
2026-01-01,521,41,1413,pontuação
2026-04-08,296,41,909,pontuação
2026-03-24,539,41,1045,pontuação
2026-01-30,628,41,1223,pontuação
2026-02-04,219,41,463,pontuação
2026-01-25,625,41,733,pontuação
2026-04-29,134,41,967,pontuação
2026-03-27,857,41,986,pontuação
2026-04-19,890,41,817,pontuação
2026-01-16,546,41,1454,pontuação
2026-05-04,915,41,1386,pontuação
2026-04-27,240,41,721,pontuação
2026-01-12,651,41,584,pontuação
2026-01-25,169,41,662,pontuação
2026-04-29,980,41,40,pontuação
2026-02-13,595,41,1273,pontuação
2026-02-04,50,41,7,pontuação
2026-03-20,147,41,737,pontuação
2026-04-06,15,41,934,pontuação
2026-01-24,30,41,426,pontuação
2026-01-16,141,41,578,pontuação
2026-01-06,335,41,1450,pontuação
2026-03-04,668,41,461,pontuação
2026-03-15,962,41,1246,pontuação
2026-02-08,215,41,958,pontuação
2026-02-24,120,41,140,pontuação
2026-03-23,387,41,490,pontuação
2026-02-11,325,41,433,pontuação
2026-03-14,668,41,306,pontuação
2026-05-03,544,41,898,pontuação
2026-03-06,324,41,71,pontuação
2026-04-07,656,41,400,pontuação
2026-02-21,813,41,416,pontuação
2026-01-11,140,41,1470,pontuação
2026-03-14,24,41,557,pontuação
2026-04-15,542,41,959,pontuação
2026-04-11,652,41,907,pontuação
2026-03-07,411,41,170,pontuação
2026-03-22,209,41,1294,pontuação
2026-03-02,305,41,1414,pontuação
2026-01-19,763,41,476,pontuação
2026-05-04,989,41,563,pontuação
2026-04-03,880,41,129,pontuação
2026-03-11,947,41,750,pontuação
2026-03-09,488,41,1007,pontuação
2026-04-22,841,41,483,pontuação
2026-02-09,363,41,833,pontuação
2026-04-15,69,41,1214,pontuação
2026-01-18,559,41,595,pontuação
2026-01-12,297,41,1163,pontuação
2026-03-23,668,41,1070,pontuação
2026-01-27,932,41,1223,pontuação
2026-02-04,141,41,1287,pontuação
2026-01-17,328,41,1250,pontuação
2026-03-18,720,41,880,pontuação
2026-03-23,840,41,341,pontuação
2026-01-31,14,41,574,pontuação
2026-03-14,221,41,1414,pontuação
2026-04-25,608,41,143,pontuação
2026-02-10,782,41,1433,pontuação
2026-02-16,316,41,1375,pontuação
2026-02-26,742,41,987,pontuação
2026-02-15,969,41,799,pontuação
2026-02-21,618,41,124,pontuação
2026-02-10,778,41,963,pontuação
2026-04-09,959,41,210,pontuação
2026-01-15,44,41,560,pontuação
2026-04-22,124,41,793,pontuação
2026-04-18,921,41,460,pontuação
2026-03-06,100,41,1129,pontuação
2026-02-16,725,41,627,pontuação
2026-01-05,906,41,1039,pontuação
2026-02-04,1000,41,1195,pontuação
2026-03-26,236,41,504,pontuação
2026-01-12,123,41,363,pontuação
2026-04-09,526,41,1401,pontuação
2026-02-16,827,41,1369,pontuação
2026-04-12,117,41,1326,pontuação
2026-03-25,815,41,112,pontuação
2026-03-28,183,41,1043,pontuação
2026-01-09,743,41,627,pontuação
2026-03-11,165,41,556,pontuação
2026-02-12,936,41,766,pontuação
2026-03-13,942,41,653,pontuação
2026-02-25,153,41,218,pontuação
2026-01-26,538,41,620,pontuação
2026-02-09,706,41,1376,pontuação
2026-03-04,815,41,491,pontuação
2026-01-13,12,41,566,pontuação
2026-05-01,119,41,494,pontuação
2026-03-03,826,41,7,pontuação
2026-01-10,973,41,1229,pontuação
2026-01-15,571,41,1157,pontuação
2026-02-16,528,41,1304,pontuação
2026-01-14,410,41,1174,pontuação
2026-03-22,966,41,1177,pontuação
2026-05-02,517,41,1192,pontuação
2026-04-07,516,41,894,pontuação
2026-01-01,766,41,96,pontuação
2026-01-24,142,41,1400,pontuação
2026-03-26,358,41,63,pontuação
2026-04-01,635,41,638,pontuação
2026-01-07,388,41,1083,pontuação
2026-01-27,350,41,869,pontuação
2026-03-13,523,41,1206,pontuação
2026-05-04,661,41,509,pontuação
2026-03-01,991,41,255,pontuação
2026-03-11,641,41,986,pontuação
2026-04-25,206,41,1438,pontuação
2026-05-05,104,41,960,pontuação
2026-04-02,266,41,1348,pontuação
2026-05-02,901,41,108,pontuação
2026-01-14,411,41,889,pontuação
2026-04-19,28,41,622,pontuação
2026-02-10,318,41,690,pontuação
2026-01-10,260,41,159,pontuação
2026-02-07,1000,41,1135,pontuação
2026-03-14,552,41,112,pontuação
2026-04-07,422,41,1471,pontuação
2026-03-28,698,41,911,pontuação
2026-02-11,811,41,618,pontuação
2026-01-27,647,41,1371,pontuação
2026-03-24,812,41,236,pontuação
2026-03-07,452,41,175,pontuação
2026-04-13,72,41,1406,pontuação
2026-02-13,276,41,985,pontuação
2026-05-01,718,41,1011,pontuação
2026-04-24,729,41,1393,pontuação
2026-02-01,405,41,789,pontuação
2026-01-08,472,41,1296,pontuação
2026-03-26,738,41,273,pontuação
2026-03-25,747,41,475,pontuação
2026-03-01,666,41,648,pontuação
2026-03-09,723,41,1336,pontuação
2026-04-22,965,41,429,pontuação
2026-01-09,309,41,1190,pontuação
2026-01-02,796,41,449,pontuação
2026-01-09,881,41,1202,pontuação
2026-04-08,971,41,691,pontuação
2026-03-17,959,41,504,pontuação
2026-04-04,589,41,1100,pontuação
2026-04-16,874,41,444,pontuação
2026-01-18,884,41,718,pontuação
2026-03-09,262,41,1453,pontuação
2026-04-02,17,41,1331,pontuação
2026-02-13,707,41,325,pontuação
2026-02-11,290,41,1062,pontuação
2026-02-05,912,41,1412,pontuação
2026-02-14,315,41,94,pontuação
2026-04-23,575,41,1001,pontuação
2026-01-28,648,41,878,pontuação
2026-05-04,173,41,49,pontuação
2026-02-27,578,41,341,pontuação
2026-03-08,440,41,157,pontuação
2026-04-12,223,41,1049,pontuação
2026-02-26,624,41,257,pontuação
2026-01-27,989,41,1394,pontuação
2026-04-03,86,41,56,pontuação
2026-01-03,274,41,227,pontuação
2026-04-29,310,41,984,pontuação
2026-03-14,139,41,439,pontuação
2026-02-04,494,41,168,pontuação
2026-03-20,392,41,455,pontuação
2026-02-21,167,41,1122,pontuação
2026-03-03,117,41,955,pontuação
2026-05-04,354,41,664,pontuação
2026-02-11,444,41,881,pontuação
2026-03-30,34,41,436,pontuação
2026-02-14,186,41,1234,pontuação
2026-03-21,684,41,22,pontuação
2026-04-28,501,41,1182,pontuação
2026-02-12,653,41,501,pontuação
2026-01-05,883,41,879,pontuação
2026-04-06,791,41,1293,pontuação
2026-03-24,537,41,121,pontuação
2026-04-15,793,41,655,pontuação
2026-02-11,323,41,1453,pontuação
2026-04-18,307,41,781,pontuação
2026-02-01,423,41,277,pontuação
2026-01-15,65,41,635,pontuação
2026-03-18,371,41,684,pontuação
2026-03-18,575,41,1409,pontuação
2026-03-14,929,41,232,pontuação
2026-04-20,21,41,1389,pontuação
2026-04-18,32,41,876,pontuação
2026-03-08,483,41,944,pontuação
2026-03-26,41,41,1069,pontuação
2026-04-25,872,41,1389,pontuação
2026-04-05,155,41,875,pontuação
2026-04-29,738,41,531,pontuação
2026-01-19,862,41,798,pontuação
2026-01-15,525,41,1323,pontuação
2026-01-04,29,41,146,pontuação
2026-02-10,624,41,61,pontuação
2026-04-30,786,41,817,pontuação
2026-04-24,650,41,1110,pontuação
2026-01-25,4,41,201,pontuação
2026-04-15,572,41,1430,pontuação
2026-01-30,434,41,273,pontuação
2026-02-27,206,41,436,pontuação
2026-03-18,571,41,279,pontuação
2026-03-02,205,41,526,pontuação
2026-04-17,27,41,643,pontuação
2026-04-22,162,41,1301,pontuação
2026-01-08,694,41,1340,pontuação
2026-01-04,103,41,14,pontuação
2026-04-08,511,41,1064,pontuação
2026-04-11,171,41,541,pontuação
2026-04-30,325,41,1059,pontuação
2026-01-07,211,41,32,pontuação
2026-02-13,760,41,1405,pontuação
2026-04-04,597,41,1305,pontuação
2026-02-21,156,41,1142,pontuação
2026-03-22,675,41,314,pontuação
2026-02-06,601,41,702,pontuação
2026-02-17,594,41,136,pontuação
2026-04-13,671,41,873,pontuação
2026-02-16,918,41,547,pontuação
2026-04-13,255,41,543,pontuação
2026-04-28,939,41,1080,pontuação
2026-04-11,455,41,414,pontuação
2026-04-28,901,41,382,pontuação
2026-01-17,10,41,83,pontuação
2026-01-01,887,41,1088,pontuação
2026-03-19,545,41,922,pontuação
2026-02-04,891,41,38,pontuação
2026-01-21,602,41,790,pontuação
2026-03-10,657,41,514,pontuação
2026-04-18,340,41,1138,pontuação
2026-04-27,493,41,250,pontuação
2026-02-19,818,41,104,pontuação
2026-02-06,31,41,36,pontuação
2026-03-26,189,41,624,pontuação
2026-01-26,353,41,1061,pontuação
2026-02-26,315,41,49,pontuação
2026-02-24,190,41,607,pontuação
2026-01-15,348,41,1354,pontuação
2026-05-01,765,41,1009,pontuação
2026-02-27,474,41,433,pontuação
2026-01-18,130,41,778,pontuação
2026-02-07,414,41,1390,pontuação
2026-05-03,310,41,182,pontuação
2026-03-20,434,41,1063,pontuação
2026-04-02,910,41,221,pontuação
2026-03-21,696,41,1344,pontuação
2026-02-18,805,41,426,pontuação
2026-02-23,69,41,973,pontuação
2026-01-10,541,41,275,pontuação
2026-04-14,253,41,337,pontuação
2026-01-10,90,41,611,pontuação
2026-02-19,796,41,432,pontuação
2026-03-02,555,41,473,pontuação
2026-01-10,467,41,604,pontuação
2026-05-03,590,41,1392,pontuação
2026-01-13,582,41,1026,pontuação
2026-02-04,144,41,298,pontuação
2026-05-05,109,41,864,pontuação
2026-03-15,176,41,755,pontuação
2026-01-29,393,41,868,pontuação
2026-02-16,303,41,722,pontuação
2026-02-04,810,41,1486,pontuação
2026-04-04,578,41,364,pontuação
2026-01-30,657,41,460,pontuação
2026-02-27,592,41,1092,pontuação
2026-02-01,752,41,1421,pontuação
2026-01-24,488,41,319,pontuação
2026-01-14,9,41,969,pontuação
2026-04-05,965,41,484,pontuação
2026-03-06,147,41,1254,pontuação
2026-02-08,531,41,1366,pontuação
2026-01-20,695,41,128,pontuação
2026-04-05,625,41,1332,pontuação
2026-04-24,801,41,632,pontuação
2026-04-18,501,41,1424,pontuação
2026-03-16,545,41,1168,pontuação
2026-02-15,3,41,959,pontuação
2026-01-02,633,41,1175,pontuação
2026-04-22,589,41,939,pontuação
2026-05-05,338,41,607,pontuação
2026-02-17,779,41,499,pontuação
2026-01-15,532,41,354,pontuação
2026-01-28,854,17,1004,pontuação
2026-01-19,724,17,643,pontuação
2026-03-18,322,17,444,pontuação
2026-02-12,349,17,242,pontuação
2026-03-29,877,17,1446,pontuação
2026-01-21,617,17,398,pontuação
2026-04-09,61,17,343,pontuação
2026-01-31,137,17,988,pontuação
2026-03-07,325,17,1520,pontuação
2026-04-22,82,17,493,pontuação
2026-01-15,47,17,1376,pontuação
2026-04-12,968,17,1217,pontuação
2026-02-05,156,17,1381,pontuação
2026-04-05,341,17,2183,pontuação
2026-02-24,445,17,2235,pontuação
2026-01-07,799,17,158,pontuação
2026-04-19,346,17,431,pontuação
2026-02-01,441,17,2445,pontuação
2026-01-06,743,17,2019,pontuação
2026-05-02,886,17,587,pontuação
2026-04-24,280,17,26,pontuação
2026-01-13,506,17,970,pontuação
2026-03-05,244,17,524,pontuação
2026-03-26,185,17,497,pontuação
2026-01-19,424,17,1547,pontuação
2026-01-20,276,17,98,pontuação
2026-02-13,786,17,1149,pontuação
2026-04-13,48,17,1280,pontuação
2026-02-11,497,17,1934,pontuação
2026-03-12,788,17,1287,pontuação
2026-01-14,716,17,43,pontuação
2026-02-26,233,17,332,pontuação
2026-03-31,123,17,289,pontuação
2026-03-24,660,17,136,pontuação
2026-04-26,839,17,10,pontuação
2026-02-16,972,17,521,pontuação
2026-02-15,848,17,411,pontuação
2026-02-10,420,17,747,pontuação
2026-04-22,462,17,970,pontuação
2026-01-02,338,17,129,pontuação
2026-04-10,515,17,155,pontuação
2026-02-01,708,17,1886,pontuação
2026-02-20,640,17,630,pontuação
2026-03-19,690,17,2174,pontuação
2026-01-09,188,17,1801,pontuação
2026-04-09,999,17,1963,pontuação
2026-01-09,470,17,1913,pontuação
2026-01-22,303,17,1476,pontuação
2026-01-26,220,17,678,pontuação
2026-01-30,692,17,2309,pontuação
2026-01-02,562,17,27,pontuação
2026-01-17,611,17,1402,pontuação
2026-03-10,604,17,2113,pontuação
2026-04-17,20,17,1081,pontuação
2026-01-22,866,17,1988,pontuação
2026-03-15,670,17,2476,pontuação
2026-04-15,446,17,1859,pontuação
2026-04-10,267,17,830,pontuação
2026-03-21,647,17,2304,pontuação
2026-04-05,536,17,1869,pontuação
2026-03-29,240,17,29,pontuação
2026-01-10,204,17,1430,pontuação
2026-01-30,727,17,455,pontuação
2026-01-25,291,17,1341,pontuação
2026-05-05,673,17,659,pontuação
2026-04-14,471,17,1568,pontuação
2026-02-06,84,17,1251,pontuação
2026-01-20,313,17,1309,pontuação
2026-02-13,808,17,939,pontuação
2026-03-18,904,17,1377,pontuação
2026-01-12,512,17,604,pontuação
2026-04-17,254,17,546,pontuação
2026-03-10,868,17,776,pontuação
2026-03-12,420,17,1141,pontuação
2026-02-09,314,17,1718,pontuação
2026-01-26,873,17,1910,pontuação
2026-03-10,293,17,2297,pontuação
2026-02-23,143,17,1145,pontuação
2026-05-01,968,17,207,pontuação
2026-04-08,527,17,2095,pontuação
2026-02-21,379,17,56,pontuação
2026-02-25,899,17,836,pontuação
2026-01-19,246,17,1127,pontuação
2026-02-23,639,17,109,pontuação
2026-01-19,638,17,1197,pontuação
2026-01-05,96,17,1449,pontuação
2026-03-24,576,17,1465,pontuação
2026-03-26,934,17,15,pontuação
2026-05-03,907,17,496,pontuação
2026-01-03,242,17,73,pontuação
2026-03-17,271,17,626,pontuação
2026-01-07,534,17,987,pontuação
2026-04-10,413,17,716,pontuação
2026-04-30,56,17,2426,pontuação
2026-04-27,876,17,1534,pontuação
2026-03-12,325,17,1858,pontuação
2026-02-10,192,17,1456,pontuação
2026-03-22,204,17,1212,pontuação
2026-04-06,43,17,1027,pontuação
2026-02-11,90,17,599,pontuação
2026-04-29,742,17,2162,pontuação
2026-03-08,178,17,1986,pontuação
2026-04-14,253,17,297,pontuação
2026-04-16,54,17,1605,pontuação
2026-03-01,314,17,2278,pontuação
2026-02-03,730,17,1377,pontuação
2026-01-12,224,17,1746,pontuação
2026-01-18,386,17,202,pontuação
2026-03-24,15,17,1030,pontuação
2026-04-06,579,17,808,pontuação
2026-01-24,10,17,209,pontuação
2026-01-07,130,17,1984,pontuação
2026-05-03,755,17,1170,pontuação
2026-03-30,817,17,94,pontuação
2026-02-14,664,17,1664,pontuação
2026-01-17,813,17,1949,pontuação
2026-01-18,144,17,61,pontuação
2026-02-21,558,17,1851,pontuação
2026-03-06,822,17,1161,pontuação
2026-02-03,649,17,2342,pontuação
2026-03-08,608,17,331,pontuação
2026-01-07,874,17,2170,pontuação
2026-02-16,707,17,1379,pontuação
2026-04-23,893,17,1265,pontuação
2026-02-18,390,17,947,pontuação
2026-02-27,23,17,360,pontuação
2026-04-20,892,17,1405,pontuação
2026-01-26,374,17,1353,pontuação
2026-02-25,582,17,394,pontuação
2026-01-19,273,17,852,pontuação
2026-04-05,590,17,1985,pontuação
2026-04-24,651,17,1723,pontuação
2026-02-18,23,17,1827,pontuação
2026-03-23,393,17,982,pontuação
2026-03-22,394,17,1257,pontuação
2026-02-24,582,17,1934,pontuação
2026-02-06,706,17,426,pontuação
2026-02-11,5,17,1960,pontuação
2026-01-21,141,17,1143,pontuação
2026-01-16,269,17,1388,pontuação
2026-03-22,347,17,876,pontuação
2026-04-15,556,17,1727,pontuação
2026-01-20,36,17,1870,pontuação
2026-02-09,528,17,1407,pontuação
2026-04-20,861,17,326,pontuação
2026-04-20,627,17,269,pontuação
2026-03-29,230,17,297,pontuação
2026-03-29,19,17,202,pontuação
2026-01-15,845,17,1872,pontuação
2026-01-15,654,17,137,pontuação
2026-03-15,830,17,2029,pontuação
2026-03-02,151,17,533,pontuação
2026-02-17,545,17,581,pontuação
2026-04-05,911,17,80,pontuação
2026-03-02,685,17,62,pontuação
2026-01-06,705,17,1113,pontuação
2026-04-01,472,17,799,pontuação
2026-01-28,775,17,143,pontuação
2026-04-06,389,17,1526,pontuação
2026-05-04,877,17,694,pontuação
2026-02-23,513,17,2493,pontuação
2026-04-01,891,17,25,pontuação
2026-03-06,620,17,1387,pontuação
2026-01-22,111,17,783,pontuação
2026-01-13,368,17,623,pontuação
2026-03-13,829,17,1235,pontuação
2026-03-03,342,17,314,pontuação
2026-03-12,644,17,1619,pontuação
2026-02-17,185,17,83,pontuação
2026-04-11,217,17,277,pontuação
2026-02-20,396,17,770,pontuação
2026-01-27,184,17,1331,pontuação
2026-01-20,498,17,2036,pontuação
2026-04-20,172,17,2162,pontuação
2026-04-09,704,17,737,pontuação
2026-03-01,492,17,159,pontuação
2026-01-07,973,17,526,pontuação
2026-03-31,995,17,964,pontuação
2026-03-08,661,17,875,pontuação
2026-02-13,946,17,183,pontuação
2026-03-30,5,17,1077,pontuação
2026-01-29,778,17,2042,pontuação
2026-01-10,262,17,797,pontuação
2026-04-24,356,17,1266,pontuação
2026-03-23,906,17,586,pontuação
2026-04-13,547,17,1215,pontuação
2026-04-08,183,17,1077,pontuação
2026-04-01,376,17,744,pontuação
2026-01-24,284,17,154,pontuação
2026-01-20,1000,17,2360,pontuação
2026-01-13,340,17,2003,pontuação
2026-01-04,907,17,440,pontuação
2026-04-11,222,17,2145,pontuação
2026-03-13,757,17,1385,pontuação
2026-04-13,422,17,550,pontuação
2026-04-30,739,17,2213,pontuação
2026-01-28,49,17,2131,pontuação
2026-01-05,234,17,1456,pontuação
2026-02-11,493,17,1006,pontuação
2026-01-02,559,17,30,pontuação
2026-04-05,793,17,544,pontuação
2026-03-20,939,17,1629,pontuação
2026-03-21,69,17,2144,pontuação
2026-02-10,115,17,8,pontuação
2026-03-14,916,17,269,pontuação
2026-04-02,26,17,1263,pontuação
2026-04-28,986,17,2327,pontuação
2026-03-27,12,17,2417,pontuação
2026-01-23,552,17,97,pontuação
2026-01-05,385,17,629,pontuação
2026-04-07,980,17,949,pontuação
2026-04-17,105,17,1364,pontuação
2026-04-06,266,17,2416,pontuação
2026-03-05,435,17,1631,pontuação
2026-03-26,130,17,115,pontuação
2026-03-23,932,17,1216,pontuação
2026-02-02,305,17,1718,pontuação
2026-01-23,45,17,1395,pontuação
2026-03-04,245,17,2019,pontuação
2026-04-05,956,17,1327,pontuação
2026-02-07,414,17,990,pontuação
2026-03-04,683,17,740,pontuação
2026-01-31,807,17,10,pontuação
2026-01-01,646,17,2260,pontuação
2026-04-22,567,17,799,pontuação
2026-02-24,988,17,1689,pontuação
2026-04-21,318,17,2416,pontuação
2026-01-03,598,17,2460,pontuação
2026-02-18,348,17,910,pontuação
2026-02-11,419,17,704,pontuação
2026-05-05,764,17,288,pontuação
2026-05-05,949,17,1771,pontuação
2026-01-23,337,17,1516,pontuação
2026-03-26,590,17,2250,pontuação
2026-02-16,435,17,790,pontuação
2026-01-04,319,17,2225,pontuação
2026-03-17,557,17,754,pontuação
2026-03-19,120,17,615,pontuação
2026-01-07,522,17,2114,pontuação
2026-02-04,400,17,2227,pontuação
2026-03-23,928,17,1940,pontuação
2026-01-06,614,17,1609,pontuação
2026-03-01,772,17,904,pontuação
2026-03-22,82,17,120,pontuação
2026-04-01,729,17,563,pontuação
2026-02-26,452,17,2364,pontuação
2026-01-16,955,17,1828,pontuação
2026-03-07,717,17,2060,pontuação
2026-03-31,271,17,2413,pontuação
2026-04-03,607,17,1929,pontuação
2026-03-27,50,17,1089,pontuação
2026-05-01,709,17,2267,pontuação
2026-04-24,317,17,308,pontuação
2026-01-23,634,17,258,pontuação
2026-03-27,904,17,1351,pontuação
2026-03-26,125,17,974,pontuação
2026-02-26,328,17,279,pontuação
2026-03-23,303,17,913,pontuação
2026-03-14,533,17,2254,pontuação
2026-04-09,430,17,1794,pontuação
2026-04-05,266,17,1194,pontuação
2026-05-04,99,17,1014,pontuação
2026-02-04,382,17,871,pontuação
2026-01-06,783,17,755,pontuação
2026-03-25,506,17,2202,pontuação
2026-01-12,937,17,453,pontuação
2026-04-16,654,17,218,pontuação
2026-03-12,524,17,1460,pontuação
2026-01-11,407,17,75,pontuação
2026-01-09,14,17,1389,pontuação
2026-01-07,211,17,1150,pontuação
2026-04-23,648,17,2104,pontuação
2026-04-11,218,17,908,pontuação
2026-05-04,664,17,821,pontuação
2026-03-28,690,17,1220,pontuação
2026-01-18,58,17,601,pontuação
2026-02-02,285,17,396,pontuação
2026-03-13,450,17,1287,pontuação
2026-04-20,177,17,877,pontuação
2026-03-07,385,17,1120,pontuação
2026-01-22,991,17,1325,pontuação
2026-02-03,500,17,2327,pontuação
2026-04-11,224,17,131,pontuação
2026-04-09,941,17,1604,pontuação
2026-03-19,451,17,1176,pontuação
2026-02-20,264,17,856,pontuação
2026-03-16,31,17,138,pontuação
2026-03-30,197,17,2226,pontuação
2026-03-07,757,17,1716,pontuação
2026-02-12,463,17,1991,pontuação
2026-04-18,334,17,1475,pontuação
2026-02-09,794,17,1743,pontuação
2026-02-02,483,17,1223,pontuação
2026-03-19,980,17,650,pontuação
2026-02-06,919,17,1680,pontuação
2026-01-10,672,17,2403,pontuação
2026-01-12,232,17,1029,pontuação
2026-04-14,838,17,900,pontuação
2026-01-29,714,17,1526,pontuação
2026-01-09,383,17,1825,pontuação
2026-01-12,251,17,1330,pontuação
2026-01-21,230,17,2133,pontuação
2026-03-08,68,17,2307,pontuação
2026-05-02,31,17,2266,pontuação
2026-02-22,511,17,1804,pontuação
2026-01-01,743,17,1055,pontuação
2026-03-01,206,17,352,pontuação
2026-02-07,571,17,1228,pontuação
2026-01-24,202,17,382,pontuação
2026-04-24,557,17,1354,pontuação
2026-01-11,821,17,2322,pontuação
2026-03-18,370,17,122,pontuação
2026-03-31,297,17,1110,pontuação
2026-03-17,423,17,1128,pontuação
2026-03-22,416,17,803,pontuação
2026-01-26,73,17,2047,pontuação
2026-03-12,682,17,1905,pontuação
2026-02-27,618,17,1791,pontuação
2026-03-16,341,17,1596,pontuação
2026-03-27,776,17,774,pontuação
2026-03-11,384,17,114,pontuação
2026-04-28,950,17,1177,pontuação
2026-03-01,402,17,2079,pontuação
2026-02-23,458,17,655,pontuação
2026-01-15,562,17,699,pontuação
2026-01-17,101,17,486,pontuação
2026-01-08,577,17,1447,pontuação
2026-04-10,414,17,1467,pontuação
2026-01-19,305,17,985,pontuação
2026-02-28,240,17,1998,pontuação
2026-01-24,625,17,1127,pontuação
2026-01-13,168,17,659,pontuação
2026-02-05,694,17,2363,pontuação
2026-04-30,904,17,2184,pontuação
2026-01-20,316,17,2147,pontuação
2026-02-12,969,17,491,pontuação
2026-02-26,289,17,505,pontuação
2026-02-02,590,17,402,pontuação
2026-01-31,621,17,739,pontuação
2026-02-28,524,17,1817,pontuação
2026-03-16,956,17,1599,pontuação
2026-04-12,373,17,1861,pontuação
2026-04-17,402,17,1490,pontuação
2026-03-20,32,17,2084,pontuação
2026-04-29,905,17,334,pontuação
2026-01-12,133,17,2360,pontuação
2026-02-20,106,17,1361,pontuação
2026-04-12,970,17,119,pontuação
2026-02-08,924,17,841,pontuação
2026-04-21,648,17,1611,pontuação
2026-04-11,464,17,492,pontuação
2026-02-22,313,17,1910,pontuação
2026-04-07,62,17,2038,pontuação
2026-04-28,902,17,1536,pontuação
2026-04-23,469,17,1729,pontuação
2026-01-31,30,17,2373,pontuação
2026-03-22,412,17,1359,pontuação
2026-01-13,427,17,1010,pontuação
2026-02-15,727,17,414,pontuação
2026-02-04,786,17,484,pontuação
2026-03-08,240,17,592,pontuação
2026-02-03,427,17,1416,pontuação
2026-03-13,857,17,1600,pontuação
2026-02-23,727,17,1743,pontuação
2026-02-25,431,17,2130,pontuação
2026-02-02,690,17,697,pontuação
2026-02-08,739,17,908,pontuação
2026-01-24,129,17,95,pontuação
2026-01-05,105,17,716,pontuação
2026-02-10,42,17,2305,pontuação
2026-02-11,314,17,440,pontuação
2026-02-23,453,17,1321,pontuação
2026-02-03,313,17,2373,pontuação
2026-05-03,188,17,2019,pontuação
2026-03-25,92,17,2249,pontuação
2026-03-13,74,17,1330,pontuação
2026-04-06,904,17,1001,pontuação
2026-01-31,315,17,121,pontuação
2026-01-15,678,17,1576,pontuação
2026-02-04,512,17,941,pontuação
2026-01-11,34,17,1793,pontuação
2026-04-01,748,17,1247,pontuação
2026-01-14,486,17,195,pontuação
2026-03-07,529,17,1001,pontuação
2026-04-07,277,17,1428,pontuação
2026-04-21,301,17,2055,pontuação
2026-03-08,192,17,1942,pontuação
2026-04-13,849,17,553,pontuação
2026-01-29,990,17,685,pontuação
2026-02-20,689,17,2456,pontuação
2026-04-15,693,17,176,pontuação
2026-04-11,587,17,1348,pontuação
2026-02-12,386,17,503,pontuação
2026-03-04,517,17,2235,pontuação
2026-03-04,38,17,667,pontuação
2026-01-02,682,17,1637,pontuação
2026-02-14,769,17,180,pontuação
2026-03-08,911,17,1314,pontuação
2026-01-05,276,17,630,pontuação
2026-01-26,783,17,1041,pontuação
2026-03-29,513,17,1346,pontuação
2026-04-06,834,17,1230,pontuação
2026-04-09,255,17,387,pontuação
2026-04-06,37,17,1207,pontuação
2026-02-06,664,17,1046,pontuação
2026-04-03,445,17,146,pontuação
2026-01-20,126,17,911,pontuação
2026-01-10,217,17,1622,pontuação
2026-02-19,498,17,1712,pontuação
2026-03-29,705,17,1290,pontuação
2026-02-02,739,17,773,pontuação
2026-04-28,423,17,1132,pontuação
2026-01-29,960,17,78,pontuação
2026-01-22,525,17,245,pontuação
2026-04-01,165,17,2348,pontuação
2026-01-17,399,17,1161,pontuação
2026-02-17,693,17,1034,pontuação
2026-03-16,406,17,2385,pontuação
2026-01-14,286,17,1913,pontuação
2026-01-17,125,17,1096,pontuação
2026-03-23,265,17,1228,pontuação
2026-01-23,474,17,551,pontuação
2026-02-11,788,17,1639,pontuação
2026-01-02,935,17,8,pontuação
2026-04-09,297,17,714,pontuação
2026-05-03,206,17,2213,pontuação
2026-03-07,892,17,797,pontuação
2026-02-05,875,17,1652,pontuação
2026-04-18,398,17,1764,pontuação
2026-01-19,968,17,2443,pontuação
2026-01-21,876,17,1391,pontuação
2026-01-03,413,17,1666,pontuação
2026-04-20,239,17,2003,pontuação
2026-01-07,666,17,1478,pontuação
2026-03-02,751,17,2274,pontuação
2026-02-18,862,17,1948,pontuação
2026-05-03,606,17,1866,pontuação
2026-03-10,459,17,979,pontuação
2026-01-07,467,17,748,pontuação
2026-01-13,112,17,2429,pontuação
2026-04-03,991,17,1447,pontuação
2026-02-20,462,17,1355,pontuação
2026-03-20,680,17,1496,pontuação
2026-03-29,342,17,2339,pontuação
2026-04-25,137,17,1691,pontuação
2026-02-20,831,17,1104,pontuação
2026-04-30,411,17,2182,pontuação
2026-01-04,380,17,1543,pontuação
2026-04-13,958,17,1981,pontuação
2026-03-31,434,17,702,pontuação
2026-02-25,905,17,462,pontuação
2026-02-01,323,17,205,pontuação
2026-03-10,423,17,562,pontuação
2026-04-27,564,17,404,pontuação
2026-03-05,600,17,1108,pontuação
2026-01-29,809,17,1797,pontuação
2026-01-13,339,17,914,pontuação
2026-04-19,771,17,1182,pontuação
2026-01-28,433,17,1932,pontuação
2026-03-24,75,17,432,pontuação
2026-01-23,407,17,1073,pontuação
2026-04-18,985,17,671,pontuação
2026-04-03,590,17,678,pontuação
2026-04-18,572,17,1043,pontuação
2026-03-20,614,17,1626,pontuação
2026-03-26,511,17,1598,pontuação
2026-02-21,456,17,2063,pontuação
2026-02-21,431,17,146,pontuação
2026-01-02,778,17,1506,pontuação
2026-04-10,381,17,1121,pontuação
2026-02-17,714,17,2151,pontuação
2026-05-02,515,17,809,pontuação
2026-04-24,30,17,1471,pontuação
2026-01-05,790,17,872,pontuação
2026-03-02,498,17,1296,pontuação
2026-01-22,151,17,386,pontuação
2026-01-12,130,17,608,pontuação
2026-03-24,43,17,1759,pontuação
2026-02-03,8,17,1939,pontuação
2026-04-19,892,17,1257,pontuação
2026-01-03,752,17,1457,pontuação
2026-02-22,502,17,2198,pontuação
2026-02-13,267,17,1100,pontuação
2026-04-15,802,17,568,pontuação
2026-01-29,324,17,1867,pontuação
2026-04-28,532,17,1003,pontuação
2026-03-25,532,17,1998,pontuação
2026-01-09,845,17,2377,pontuação
2026-03-28,561,17,1452,pontuação
2026-04-09,311,17,1569,pontuação
2026-04-20,409,17,2336,pontuação
2026-02-06,922,17,2177,pontuação
2026-03-11,560,17,96,pontuação
2026-03-02,720,17,2301,pontuação
2026-03-28,925,17,879,pontuação
2026-03-02,984,17,1954,pontuação
2026-03-24,246,17,231,pontuação
2026-03-03,172,17,1951,pontuação
2026-01-29,625,17,1614,pontuação
2026-01-23,431,17,1281,pontuação
2026-04-12,939,17,1201,pontuação
2026-04-16,412,17,103,pontuação
2026-01-02,267,17,892,pontuação
2026-03-14,700,17,1425,pontuação
2026-05-04,92,17,366,pontuação
2026-03-29,808,17,49,pontuação
2026-04-25,863,17,148,pontuação
2026-01-06,551,17,56,pontuação
2026-03-30,530,17,1701,pontuação
2026-03-13,587,17,1170,pontuação
2026-03-07,583,17,2433,pontuação
2026-04-06,55,17,1412,pontuação
2026-01-30,94,17,1027,pontuação
2026-02-21,804,17,692,pontuação
2026-04-10,540,17,228,pontuação
2026-04-06,703,17,672,pontuação
2026-03-25,213,17,127,pontuação
2026-04-28,577,17,347,pontuação
2026-04-21,582,17,2170,pontuação
2026-02-07,376,17,1819,pontuação
2026-03-18,803,17,2432,pontuação
2026-01-08,248,17,2039,pontuação
2026-03-08,992,17,78,pontuação
2026-01-12,132,17,479,pontuação
2026-05-05,814,17,603,pontuação
2026-04-20,715,17,512,pontuação
2026-04-03,440,17,2402,pontuação
2026-02-08,906,17,2004,pontuação
2026-03-07,948,17,1288,pontuação
2026-02-16,94,17,378,pontuação
2026-01-15,619,17,950,pontuação
2026-03-20,242,17,579,pontuação
2026-01-30,308,17,2017,pontuação
2026-02-03,274,17,2081,pontuação
2026-02-06,733,17,2036,pontuação
2026-04-17,134,17,2178,pontuação
2026-01-19,224,17,2187,pontuação
2026-04-18,677,17,1452,pontuação
2026-03-01,435,17,988,pontuação
2026-04-06,886,17,491,pontuação
2026-01-19,102,17,1793,pontuação
2026-04-11,721,17,554,pontuação
2026-03-13,838,17,225,pontuação
2026-01-12,664,17,289,pontuação
2026-04-29,887,17,566,pontuação
2026-01-24,51,17,872,pontuação
2026-02-23,967,17,959,pontuação
2026-01-21,86,17,2233,pontuação
2026-04-10,675,17,1460,pontuação
2026-01-01,620,17,1203,pontuação
2026-02-08,383,17,1891,pontuação
2026-05-01,729,17,1798,pontuação
2026-01-28,66,17,932,pontuação
2026-02-10,73,17,1769,pontuação
2026-01-31,720,17,129,pontuação
2026-05-02,944,17,287,pontuação
2026-02-26,88,17,1761,pontuação
2026-01-24,700,17,641,pontuação
2026-03-07,593,17,2416,pontuação
2026-04-21,730,17,347,pontuação
2026-01-17,918,17,2222,pontuação
2026-01-08,424,17,1002,pontuação
2026-04-12,659,17,1134,pontuação
2026-04-16,701,17,2011,pontuação
2026-02-21,139,17,739,pontuação
2026-02-22,921,17,650,pontuação
2026-01-12,593,17,1953,pontuação
2026-03-05,392,17,472,pontuação
2026-04-25,32,17,247,pontuação
2026-03-04,968,17,840,pontuação
2026-01-11,430,17,880,pontuação
2026-02-16,215,17,1221,pontuação
2026-05-01,176,17,1326,pontuação
2026-04-15,560,17,226,pontuação
2026-05-03,15,17,432,pontuação
2026-03-02,423,17,1629,pontuação
2026-04-29,726,17,329,pontuação
2026-03-08,150,17,1157,pontuação
2026-01-22,249,17,62,pontuação
2026-03-10,319,17,756,pontuação
2026-05-05,845,17,576,pontuação
2026-03-29,640,17,2479,pontuação
2026-04-13,489,17,2426,pontuação
2026-03-29,770,17,920,pontuação
2026-01-11,122,17,1348,pontuação
2026-02-07,342,17,336,pontuação
2026-03-10,691,17,2092,pontuação
2026-02-19,823,17,499,pontuação
2026-01-08,288,17,860,pontuação
2026-02-02,244,17,1100,pontuação
2026-01-09,844,17,1716,pontuação
2026-03-07,843,17,43,pontuação
2026-03-04,159,17,538,pontuação
2026-02-08,317,17,1160,pontuação
2026-04-30,833,17,283,pontuação
2026-04-23,116,17,413,pontuação
2026-04-27,562,17,1394,pontuação
2026-01-24,507,17,1786,pontuação
2026-01-01,107,17,976,pontuação
2026-01-04,326,17,103,pontuação
2026-03-31,922,17,1517,pontuação
2026-03-18,284,17,1117,pontuação
2026-01-13,440,17,303,pontuação
2026-03-25,643,17,1317,pontuação
2026-04-13,298,17,1656,pontuação
2026-01-09,353,17,2076,pontuação
2026-01-16,626,17,155,pontuação
2026-01-21,428,17,1055,pontuação
2026-03-29,946,17,1135,pontuação
2026-02-01,147,17,2184,pontuação
2026-01-31,171,17,530,pontuação
2026-02-06,714,17,1722,pontuação
2026-04-23,865,17,1349,pontuação
2026-03-03,270,17,1234,pontuação
2026-04-13,909,17,243,pontuação
2026-02-18,693,17,669,pontuação
2026-01-25,382,17,1363,pontuação
2026-04-22,925,17,745,pontuação
2026-01-31,7,17,1053,pontuação
2026-01-16,406,17,2180,pontuação
2026-04-11,571,17,2182,pontuação
2026-02-22,661,17,2407,pontuação
2026-02-20,1000,17,2223,pontuação
2026-02-01,731,17,1038,pontuação
2026-03-30,163,17,571,pontuação
2026-01-30,501,17,1446,pontuação
2026-03-20,347,17,194,pontuação
2026-04-23,525,17,1734,pontuação
2026-01-28,660,17,2382,pontuação
2026-01-03,600,17,2414,pontuação
2026-04-08,480,17,1668,pontuação
2026-04-23,486,17,1267,pontuação
2026-03-29,585,17,1665,pontuação
2026-04-13,135,17,1921,pontuação
2026-04-06,496,17,568,pontuação
2026-03-17,893,17,1669,pontuação
2026-03-29,121,17,483,pontuação
2026-01-26,19,17,165,pontuação
2026-02-23,424,17,36,pontuação
2026-03-01,895,17,616,pontuação
2026-05-02,926,17,180,pontuação
2026-01-23,403,17,928,pontuação
2026-02-10,489,17,2283,pontuação
2026-02-12,416,17,2390,pontuação
2026-02-18,592,17,527,pontuação
2026-02-18,632,17,308,pontuação
2026-02-17,897,17,1852,pontuação
2026-05-02,70,17,1989,pontuação
2026-02-17,5,17,1043,pontuação
2026-02-26,500,17,568,pontuação
2026-02-22,462,17,1556,pontuação
2026-01-25,707,17,2394,pontuação
2026-02-07,873,17,1478,pontuação
2026-02-14,163,17,1848,pontuação
2026-03-04,816,17,94,pontuação
2026-04-27,338,17,1274,pontuação
2026-01-22,833,17,863,pontuação
2026-04-29,81,17,1394,pontuação
2026-01-24,34,17,1111,pontuação
2026-02-14,214,17,1407,pontuação
2026-01-24,804,17,1751,pontuação
2026-01-29,653,17,2099,pontuação
2026-01-17,272,17,227,pontuação
2026-01-08,787,17,1198,pontuação
2026-04-07,743,17,709,pontuação
2026-02-15,56,17,2327,pontuação
2026-04-10,392,17,1857,pontuação
2026-04-24,131,17,387,pontuação
2026-02-16,552,17,391,pontuação
2026-04-08,914,17,1951,pontuação
2026-04-27,627,17,1436,pontuação
2026-03-27,146,17,1453,pontuação
2026-03-29,638,17,2475,pontuação
2026-02-23,32,17,431,pontuação
2026-05-01,51,17,982,pontuação
2026-01-18,540,17,1739,pontuação
2026-04-22,559,17,2053,pontuação
2026-04-19,434,17,1571,pontuação
2026-03-12,982,17,1767,pontuação
2026-03-16,140,17,2474,pontuação
2026-04-29,268,17,53,pontuação
2026-02-17,304,17,1216,pontuação
2026-03-22,488,17,2211,pontuação
2026-01-30,564,17,1180,pontuação
2026-04-21,673,17,1083,pontuação
2026-02-24,264,17,1263,pontuação
2026-02-21,840,17,1971,pontuação
2026-04-03,670,17,914,pontuação
2026-01-14,663,17,2162,pontuação
2026-02-25,602,17,776,pontuação
2026-02-13,106,17,2101,pontuação
2026-03-30,475,17,845,pontuação
2026-01-17,236,17,583,pontuação
2026-03-01,711,17,361,pontuação
2026-03-20,57,17,1005,pontuação
2026-03-27,430,17,435,pontuação
2026-04-24,130,17,1799,pontuação
2026-01-31,985,17,1683,pontuação
2026-02-04,246,17,1885,pontuação
2026-05-03,42,17,1331,pontuação
2026-01-11,150,17,523,pontuação
2026-01-08,869,17,133,pontuação
2026-01-09,391,17,1741,pontuação
2026-01-02,835,17,2091,pontuação
2026-01-10,451,17,410,pontuação
2026-04-21,588,17,176,pontuação
2026-02-12,184,17,2478,pontuação
2026-04-18,559,17,1023,pontuação
2026-04-17,177,17,2028,pontuação
2026-01-02,304,17,2305,pontuação
2026-01-03,261,17,1092,pontuação
2026-04-28,357,17,1698,pontuação
2026-03-26,176,17,504,pontuação
2026-04-24,129,17,335,pontuação
2026-03-08,344,17,912,pontuação
2026-04-30,340,17,1633,pontuação
2026-05-01,17,17,650,pontuação
2026-01-10,429,17,456,pontuação
2026-03-29,518,17,1844,pontuação
2026-04-06,651,17,2203,pontuação
2026-02-07,160,17,1047,pontuação
2026-03-26,359,17,1530,pontuação
2026-02-26,161,17,2066,pontuação
2026-01-26,622,17,2063,pontuação
2026-04-20,905,17,2014,pontuação
2026-03-18,385,17,2123,pontuação
2026-05-01,336,17,1660,pontuação
2026-01-14,70,17,2202,pontuação
2026-03-30,739,17,624,pontuação
2026-03-29,877,17,1063,pontuação
2026-04-09,321,17,192,pontuação
2026-01-02,155,17,764,pontuação
2026-03-10,766,17,1381,pontuação
2026-01-11,464,17,128,pontuação
2026-03-28,535,17,294,pontuação
2026-04-28,435,17,2364,pontuação
2026-04-28,184,17,1443,pontuação
2026-04-27,995,17,2068,pontuação
2026-01-18,321,17,383,pontuação
2026-04-12,943,17,2455,pontuação
2026-03-13,199,17,1781,pontuação
2026-04-24,388,17,2211,pontuação
2026-04-17,930,17,1731,pontuação
2026-04-14,181,17,2167,pontuação
2026-04-28,329,17,421,pontuação
2026-01-22,565,17,2327,pontuação
2026-03-02,564,17,700,pontuação
2026-04-22,874,17,626,pontuação
2026-03-16,789,17,1008,pontuação
2026-03-07,984,17,1230,pontuação
2026-01-12,535,17,1046,pontuação
2026-01-02,234,17,2448,pontuação
2026-01-06,526,17,1680,pontuação
2026-05-02,953,17,309,pontuação
2026-01-12,436,17,1375,pontuação
2026-04-25,249,17,425,pontuação
2026-01-21,542,17,870,pontuação
2026-03-22,64,17,1271,pontuação
2026-02-21,698,17,1428,pontuação
2026-01-16,232,17,2426,pontuação
2026-01-23,306,17,444,pontuação
2026-04-16,584,17,355,pontuação
2026-04-08,91,17,560,pontuação
2026-02-21,419,17,2127,pontuação
2026-01-16,444,17,243,pontuação
2026-01-04,556,17,668,pontuação
2026-02-16,513,17,2448,pontuação
2026-04-04,964,17,452,pontuação
2026-02-19,403,17,1411,pontuação
2026-03-04,737,17,2053,pontuação
2026-04-09,881,17,1763,pontuação
2026-01-24,41,17,1018,pontuação
2026-01-20,423,17,1578,pontuação
2026-02-09,185,17,1036,pontuação
2026-03-29,75,17,1229,pontuação
2026-01-13,122,17,887,pontuação
2026-01-19,36,17,339,pontuação
2026-03-06,504,17,1991,pontuação
2026-03-25,642,17,1229,pontuação
2026-02-28,681,17,146,pontuação
2026-02-08,228,17,1148,pontuação
2026-04-11,263,17,2051,pontuação
2026-02-17,420,17,1368,pontuação
2026-03-02,750,17,119,pontuação
2026-02-25,583,17,683,pontuação
2026-03-23,105,17,1659,pontuação
2026-04-21,313,17,1625,pontuação
2026-01-15,750,17,515,pontuação
2026-02-09,3,17,1437,pontuação
2026-01-07,382,17,2349,pontuação
2026-03-14,231,17,25,pontuação
2026-02-17,986,17,370,pontuação
2026-04-12,50,17,247,pontuação
2026-03-20,972,17,962,pontuação
2026-01-26,560,17,1545,pontuação
2026-02-20,27,17,1444,pontuação
2026-02-03,564,17,2215,pontuação
2026-04-10,59,17,23,pontuação
2026-04-27,639,17,1745,pontuação
2026-02-07,972,17,552,pontuação
2026-03-23,977,17,966,pontuação
2026-02-01,285,17,2353,pontuação
2026-04-21,396,17,964,pontuação
2026-05-03,229,17,1897,pontuação
2026-04-17,654,17,2449,pontuação
2026-03-11,641,17,1826,pontuação
2026-01-13,700,17,726,pontuação
2026-03-29,37,17,1571,pontuação
2026-02-23,676,17,520,pontuação
2026-01-08,880,17,1295,pontuação
2026-02-05,982,17,877,pontuação
2026-01-24,400,17,1760,pontuação
2026-01-23,702,17,833,pontuação
2026-04-23,16,17,829,pontuação
2026-03-17,390,17,1308,pontuação
2026-03-26,522,17,1589,pontuação
2026-04-18,948,17,132,pontuação
2026-04-20,712,17,1821,pontuação
2026-03-14,74,17,1018,pontuação
2026-04-15,76,17,135,pontuação
2026-01-14,845,17,851,pontuação
2026-02-06,932,17,376,pontuação
2026-02-10,183,17,2165,pontuação
2026-01-26,860,17,2400,pontuação
2026-04-18,667,17,1029,pontuação
2026-01-05,295,17,1642,pontuação
2026-02-22,827,17,149,pontuação
2026-04-27,490,17,850,pontuação
2026-02-05,236,17,1902,pontuação
2026-04-19,971,17,346,pontuação
2026-01-27,560,17,227,pontuação
2026-01-14,767,17,1172,pontuação
2026-01-19,879,17,144,pontuação
2026-01-17,789,17,1833,pontuação
2026-04-21,899,17,1551,pontuação
2026-01-24,288,17,1039,pontuação
2026-03-05,910,17,1140,pontuação
2026-03-27,489,17,2308,pontuação
2026-01-09,24,17,1050,pontuação
2026-01-05,669,17,2456,pontuação
2026-03-13,316,17,1296,pontuação
2026-03-03,671,17,1772,pontuação
2026-01-14,84,17,1967,pontuação
2026-01-28,497,17,1710,pontuação
2026-01-26,728,17,1333,pontuação
2026-02-06,60,17,832,pontuação
2026-02-25,453,17,431,pontuação
2026-01-24,717,17,980,pontuação
2026-03-23,461,17,1192,pontuação
2026-04-09,159,17,653,pontuação
2026-02-12,906,17,378,pontuação
2026-03-25,748,17,2423,pontuação
2026-04-27,162,17,616,pontuação
2026-03-17,233,17,1289,pontuação
2026-01-06,872,17,215,pontuação
2026-03-05,13,17,1367,pontuação
2026-04-25,561,17,205,pontuação
2026-03-03,817,17,2460,pontuação
2026-02-03,904,17,1108,pontuação
2026-04-11,966,17,245,pontuação
2026-01-29,950,17,703,pontuação
2026-02-15,653,17,152,pontuação
2026-01-20,979,17,1857,pontuação
2026-03-17,902,17,1548,pontuação
2026-04-26,236,17,1047,pontuação
2026-01-11,9,17,1985,pontuação
2026-01-06,544,17,1385,pontuação
2026-02-06,45,17,1337,pontuação
2026-02-18,881,17,696,pontuação
2026-04-18,839,17,1894,pontuação
2026-05-02,8,17,1925,pontuação
2026-03-17,447,17,2262,pontuação
2026-01-20,574,17,1544,pontuação
2026-01-19,145,17,42,pontuação
2026-01-23,989,17,1623,pontuação
2026-01-14,215,17,1621,pontuação
2026-04-15,239,17,1785,pontuação
2026-03-17,182,17,2220,pontuação
2026-04-22,754,17,1866,pontuação
2026-03-25,454,17,652,pontuação
2026-01-25,863,17,858,pontuação
2026-04-20,878,17,1689,pontuação
2026-02-08,154,17,2277,pontuação
2026-04-19,122,17,1105,pontuação
2026-01-22,665,17,1241,pontuação
2026-01-01,948,17,506,pontuação
2026-01-12,851,17,2468,pontuação
2026-01-09,653,17,1622,pontuação
2026-03-28,342,17,1634,pontuação
2026-03-11,683,17,1873,pontuação
2026-03-05,785,17,1801,pontuação
2026-01-09,833,17,2066,pontuação
2026-01-22,466,17,2237,pontuação
2026-02-21,358,17,2413,pontuação
2026-01-05,632,17,1584,pontuação
2026-03-31,901,17,1189,pontuação
2026-01-29,634,17,1161,pontuação
2026-01-05,500,17,1048,pontuação
2026-03-20,494,17,816,pontuação
2026-04-24,263,17,1939,pontuação
2026-01-24,636,17,1658,pontuação
2026-01-07,21,17,1808,pontuação
2026-03-18,145,17,1810,pontuação
2026-04-12,524,17,1756,pontuação
2026-01-05,734,17,274,pontuação
2026-02-07,356,17,1449,pontuação
2026-04-18,973,17,744,pontuação
2026-04-11,771,17,2347,pontuação
2026-04-16,111,17,1176,pontuação
2026-03-18,293,17,1707,pontuação
2026-01-20,171,17,423,pontuação
2026-01-01,159,17,2306,pontuação
2026-01-10,720,17,1838,pontuação
2026-03-17,155,17,306,pontuação
2026-02-27,828,17,796,pontuação
2026-03-26,902,17,1361,pontuação
2026-04-21,20,17,9,pontuação
2026-03-17,345,17,2121,pontuação
2026-03-10,314,17,2037,pontuação
2026-05-02,703,17,2154,pontuação
2026-01-09,559,17,1282,pontuação
2026-04-19,43,17,1934,pontuação
2026-02-21,762,17,299,pontuação
2026-03-23,511,17,1698,pontuação
2026-03-17,964,17,890,pontuação
2026-04-02,7,17,780,pontuação
2026-01-04,506,17,16,pontuação
2026-03-18,243,17,43,pontuação
2026-02-17,665,17,2289,pontuação
2026-01-26,46,17,1243,pontuação
2026-02-10,46,17,1502,pontuação
2026-04-09,776,17,685,pontuação
2026-02-05,582,17,1398,pontuação
2026-04-20,674,17,843,pontuação
2026-03-12,497,17,856,pontuação
2026-01-17,76,17,962,pontuação
2026-05-01,108,17,1352,pontuação
2026-04-03,892,17,1842,pontuação
2026-01-08,486,17,1108,pontuação
2026-04-29,812,17,933,pontuação
2026-02-18,927,17,954,pontuação
2026-02-23,834,17,344,pontuação
2026-04-14,169,17,1336,pontuação
2026-03-28,174,17,1212,pontuação
2026-03-20,604,17,549,pontuação
2026-02-03,194,17,34,pontuação
2026-03-23,357,17,1908,pontuação
2026-04-23,899,17,1325,pontuação
2026-03-23,427,17,1868,pontuação
2026-01-13,19,17,1223,pontuação
2026-01-20,760,17,1385,pontuação
2026-02-17,725,17,349,pontuação
2026-02-21,690,17,1001,pontuação
2026-02-09,421,17,1631,pontuação
2026-03-24,994,17,1519,pontuação
2026-02-02,545,17,996,pontuação
2026-01-24,438,17,982,pontuação
2026-02-28,221,17,1434,pontuação
2026-05-05,317,17,1229,pontuação
2026-04-09,596,17,1793,pontuação
2026-04-23,733,42,1000,assinatura
2026-03-06,347,42,1000,assinatura
2026-05-03,12,42,1000,assinatura
2026-05-04,877,42,1000,assinatura
2026-02-02,669,42,1000,assinatura
2026-04-12,85,42,1000,assinatura
2026-04-11,979,42,1000,assinatura
2026-02-21,840,42,1000,assinatura
2026-03-11,652,42,1000,assinatura
2026-03-12,872,42,1000,assinatura
2026-04-05,349,42,1000,assinatura
2026-02-13,108,42,1000,assinatura
2026-02-14,1,42,1000,assinatura
2026-05-05,423,42,1000,assinatura
2026-02-06,897,42,1000,assinatura
2026-03-09,609,42,1000,assinatura
2026-03-21,513,42,1000,assinatura
2026-01-19,422,42,1000,assinatura
2026-04-26,595,42,1000,assinatura
2026-03-29,48,42,1000,assinatura
2026-04-05,454,42,1000,assinatura
2026-03-13,850,42,1000,assinatura
2026-03-12,904,42,1000,assinatura
2026-03-03,84,42,1000,assinatura
2026-01-18,386,42,1000,assinatura
2026-03-02,342,42,1000,assinatura
2026-02-27,321,42,1000,assinatura
2026-03-04,922,42,1000,assinatura
2026-03-27,339,42,1000,assinatura
2026-02-05,594,42,1000,assinatura
2026-03-06,232,42,1000,assinatura
2026-02-13,293,42,1000,assinatura
2026-04-17,105,42,1000,assinatura
2026-02-21,950,42,1000,assinatura
2026-03-02,350,42,1000,assinatura
2026-02-08,958,42,1000,assinatura
2026-03-27,854,42,1000,assinatura
2026-03-11,786,42,1000,assinatura
2026-03-08,895,42,1000,assinatura
2026-03-04,916,42,1000,assinatura
2026-02-27,831,42,1000,assinatura
2026-02-02,190,42,1000,assinatura
2026-04-04,189,42,1000,assinatura
2026-04-04,508,42,1000,assinatura
2026-04-28,648,42,1000,assinatura
2026-04-09,766,42,1000,assinatura
2026-02-18,535,42,1000,assinatura
2026-03-13,455,42,1000,assinatura
2026-02-13,556,42,1000,assinatura
2026-04-16,54,42,1000,assinatura
2026-01-12,74,42,1000,assinatura
2026-03-31,668,42,1000,assinatura
2026-03-13,121,42,1000,assinatura
2026-03-07,227,42,1000,assinatura
2026-04-10,837,42,1000,assinatura
2026-04-07,372,42,1000,assinatura
2026-03-02,954,42,1000,assinatura
2026-02-10,199,42,1000,assinatura
2026-04-28,335,42,1000,assinatura
2026-02-05,651,42,1000,assinatura
2026-01-23,476,42,1000,assinatura
2026-03-30,228,42,1000,assinatura
2026-01-20,844,42,1000,assinatura
2026-03-10,68,42,1000,assinatura
2026-02-27,211,42,1000,assinatura
2026-04-14,437,42,1000,assinatura
2026-01-02,43,42,1000,assinatura
2026-01-06,394,42,1000,assinatura
2026-01-19,803,42,1000,assinatura
2026-03-30,387,42,1000,assinatura
2026-02-05,728,42,1000,assinatura
2026-01-13,804,42,1000,assinatura
2026-04-06,731,42,1000,assinatura
2026-05-05,19,42,1000,assinatura
2026-03-22,141,42,1000,assinatura
2026-04-19,138,42,1000,assinatura
2026-03-02,705,42,1000,assinatura
2026-04-09,802,42,1000,assinatura
2026-02-08,891,42,1000,assinatura
2026-01-27,934,42,1000,assinatura
2026-03-29,873,42,1000,assinatura
2026-04-26,897,42,1000,assinatura
2026-03-09,509,42,1000,assinatura
2026-02-14,975,42,1000,assinatura
2026-01-26,231,42,1000,assinatura
2026-01-15,509,42,1000,assinatura
2026-05-05,441,42,1000,assinatura
2026-02-25,72,42,1000,assinatura
2026-03-11,101,42,1000,assinatura
2026-01-14,377,42,1000,assinatura
2026-04-08,694,42,1000,assinatura
2026-02-25,588,42,1000,assinatura
2026-03-08,155,42,1000,assinatura
2026-03-30,506,42,1000,assinatura
2026-01-05,392,42,1000,assinatura
2026-03-14,35,42,1000,assinatura
2026-05-05,196,42,1000,assinatura
2026-02-23,856,42,1000,assinatura
2026-02-25,229,42,1000,assinatura
2026-04-21,682,42,1000,assinatura
2026-03-04,854,42,1000,assinatura
2026-03-25,673,42,1000,assinatura
2026-02-03,170,42,1000,assinatura
2026-04-21,699,42,1000,assinatura
2026-03-28,425,42,1000,assinatura
2026-01-23,551,42,1000,assinatura
2026-01-19,781,42,1000,assinatura
2026-03-22,851,42,1000,assinatura
2026-03-10,298,42,1000,assinatura
2026-03-26,115,42,1000,assinatura
2026-04-09,257,42,1000,assinatura
2026-03-29,110,42,1000,assinatura
2026-04-12,816,42,1000,assinatura
2026-04-07,412,42,1000,assinatura
2026-02-08,557,42,1000,assinatura
2026-02-19,847,42,1000,assinatura
2026-02-16,955,42,1000,assinatura
2026-04-06,740,42,1000,assinatura
2026-02-13,43,42,1000,assinatura
2026-01-29,479,42,1000,assinatura
2026-03-26,920,42,1000,assinatura
2026-03-16,625,42,1000,assinatura
2026-01-09,693,42,1000,assinatura
2026-03-20,508,42,1000,assinatura
2026-01-12,582,42,1000,assinatura
2026-03-13,121,42,1000,assinatura
2026-03-15,239,42,1000,assinatura
2026-03-20,921,42,1000,assinatura
2026-04-18,723,42,1000,assinatura
2026-01-15,409,42,1000,assinatura
2026-01-08,580,42,1000,assinatura
2026-01-16,832,42,1000,assinatura
2026-02-17,218,42,1000,assinatura
2026-04-06,942,42,1000,assinatura
2026-05-03,414,42,1000,assinatura
2026-04-17,40,42,1000,assinatura
2026-03-08,587,42,1000,assinatura
2026-02-05,999,42,1000,assinatura
2026-03-08,325,42,1000,assinatura
2026-04-03,928,42,1000,assinatura
2026-02-01,870,42,1000,assinatura
2026-02-11,580,42,1000,assinatura
2026-03-01,498,42,1000,assinatura
2026-04-04,742,42,1000,assinatura
2026-03-31,372,42,1000,assinatura
2026-04-04,25,42,1000,assinatura
2026-02-21,814,42,1000,assinatura
2026-04-09,832,42,1000,assinatura
2026-03-15,664,42,1000,assinatura
2026-04-15,619,42,1000,assinatura
2026-02-14,333,42,1000,assinatura
2026-02-05,871,42,1000,assinatura
2026-04-22,131,42,1000,assinatura
2026-03-01,681,42,1000,assinatura
2026-02-25,80,42,1000,assinatura
2026-02-28,434,42,1000,assinatura
2026-03-22,499,42,1000,assinatura
2026-04-28,357,42,1000,assinatura
2026-03-20,595,42,1000,assinatura
2026-01-20,545,42,1000,assinatura
2026-05-03,26,42,1000,assinatura
2026-04-07,385,42,1000,assinatura
2026-03-03,935,42,1000,assinatura
2026-01-19,1000,42,1000,assinatura
2026-05-05,447,42,1000,assinatura
2026-03-29,596,42,1000,assinatura
2026-01-05,686,42,1000,assinatura
2026-04-25,298,42,1000,assinatura
2026-04-10,357,42,1000,assinatura
2026-04-22,840,42,1000,assinatura
2026-02-20,69,42,1000,assinatura
2026-02-10,27,42,1000,assinatura
2026-04-16,442,42,1000,assinatura
2026-03-08,270,42,1000,assinatura
2026-03-22,409,42,1000,assinatura
2026-02-25,395,42,1000,assinatura
2026-02-17,844,42,1000,assinatura
2026-03-07,684,42,1000,assinatura
2026-02-17,78,42,1000,assinatura
2026-04-02,416,42,1000,assinatura
2026-03-07,14,42,1000,assinatura
2026-04-05,712,42,1000,assinatura
2026-02-05,520,42,1000,assinatura
2026-03-03,925,42,1000,assinatura
2026-04-09,570,42,1000,assinatura
2026-01-06,138,42,1000,assinatura
2026-03-04,121,42,1000,assinatura
2026-04-26,210,42,1000,assinatura
2026-03-20,89,42,1000,assinatura
2026-01-25,617,42,1000,assinatura
2026-03-14,487,42,1000,assinatura
2026-02-27,553,42,1000,assinatura
2026-02-19,207,42,1000,assinatura
2026-02-04,344,42,1000,assinatura
2026-04-21,175,42,1000,assinatura
2026-01-10,378,42,1000,assinatura
2026-01-20,132,42,1000,assinatura
2026-01-21,983,42,1000,assinatura
2026-02-06,33,42,1000,assinatura
2026-04-08,23,42,1000,assinatura
2026-03-25,451,42,1000,assinatura
2026-01-01,316,42,1000,assinatura
2026-04-01,81,42,1000,assinatura
2026-01-08,383,42,1000,assinatura
2026-03-14,141,42,1000,assinatura
2026-04-23,610,42,1000,assinatura
2026-01-07,308,42,1000,assinatura
2026-03-03,789,42,1000,assinatura
2026-04-21,776,42,1000,assinatura
2026-03-31,671,42,1000,assinatura
2026-01-14,849,42,1000,assinatura
2026-01-05,532,42,1000,assinatura
2026-03-26,273,42,1000,assinatura
2026-01-30,921,42,1000,assinatura
2026-04-23,748,42,1000,assinatura
2026-04-24,386,42,1000,assinatura
2026-03-10,928,42,1000,assinatura
2026-01-21,571,42,1000,assinatura
2026-02-17,921,42,1000,assinatura
2026-04-28,327,42,1000,assinatura
2026-03-16,116,42,1000,assinatura
2026-01-05,196,42,1000,assinatura
2026-01-12,986,42,1000,assinatura
2026-02-26,396,42,1000,assinatura
2026-01-18,794,42,1000,assinatura
2026-03-30,553,42,1000,assinatura
2026-02-18,357,42,1000,assinatura
2026-04-05,331,42,1000,assinatura
2026-03-05,868,42,1000,assinatura
2026-04-07,487,42,1000,assinatura
2026-01-21,360,42,1000,assinatura
2026-01-03,136,42,1000,assinatura
2026-03-22,532,42,1000,assinatura
2026-03-18,179,42,1000,assinatura
2026-01-07,143,42,1000,assinatura
2026-02-19,262,42,1000,assinatura
2026-04-02,967,42,1000,assinatura
2026-01-20,777,42,1000,assinatura
2026-01-19,886,42,1000,assinatura
2026-03-08,415,42,1000,assinatura
2026-05-04,127,42,1000,assinatura
2026-04-07,659,42,1000,assinatura
2026-04-25,85,42,1000,assinatura
2026-03-21,325,42,1000,assinatura
2026-01-29,914,42,1000,assinatura
2026-04-11,196,42,1000,assinatura
2026-02-23,754,42,1000,assinatura
2026-03-03,989,42,1000,assinatura
2026-02-01,742,42,1000,assinatura
2026-02-22,907,42,1000,assinatura
2026-03-24,989,42,1000,assinatura
2026-02-11,998,42,1000,assinatura
2026-04-24,321,42,1000,assinatura
2026-02-08,318,42,1000,assinatura
2026-04-05,680,42,1000,assinatura
2026-03-31,565,42,1000,assinatura
2026-02-13,537,42,1000,assinatura
2026-04-22,670,42,1000,assinatura
2026-04-11,93,42,1000,assinatura
2026-04-28,785,42,1000,assinatura
2026-01-11,459,42,1000,assinatura
2026-01-23,866,42,1000,assinatura
2026-01-31,712,42,1000,assinatura
2026-03-02,476,42,1000,assinatura
2026-03-06,820,43,1000,compra pontos
2026-03-05,686,43,4000,compra pontos
2026-01-04,947,43,2000,compra pontos
2026-01-09,656,43,5000,compra pontos
2026-05-04,816,43,4000,compra pontos
2026-03-11,358,43,4000,compra pontos
2026-02-24,309,43,4000,compra pontos
2026-04-22,383,43,4000,compra pontos
2026-04-11,701,43,3000,compra pontos
2026-01-08,24,43,5000,compra pontos
2026-04-15,209,43,2000,compra pontos
2026-02-28,162,43,2000,compra pontos
2026-01-31,437,43,2000,compra pontos
2026-03-18,505,43,4000,compra pontos
2026-04-09,778,43,5000,compra pontos
2026-01-14,624,43,3000,compra pontos
2026-02-21,630,43,2000,compra pontos
2026-03-10,49,43,4000,compra pontos
2026-03-05,58,43,4000,compra pontos
2026-04-28,482,43,4000,compra pontos
2026-03-30,69,43,2000,compra pontos
2026-01-14,407,43,4000,compra pontos
2026-01-23,397,43,5000,compra pontos
2026-04-08,67,43,3000,compra pontos
2026-03-19,463,43,1000,compra pontos
2026-01-15,678,43,2000,compra pontos
2026-03-12,178,43,4000,compra pontos
2026-04-07,867,43,5000,compra pontos
2026-01-08,376,43,4000,compra pontos
2026-03-08,849,43,2000,compra pontos
2026-01-20,816,43,3000,compra pontos
2026-04-17,590,43,1000,compra pontos
2026-03-03,954,43,4000,compra pontos
2026-02-10,851,43,4000,compra pontos
2026-01-22,530,43,5000,compra pontos
2026-04-15,235,43,3000,compra pontos
2026-05-05,746,43,3000,compra pontos
2026-03-20,247,43,2000,compra pontos
2026-01-24,562,43,1000,compra pontos
2026-02-26,533,43,5000,compra pontos
2026-04-12,825,43,1000,compra pontos
2026-02-06,401,43,1000,compra pontos
2026-01-29,359,43,4000,compra pontos
2026-03-07,898,43,4000,compra pontos
2026-01-03,461,43,5000,compra pontos
2026-02-24,46,43,5000,compra pontos
2026-01-10,728,43,1000,compra pontos
2026-04-01,757,43,4000,compra pontos
2026-04-12,785,43,1000,compra pontos
2026-01-22,745,43,5000,compra pontos
2026-01-06,146,43,4000,compra pontos
2026-05-02,662,43,3000,compra pontos
2026-01-15,246,43,1000,compra pontos
2026-01-17,618,43,1000,compra pontos
2026-02-01,179,43,1000,compra pontos
2026-03-28,165,43,2000,compra pontos
2026-03-21,178,43,5000,compra pontos
2026-01-17,69,43,5000,compra pontos
2026-04-23,471,43,5000,compra pontos
2026-02-22,788,43,3000,compra pontos
2026-04-08,467,43,4000,compra pontos
2026-01-09,973,43,5000,compra pontos
2026-03-20,863,43,4000,compra pontos
2026-03-07,782,43,4000,compra pontos
2026-03-25,115,43,5000,compra pontos
2026-04-19,938,43,1000,compra pontos
2026-04-18,975,43,1000,compra pontos
2026-03-09,551,43,2000,compra pontos
2026-01-28,502,43,1000,compra pontos
2026-01-14,806,43,5000,compra pontos
2026-02-08,49,43,5000,compra pontos
2026-04-18,790,43,5000,compra pontos
2026-01-15,270,43,4000,compra pontos
2026-01-11,499,43,1000,compra pontos
2026-03-10,897,43,5000,compra pontos
2026-01-22,387,43,2000,compra pontos
2026-04-07,51,43,3000,compra pontos
2026-05-04,715,43,1000,compra pontos
2026-02-03,588,43,1000,compra pontos
2026-04-27,101,43,4000,compra pontos
2026-03-06,711,43,2000,compra pontos
2026-03-24,712,43,2000,compra pontos
2026-04-29,884,43,4000,compra pontos
2026-03-29,868,43,4000,compra pontos
2026-03-30,397,43,4000,compra pontos
2026-01-29,617,43,1000,compra pontos
2026-03-28,507,43,1000,compra pontos
2026-04-07,348,43,5000,compra pontos
2026-01-04,416,43,4000,compra pontos
2026-02-22,282,43,5000,compra pontos
2026-02-05,28,43,1000,compra pontos
2026-01-12,983,43,4000,compra pontos
2026-01-04,911,43,5000,compra pontos
2026-01-09,672,43,2000,compra pontos
2026-04-19,545,43,2000,compra pontos
2026-03-30,400,43,3000,compra pontos
2026-03-25,379,43,5000,compra pontos
2026-03-24,211,43,1000,compra pontos
2026-03-13,349,43,5000,compra pontos
2026-02-13,480,43,4000,compra pontos
2026-01-01,285,43,4000,compra pontos
2026-01-25,260,43,3000,compra pontos
2026-03-08,444,43,4000,compra pontos
2026-04-24,772,43,5000,compra pontos
2026-04-23,436,43,2000,compra pontos
2026-04-21,156,43,4000,compra pontos
2026-02-28,165,43,4000,compra pontos
2026-04-03,244,43,4000,compra pontos
2026-03-02,304,43,1000,compra pontos
2026-02-18,822,43,1000,compra pontos
2026-01-24,80,43,1000,compra pontos
2026-03-24,530,43,4000,compra pontos
2026-01-25,214,43,3000,compra pontos
2026-02-18,8,48,-23000,troca
2026-02-18,72,47,-33000,troca
2026-02-07,952,47,-15000,troca
2026-01-23,133,46,-38000,troca
2026-02-05,606,45,-23000,troca
2026-04-17,770,47,-24000,troca
2026-03-29,574,48,-36000,troca
2026-03-02,845,48,-12000,troca
2026-03-24,382,44,-16000,troca
2026-01-16,474,48,-34000,troca
2026-01-26,500,44,-20000,troca
2026-03-09,431,45,-23000,troca
2026-05-02,622,44,-7000,troca
2026-01-21,343,47,-24000,troca
2026-04-09,389,48,-28000,troca
2026-03-17,340,44,-21000,troca
2026-04-05,928,47,-27000,troca
2026-02-22,893,48,-23000,troca
2026-01-30,931,47,-34000,troca
2026-04-26,773,46,-32000,troca
2026-05-04,358,46,-29000,troca
2026-04-13,787,44,-32000,troca
2026-01-27,644,44,-34000,troca
2026-01-25,770,47,-13000,troca
2026-01-08,650,46,-40000,troca
2026-01-18,485,48,-26000,troca
2026-02-14,857,46,-16000,troca
2026-01-13,182,48,-24000,troca
2026-05-05,57,45,-21000,troca
2026-04-06,575,44,-32000,troca
2026-01-18,253,46,-19000,troca
2026-03-27,640,48,-23000,troca
2026-01-15,653,48,-33000,troca
2026-01-15,505,45,-40000,troca
2026-01-02,614,44,-13000,troca
2026-02-16,766,44,-17000,troca
2026-02-07,604,44,-36000,troca
2026-03-30,996,45,-28000,troca
2026-04-09,745,47,-14000,troca
2026-01-15,113,45,-10000,troca
2026-03-04,999,46,-13000,troca
2026-04-03,643,48,-17000,troca
2026-04-15,637,47,-23000,troca
2026-04-11,748,46,-33000,troca
2026-04-12,330,46,-26000,troca
2026-03-28,60,48,-27000,troca
2026-04-24,74,45,-14000,troca
2026-01-27,970,48,-31000,troca
2026-04-11,590,48,-10000,troca
2026-04-23,469,44,-28000,troca
2026-04-10,792,45,-7000,troca
2026-02-13,388,47,-32000,troca
2026-01-26,272,48,-27000,troca
2026-05-05,832,45,-36000,troca
2026-01-20,226,44,-10000,troca
2026-04-18,449,48,-17000,troca
2026-02-03,260,48,-13000,troca
2026-04-12,417,45,-15000,troca
2026-05-04,655,44,-24000,troca
2026-04-19,593,48,-13000,troca
2026-02-22,703,45,-16000,troca
2026-03-03,256,47,-35000,troca
2026-01-22,227,47,-36000,troca
2026-04-04,366,45,-32000,troca
2026-03-29,505,44,-9000,troca
2026-04-16,35,47,-25000,troca
2026-03-08,979,48,-20000,troca
2026-02-20,211,48,-28000,troca
2026-03-31,974,46,-14000,troca
2026-01-23,818,48,-37000,troca
2026-03-06,437,44,-30000,troca
2026-01-09,158,48,-12000,troca
2026-03-08,514,47,-38000,troca
2026-03-03,450,45,-34000,troca
2026-02-24,828,44,-32000,troca
2026-01-04,291,47,-23000,troca
2026-04-15,974,46,-7000,troca
2026-03-25,609,46,-7000,troca
2026-04-20,215,46,-21000,troca
2026-02-09,735,46,-28000,troca
2026-02-12,438,46,-27000,troca
2026-04-19,252,46,-22000,troca
2026-01-30,127,46,-7000,troca
2026-02-05,822,46,-18000,troca
2026-01-20,750,46,-20000,troca
2026-03-30,649,46,-8000,troca
2026-01-05,349,46,-19000,troca
2026-04-09,304,46,-29000,troca
2026-01-15,73,46,-39000,troca
2026-03-16,265,46,-20000,troca
2026-04-08,613,46,-24000,troca
2026-01-07,727,46,-35000,troca
2026-04-11,105,46,-20000,troca
2026-01-17,527,46,-25000,troca
2026-03-12,834,46,-30000,troca
2026-01-24,538,46,-40000,troca
2026-01-03,375,46,-14000,troca
2026-04-25,893,46,-21000,troca
2026-03-21,417,46,-10000,troca
2026-01-24,129,46,-17000,troca
2026-01-03,202,46,-15000,troca
2026-03-25,702,46,-13000,troca
2026-02-13,887,46,-37000,troca
2026-02-19,749,46,-38000,troca
2026-03-13,485,46,-32000,troca
2026-02-04,22,46,-26000,troca
2026-04-07,781,46,-27000,troca
2026-02-26,156,46,-36000,troca
2026-02-25,494,46,-27000,troca
2026-03-23,49,46,-25000,troca
2026-01-28,293,46,-10000,troca
2026-03-04,958,46,-22000,troca
2026-02-19,200,46,-39000,troca
2026-04-14,668,46,-36000,troca
2026-03-20,634,46,-34000,troca
2026-02-28,804,46,-27000,troca
2026-05-02,523,46,-29000,troca
2026-03-11,470,46,-22000,troca
2026-03-01,462,46,-38000,troca
2026-02-28,999,46,-14000,troca
2026-05-04,46,46,-29000,troca
2026-03-14,827,46,-32000,troca
2026-03-25,20,46,-14000,troca
2026-04-05,635,46,-24000,troca
2026-02-09,385,46,-16000,troca
2026-03-29,673,46,-12000,troca
2026-04-25,793,46,-17000,troca
2026-01-12,59,46,-32000,troca
2026-01-21,406,46,-19000,troca
2026-01-16,250,46,-28000,troca
2026-01-09,625,46,-27000,troca
2026-01-15,322,46,-31000,troca
2026-03-13,923,46,-25000,troca
2026-04-13,422,46,-24000,troca
2026-04-04,220,46,-35000,troca
2026-01-22,298,46,-22000,troca
2026-01-15,343,46,-22000,troca
2026-01-26,84,46,-13000,troca
2026-01-15,870,46,-17000,troca
2026-04-19,310,46,-25000,troca
2026-02-09,934,46,-24000,troca
2026-01-24,871,46,-17000,troca
2026-03-14,58,46,-10000,troca
2026-01-03,434,46,-27000,troca
2026-01-29,86,46,-39000,troca
2026-02-24,591,46,-16000,troca
2026-02-22,338,46,-37000,troca
2026-03-27,123,46,-16000,troca
2026-01-05,952,46,-7000,troca
2026-03-04,789,46,-33000,troca
2026-01-16,488,46,-37000,troca
2026-03-23,454,46,-15000,troca
2026-01-24,313,46,-26000,troca
2026-01-16,407,46,-18000,troca
2026-01-18,491,46,-19000,troca
2026-01-16,68,46,-36000,troca
2026-05-05,407,46,-16000,troca
2026-03-30,774,46,-39000,troca
2026-03-10,331,46,-9000,troca
2026-02-21,833,46,-17000,troca
2026-04-19,689,46,-40000,troca
2026-04-23,43,46,-23000,troca
2026-03-27,945,46,-38000,troca
2026-01-03,381,46,-30000,troca
2026-04-01,205,46,-30000,troca
2026-03-14,778,46,-13000,troca
2026-03-05,934,46,-30000,troca
2026-04-16,906,46,-39000,troca
2026-01-15,319,46,-35000,troca
2026-03-06,580,46,-26000,troca
2026-03-29,766,46,-27000,troca
2026-02-15,54,46,-19000,troca
2026-04-12,33,46,-34000,troca
2026-03-19,535,46,-11000,troca
2026-02-03,320,46,-35000,troca
2026-05-02,294,46,-29000,troca
2026-02-27,41,46,-30000,troca
2026-01-28,783,46,-27000,troca
2026-01-29,545,46,-30000,troca
2026-02-15,893,46,-35000,troca
2026-04-01,939,46,-35000,troca
2026-03-09,709,46,-7000,troca
2026-03-08,930,46,-32000,troca
2026-02-17,526,46,-25000,troca
2026-02-09,747,46,-39000,troca
2026-02-23,65,46,-26000,troca
2026-02-14,229,46,-32000,troca
2026-03-30,552,46,-31000,troca
2026-03-31,993,46,-23000,troca
2026-03-18,866,46,-8000,troca
2026-04-06,603,46,-23000,troca
2026-04-07,247,46,-8000,troca
2026-01-25,142,46,-31000,troca
2026-03-22,34,46,-19000,troca
2026-04-17,947,46,-10000,troca
2026-02-15,577,46,-23000,troca
2026-01-16,70,46,-28000,troca
2026-03-02,576,46,-11000,troca
2026-02-02,627,46,-32000,troca
2026-04-19,665,46,-38000,troca
2026-05-02,628,46,-24000,troca
2026-04-13,561,46,-29000,troca
2026-02-26,330,46,-33000,troca
2026-02-16,727,46,-27000,troca
2026-03-24,63,46,-32000,troca
2026-01-25,254,46,-15000,troca
2026-01-26,996,46,-12000,troca
